300 30000 50000
0 1 1 597
0 64 127 967
0 83 53 351
0 131 16 516
0 48 1 747
0 105 158 170
0 233 243 903
0 156 345 807
0 44 500 153
0 36 172 348
0 48 1 765
0 66 448 632
0 170 494 68
0 75 1 596
0 50 181 455
0 136 1 652
0 227 385 36
0 38 93 894
0 288 397 773
0 249 193 1000
0 70 206 428
0 259 264 594
0 233 89 449
0 294 200 31
0 182 391 350
0 1 271 842
0 26 371 77
0 21 500 221
0 237 239 966
0 79 500 342
0 101 201 1000
0 2 314 769
0 142 482 537
0 145 193 377
0 273 263 336
0 230 73 348
0 152 498 360
0 86 227 72
0 205 191 428
0 231 247 325
0 248 344 476
0 196 500 183
0 115 142 1000
0 242 379 800
0 50 40 445
0 291 379 202
0 231 373 96
0 154 154 764
0 50 382 112
0 60 99 442
0 282 135 866
0 269 283 597
0 209 386 1
0 170 1 672
0 58 118 645
0 280 203 801
0 245 235 794
0 207 364 297
0 165 462 470
0 141 271 279
0 201 338 871
0 173 180 301
0 241 201 133
0 83 382 98
0 297 438 385
0 127 194 823
0 193 48 866
0 292 363 492
0 280 349 644
0 231 321 450
0 236 427 261
0 8 1 897
0 176 274 858
0 130 248 772
0 39 223 69
0 155 1 815
0 66 414 444
0 154 274 1
0 103 123 1000
0 37 299 943
0 275 158 523
0 214 500 292
0 220 302 226
0 38 238 1000
0 24 467 1
0 140 377 1
0 214 211 859
0 160 116 221
0 242 1 555
0 207 83 777
0 32 102 1000
0 212 115 229
0 173 449 472
0 277 461 627
0 159 391 584
0 272 450 524
0 152 73 1000
0 91 206 942
0 102 235 1000
0 290 418 614
0 20 354 241
0 269 333 153
0 291 388 1
0 246 174 141
1 2 10 187
1 162 56 655
1 174 288 733
1 190 416 744
1 145 356 1
1 244 124 158
1 13 500 430
1 152 76 821
1 177 349 222
1 24 385 174
1 122 426 68
1 265 85 844
1 144 500 243
1 187 213 771
1 187 470 396
1 184 434 204
1 219 492 75
1 236 298 756
1 221 473 298
1 65 1 780
1 298 139 618
1 274 155 654
1 296 1 821
1 15 378 672
1 172 188 453
1 91 500 352
1 106 371 561
1 134 215 735
1 29 237 478
1 188 38 831
1 205 292 685
1 184 497 479
1 157 71 614
1 135 500 293
1 220 335 160
1 143 500 271
1 73 284 1
1 275 456 68
1 277 172 971
1 152 1 902
1 168 376 703
1 239 485 595
1 9 237 366
1 29 402 212
1 50 403 425
1 180 41 534
1 146 178 734
1 275 500 253
1 282 432 382
1 259 347 1
1 129 169 780
1 154 79 523
1 243 161 646
1 20 392 674
1 233 330 330
1 243 94 702
1 119 313 849
1 76 178 524
1 247 346 86
1 214 360 1
1 162 179 1000
1 11 104 955
1 12 377 289
1 298 429 427
1 191 378 1
1 114 1 664
1 21 500 123
1 244 424 423
1 298 207 153
1 282 1 821
1 286 180 901
1 263 225 784
1 168 145 220
1 282 1 615
1 297 1 957
1 118 362 109
1 54 150 952
1 230 34 546
1 213 1 594
1 224 84 704
1 210 486 520
1 82 57 711
1 79 124 1000
1 124 234 803
1 280 46 353
1 95 500 480
1 164 64 483
1 289 500 558
1 36 418 1
1 177 479 617
1 23 1 688
1 49 81 878
1 3 148 687
1 0 232 902
1 17 500 329
1 7 380 831
2 3 4 287
2 260 206 974
2 223 375 830
2 246 241 928
2 222 500 325
2 178 229 929
2 61 115 750
2 283 244 1
2 173 189 32
2 37 388 319
2 274 467 227
2 64 190 1000
2 23 494 66
2 18 254 566
2 138 279 242
2 74 37 355
2 275 213 1000
2 50 243 298
2 69 178 137
2 45 366 159
2 157 152 1000
2 248 376 685
2 171 109 1000
2 102 145 142
2 64 182 296
2 173 500 151
2 227 135 201
2 220 136 1000
2 23 220 531
2 268 457 516
2 286 386 160
2 178 260 585
2 145 267 740
2 93 4 527
2 282 197 988
2 64 224 174
2 126 303 223
2 285 37 661
2 81 1 592
2 89 353 60
2 35 409 117
2 198 429 504
2 105 247 621
2 79 113 442
2 128 180 1000
2 63 151 927
2 79 231 1000
2 299 179 258
2 198 305 1
2 224 232 341
2 239 71 831
2 49 96 872
2 186 63 868
2 173 141 883
2 37 218 704
2 243 259 387
2 68 500 333
2 230 318 874
2 42 1 895
2 137 500 310
2 173 432 194
2 32 134 541
2 248 396 274
2 112 179 717
2 42 1 728
2 186 112 1000
2 106 246 726
2 291 1 412
2 228 110 616
2 194 398 755
2 15 342 512
2 237 462 156
2 7 362 1
2 10 164 234
2 20 33 756
2 252 185 237
2 225 339 521
2 187 104 1000
2 235 313 531
2 158 335 291
2 258 202 309
2 111 500 575
2 215 397 749
2 19 418 689
2 250 73 1000
2 83 1 973
2 94 201 833
2 194 500 472
2 97 217 109
2 4 280 1
2 135 1 430
2 98 183 581
2 242 314 645
2 228 163 1000
2 9 217 768
2 271 216 1000
2 74 141 1000
2 221 136 1000
3 4 2 605
3 229 129 360
3 195 90 788
3 282 222 339
3 220 500 467
3 51 224 496
3 104 456 401
3 103 490 126
3 277 105 1000
3 179 500 258
3 147 500 90
3 281 287 221
3 291 22 396
3 287 161 1000
3 206 202 309
3 263 139 1000
3 260 500 47
3 74 452 615
3 140 500 272
3 159 167 557
3 288 373 1
3 259 215 830
3 255 120 673
3 154 352 796
3 132 401 564
3 47 421 707
3 112 222 1000
3 249 110 983
3 219 161 779
3 100 166 190
3 144 16 996
3 268 1 719
3 262 246 217
3 258 428 739
3 121 167 1000
3 247 237 902
3 26 200 1000
3 295 500 117
3 263 24 967
3 105 154 295
3 149 1 871
3 274 252 238
3 64 337 763
3 282 15 923
3 200 296 155
3 68 72 432
3 292 180 424
3 257 324 59
3 111 163 1000
3 225 476 1
3 293 80 1000
3 227 463 524
3 70 240 388
3 52 500 320
3 261 160 921
3 96 500 484
3 180 500 329
3 79 500 307
3 90 296 538
3 166 500 299
3 165 389 1
3 48 198 749
3 67 265 625
3 202 486 153
3 171 108 1000
3 91 202 726
3 227 458 10
3 13 1 632
3 186 387 795
3 295 119 258
3 213 1 785
3 275 49 1000
3 257 54 721
3 291 133 512
3 72 193 1000
3 23 98 812
3 99 1 882
3 227 1 658
3 55 460 257
3 71 372 123
3 77 17 483
3 198 387 1
3 69 4 470
3 19 1 637
3 211 172 808
3 107 500 228
3 126 230 1000
3 117 4 511
3 182 77 785
3 23 330 1
3 190 283 851
3 39 500 427
3 15 488 22
3 68 230 1000
3 204 500 318
3 147 299 957
3 150 500 452
4 5 7 293
4 106 1 514
4 145 266 443
4 252 14 659
4 270 210 943
4 198 466 275
4 141 382 1
4 236 341 1
4 39 238 449
4 59 316 1
4 3 338 1
4 62 350 1
4 81 229 903
4 228 500 335
4 247 221 118
4 80 173 422
4 204 500 245
4 251 500 487
4 143 201 1000
4 123 2 521
4 75 171 384
4 59 43 414
4 67 289 1
4 110 280 197
4 107 90 647
4 267 398 146
4 161 349 55
4 168 298 36
4 239 317 1
4 94 139 1000
4 27 227 1
4 74 500 435
4 270 405 550
4 154 313 673
4 192 209 1
4 141 153 1000
4 87 257 719
4 51 285 1
4 110 86 1000
4 127 72 564
4 294 293 233
4 234 314 656
4 90 431 140
4 79 290 995
4 262 322 237
4 247 429 688
4 65 296 769
4 203 41 345
4 155 367 541
4 205 177 205
4 96 169 1000
4 156 500 200
4 164 500 336
4 130 148 1000
4 48 355 114
4 168 422 1
4 120 296 420
4 289 222 1000
4 196 301 120
4 252 59 1000
4 85 444 353
4 76 500 268
4 292 500 271
4 201 69 674
4 181 1 836
4 200 93 463
4 296 1 831
4 127 51 1000
4 288 468 213
4 127 144 1000
4 278 1 703
4 245 76 267
4 205 188 378
4 62 338 618
4 282 1 721
4 227 42 882
4 93 401 2
4 116 113 696
4 245 33 831
4 185 1 465
4 75 482 504
4 175 419 102
4 1 351 548
4 10 123 365
4 235 166 239
4 169 349 633
4 98 476 1
4 259 414 339
4 32 500 317
4 79 343 437
4 156 368 1
4 131 103 232
5 6 15 567
5 167 228 624
5 124 350 549
5 228 229 373
5 109 444 16
5 247 500 295
5 49 233 430
5 4 47 527
5 104 166 727
5 150 500 406
5 88 1 835
5 16 374 380
5 147 1 659
5 230 500 200
5 120 369 774
5 249 330 519
5 126 277 684
5 217 249 292
5 252 64 1000
5 287 500 336
5 200 110 455
5 141 91 1000
5 255 51 416
5 221 429 681
5 120 1 647
5 17 48 838
5 94 465 341
5 239 377 685
5 71 402 1
5 97 74 680
5 211 284 112
5 292 383 1
5 126 210 195
5 137 380 304
5 98 277 783
5 196 302 267
5 33 250 804
5 152 79 659
5 237 177 133
5 188 500 514
5 132 135 165
5 62 279 276
5 177 407 72
5 205 366 225
5 76 151 431
5 40 24 509
5 251 148 1000
5 85 500 237
5 205 21 926
5 252 211 1000
5 291 211 945
5 86 270 176
5 167 333 1
5 76 281 593
5 258 160 386
5 278 1 767
5 165 363 308
5 9 119 816
5 7 500 157
5 285 271 263
5 210 1 672
5 74 29 680
5 136 489 545
5 284 445 1
5 192 66 503
5 149 500 63
5 151 166 140
5 118 222 499
5 33 321 335
5 140 192 1000
5 299 368 160
5 176 1 848
5 252 125 377
5 11 87 433
5 211 225 497
5 264 313 52
5 200 348 540
5 71 192 183
5 30 112 1000
5 227 364 185
5 80 279 1000
5 215 142 414
5 169 246 4
5 115 36 374
5 83 283 659
5 175 385 443
5 272 1 608
5 169 239 837
5 299 294 833
5 32 284 1
5 129 153 868
5 66 174 1000
5 237 245 709
5 138 7 941
5 48 316 62
5 281 98 889
5 229 28 483
5 4 237 350
5 191 399 475
5 267 231 152
5 106 327 756
5 49 500 185
5 206 1 666
5 144 309 438
5 278 155 200
5 269 406 305
5 120 500 535
5 299 109 454
5 75 396 218
5 159 268 922
5 120 216 102
6 7 15 573
6 27 404 726
6 237 325 5
6 268 186 616
6 26 191 377
6 152 1 814
6 26 469 633
6 240 259 924
6 127 309 677
6 223 500 339
6 4 452 189
6 47 500 282
6 269 1 942
6 121 205 370
6 220 32 495
6 191 280 538
6 216 98 672
6 58 162 659
6 168 120 702
6 239 500 306
6 95 1 698
6 113 183 214
6 284 113 237
6 98 333 544
6 299 1 498
6 12 204 894
6 21 398 36
6 163 18 570
6 5 299 133
6 202 375 450
6 215 1 591
6 165 500 412
6 128 283 525
6 83 300 852
6 54 192 900
6 75 500 343
6 94 1 683
6 180 148 399
6 163 500 286
6 79 387 1
6 19 326 705
6 288 500 353
6 48 65 946
6 128 288 206
6 295 239 1000
6 236 309 425
6 58 49 508
6 148 309 118
6 184 166 768
6 226 334 155
6 194 1 944
6 240 366 1
6 97 425 95
6 174 165 1000
6 247 315 1
6 298 307 352
6 48 213 1
6 169 168 223
6 293 198 523
6 0 44 648
6 274 43 724
6 195 43 612
6 44 342 783
6 208 206 236
6 56 418 119
6 148 121 716
6 9 296 993
6 216 31 621
6 184 290 902
6 55 199 877
6 31 486 47
6 263 306 897
6 11 298 597
6 121 379 435
6 235 281 406
6 42 283 668
6 98 292 8
6 146 166 1000
6 67 275 378
6 277 340 392
6 234 156 432
6 88 67 433
6 184 239 902
6 59 122 778
6 85 2 479
6 182 265 273
6 188 238 1
6 248 47 317
6 89 456 269
6 100 244 1000
6 58 211 504
6 281 186 396
6 243 242 389
6 141 58 344
6 49 26 877
6 284 368 1
6 44 351 739
6 284 465 142
6 157 348 339
6 253 51 463
6 26 351 852
6 184 454 445
6 94 164 482
6 22 491 402
6 135 276 132
6 3 85 357
6 257 318 686
6 38 176 471
6 55 174 569
6 104 420 1
6 84 156 1000
7 8 4 233
7 135 455 1
7 177 131 812
7 276 500 258
7 200 172 1000
7 105 124 835
7 55 230 287
7 253 130 863
7 202 269 927
7 66 17 592
7 273 237 977
7 34 1 821
7 260 261 322
7 161 82 629
7 280 69 857
7 258 315 433
7 61 99 1000
7 193 1 838
7 8 1 727
7 234 41 380
7 9 454 314
7 155 1 857
7 108 342 1
7 205 10 584
7 173 309 284
7 160 458 381
7 122 135 626
7 278 360 26
7 207 473 372
7 145 500 483
7 52 140 1000
7 84 211 901
7 111 138 1000
7 83 285 1
7 212 500 364
7 136 367 76
7 152 170 548
7 13 8 808
7 100 237 362
7 46 415 499
7 4 1 484
7 252 185 1000
7 270 500 72
7 16 77 388
7 128 160 937
7 43 163 919
7 76 398 774
7 81 4 763
7 232 124 521
7 105 482 550
7 143 194 396
7 210 413 1
7 186 28 483
7 110 121 258
7 248 490 87
7 236 40 448
7 292 500 333
7 41 21 587
7 98 300 962
7 19 425 110
7 298 376 1
7 57 278 186
7 231 140 169
7 51 1 636
7 100 145 462
7 32 112 352
7 205 124 755
7 73 346 905
7 14 107 829
7 219 1 601
7 153 1 681
7 130 359 759
7 136 259 500
7 233 41 980
7 30 377 609
7 102 149 469
7 209 352 1
7 80 82 612
7 152 175 901
7 79 367 605
7 281 208 993
7 60 215 1000
7 280 221 746
7 161 186 805
7 44 329 1
7 133 425 213
7 109 57 466
7 265 159 896
7 194 100 655
7 184 472 467
7 40 500 361
7 32 88 588
7 286 284 774
7 293 207 534
7 186 86 862
7 190 127 483
7 94 1 935
7 217 244 1000
7 47 52 684
7 5 377 344
7 94 213 101
7 158 310 191
7 245 163 1000
7 39 500 192
7 193 122 1000
7 40 259 1000
7 134 271 742
7 141 327 398
8 9 14 578
8 190 425 513
8 60 1 949
8 263 30 738
8 125 371 356
8 28 154 745
8 47 476 646
8 81 500 244
8 61 500 411
8 183 237 1000
8 109 176 931
8 203 329 1
8 187 427 502
8 109 1 896
8 77 247 420
8 69 383 745
8 172 1 830
8 230 340 256
8 133 222 925
8 182 69 477
8 49 1 585
8 68 367 481
8 148 318 40
8 0 217 492
8 134 413 334
8 31 1 587
8 42 229 758
8 38 1 964
8 94 490 424
8 293 276 987
8 41 266 830
8 223 1 863
8 119 91 573
8 133 500 344
8 72 333 5
8 254 478 125
8 171 347 92
8 117 418 222
8 253 8 472
8 108 390 126
8 152 326 108
8 127 1 632
8 284 131 494
8 162 245 86
8 63 174 688
8 182 108 303
8 257 153 288
8 116 178 669
8 180 23 517
8 97 190 873
8 110 1 645
8 125 500 375
8 282 152 861
8 48 318 1
8 43 353 17
8 182 1 518
8 189 7 426
8 280 324 1
8 63 241 897
8 36 147 1000
8 213 356 53
8 143 135 886
8 76 131 612
8 279 454 680
8 131 147 1000
8 268 126 800
8 131 282 799
8 49 317 47
8 104 126 402
8 120 1 645
8 22 319 274
8 9 75 1000
8 71 418 1
8 240 315 126
8 176 317 880
8 169 365 1
8 227 408 1
8 26 92 1000
8 41 125 1000
8 193 500 293
8 70 500 161
8 180 338 159
8 189 1 622
8 299 373 474
8 224 217 198
8 241 162 606
8 55 134 700
8 205 405 1
8 108 500 427
8 157 303 67
8 134 103 523
8 197 1 674
8 188 375 761
9 10 9 422
9 286 476 174
9 19 195 58
9 150 423 83
9 227 274 562
9 271 319 167
9 58 1 850
9 242 1 748
9 129 193 1000
9 62 203 383
9 293 251 677
9 272 425 447
9 118 385 819
9 251 253 715
9 244 275 526
9 28 392 578
9 34 425 288
9 287 470 1
9 125 105 925
9 72 340 1
9 121 235 568
9 32 493 246
9 47 269 630
9 47 81 1000
9 80 34 515
9 163 255 396
9 214 48 480
9 145 81 499
9 285 145 949
9 39 500 405
9 151 267 22
9 132 51 331
9 199 500 553
9 245 152 1000
9 27 414 131
9 287 223 629
9 36 458 151
9 285 309 221
9 73 207 22
9 44 306 339
9 149 70 1000
9 110 315 361
9 47 274 652
9 215 398 685
9 27 284 1
9 254 256 1
9 263 425 467
9 53 222 374
9 119 212 1000
9 126 407 1
9 99 270 1000
9 55 1 776
9 14 1 598
9 15 293 728
9 272 350 601
9 196 124 578
9 189 268 400
9 254 21 946
9 138 385 18
9 47 160 954
9 277 337 768
9 46 287 1
9 271 114 912
9 197 243 4
9 30 74 320
9 195 493 544
9 132 1 501
9 121 415 231
9 160 244 1
9 282 279 845
9 206 1 777
9 263 340 749
9 241 101 1000
9 41 68 575
9 231 488 301
9 221 256 154
9 223 446 571
9 87 240 1
9 223 135 1000
9 80 313 860
9 185 314 312
9 266 327 1
9 295 448 20
9 78 322 753
9 39 167 1000
10 11 15 946
10 128 318 804
10 224 143 943
10 252 305 722
10 14 219 656
10 131 1 651
10 167 216 252
10 57 327 470
10 4 32 708
10 276 133 946
10 43 98 378
10 139 278 397
10 68 375 528
10 71 250 82
10 130 271 597
10 244 261 536
10 199 212 285
10 71 450 611
10 243 152 1000
10 123 334 487
10 160 38 763
10 156 367 33
10 206 130 450
10 153 295 1000
10 39 247 598
10 138 133 447
10 151 367 687
10 227 395 249
10 44 500 313
10 200 397 794
10 69 340 161
10 26 216 856
10 215 1 731
10 199 397 412
10 100 373 821
10 106 272 543
10 175 440 1
10 84 84 484
10 237 500 352
10 235 63 1000
10 275 500 184
10 236 117 933
10 226 125 223
10 160 278 861
10 296 413 1
10 7 1 635
10 260 120 565
10 198 500 227
10 115 256 1000
10 287 330 524
10 192 1 787
10 27 345 1
10 217 151 583
10 170 175 199
10 183 357 16
10 97 336 1
10 96 251 588
10 129 84 618
10 114 41 508
10 156 106 1000
10 79 500 216
10 4 196 821
10 76 107 208
10 6 372 602
10 184 362 240
10 139 500 420
10 147 448 593
10 260 41 616
10 170 382 607
10 155 500 300
10 96 1 732
10 131 41 594
10 44 188 1000
10 280 500 241
10 85 458 1
10 173 358 91
10 195 143 471
10 52 168 192
10 58 223 382
10 203 80 891
10 2 426 1
10 25 159 381
10 226 182 193
10 179 312 546
10 41 14 409
10 253 205 675
10 290 223 394
10 112 390 216
10 15 1 569
10 103 400 146
10 172 205 600
10 140 444 570
10 69 100 547
10 91 1 590
10 1 287 1
10 28 169 466
10 25 500 473
10 77 194 1000
10 75 4 678
10 23 50 1000
10 294 442 670
10 42 172 702
10 57 232 1
10 134 47 1000
10 257 199 962
10 106 500 212
10 178 161 701
10 217 183 376
10 56 404 19
11 12 2 442
11 212 409 416
11 137 350 763
11 297 205 619
11 60 38 974
11 170 487 120
11 20 130 367
11 138 173 896
11 121 312 1
11 168 151 389
11 218 500 237
11 230 414 1
11 158 305 141
11 133 500 492
11 4 72 1000
11 182 233 512
11 153 278 1
11 186 500 510
11 216 301 729
11 85 113 888
11 274 466 7
11 88 274 644
11 259 1 702
11 29 80 1000
11 47 306 1
11 8 20 582
11 195 276 435
11 187 247 352
11 45 366 148
11 263 377 1
11 163 142 136
11 216 43 956
11 218 387 1
11 118 500 341
11 277 438 421
11 156 392 298
11 274 350 1
11 215 500 306
11 68 258 615
11 97 195 1000
11 184 427 99
11 81 237 872
11 41 482 613
11 129 247 248
11 224 223 202
11 164 177 389
11 280 296 1
11 165 460 666
11 298 154 164
11 173 69 650
11 53 478 256
11 191 323 1
11 277 377 87
11 289 281 672
11 67 362 473
11 245 336 122
11 286 473 558
11 246 416 756
11 152 252 933
11 80 500 126
11 207 179 598
11 238 434 676
11 210 500 273
11 50 196 427
11 18 112 475
11 294 430 409
11 67 10 949
11 298 449 351
11 103 500 279
11 239 489 498
11 124 390 105
11 51 390 148
11 214 288 289
11 72 209 577
11 210 259 920
11 190 294 211
11 89 421 1
11 65 500 200
11 92 228 436
11 141 385 609
11 210 228 529
11 266 263 621
11 242 264 1
11 127 432 341
11 102 359 764
11 241 179 67
11 120 70 857
11 269 163 597
11 6 140 303
11 121 222 296
11 215 367 1
11 34 122 666
11 189 104 1000
11 296 361 226
11 268 379 184
11 211 330 603
11 147 466 471
11 107 68 266
11 19 233 1000
11 89 285 213
11 159 80 1000
11 88 216 277
11 134 128 338
11 109 373 1
11 84 197 502
11 234 1 893
11 196 273 451
11 155 418 407
11 88 55 504
12 13 1 489
12 224 500 237
12 251 418 503
12 257 376 1
12 101 146 1000
12 138 32 774
12 74 1 677
12 38 193 1000
12 10 437 90
12 170 477 430
12 55 233 347
12 141 500 367
12 161 262 303
12 203 314 714
12 205 55 912
12 175 500 367
12 30 95 584
12 237 351 883
12 233 121 790
12 51 50 486
12 187 100 1000
12 231 487 185
12 263 287 928
12 69 295 1
12 191 338 671
12 100 38 740
12 287 93 933
12 128 228 376
12 174 377 86
12 91 442 636
12 180 116 1000
12 136 3 449
12 118 500 224
12 98 257 3
12 100 1 594
12 25 308 1
12 186 179 860
12 298 284 122
12 176 382 628
12 128 456 212
12 8 99 378
12 78 155 404
12 282 1 712
12 123 375 621
12 40 290 1000
12 265 193 18
12 11 77 1000
12 35 284 1
12 125 1 700
12 294 380 470
12 118 188 94
12 23 422 670
12 208 126 492
12 165 380 539
12 50 213 558
12 19 48 512
12 209 81 265
12 143 335 425
12 64 206 321
12 156 385 436
12 32 394 311
12 178 411 661
12 221 335 576
12 65 500 390
12 35 418 528
12 276 74 331
12 173 456 456
12 126 106 534
12 74 1 718
12 57 1 654
12 46 322 294
12 85 349 425
12 106 229 268
12 254 1 710
12 248 228 1000
12 188 1 798
12 104 153 673
12 55 1 656
12 75 52 750
12 209 361 477
12 114 221 152
12 256 60 487
12 55 296 519
12 82 368 1
12 198 468 541
12 207 500 204
12 297 23 973
12 215 167 517
12 279 370 355
12 111 313 308
12 120 500 147
12 205 296 533
12 162 166 931
12 252 458 351
12 120 22 807
12 161 227 125
12 83 500 430
12 191 148 479
12 18 500 326
12 80 95 433
12 214 254 969
12 132 77 464
12 97 342 117
12 159 500 338
12 63 11 874
13 14 15 465
13 213 334 179
13 73 40 668
13 65 148 960
13 120 324 872
13 255 500 308
13 111 500 444
13 274 336 155
13 149 85 344
13 129 303 822
13 77 30 345
13 280 14 719
13 194 500 316
13 222 444 498
13 69 214 830
13 79 325 176
13 20 65 444
13 272 243 72
13 26 500 260
13 25 366 387
13 275 331 1
13 253 352 300
13 185 500 54
13 109 500 201
13 99 212 77
13 116 227 1
13 297 500 49
13 8 43 482
13 248 500 429
13 225 412 517
13 247 395 275
13 159 329 1
13 235 1 707
13 143 391 749
13 62 61 685
13 143 368 144
13 70 94 774
13 101 18 608
13 235 500 160
13 209 297 442
13 166 322 763
13 34 384 1
13 101 152 323
13 21 56 615
13 17 215 435
13 48 29 740
13 147 465 386
13 140 20 1000
13 108 482 518
13 188 63 1000
13 52 185 1000
13 1 31 1000
13 201 158 1000
13 66 242 937
13 139 437 47
13 186 280 897
13 23 465 160
13 250 355 736
13 165 1 685
13 29 195 612
13 91 268 383
13 148 202 121
13 128 500 298
13 20 414 210
13 275 428 1
13 261 65 1000
13 90 282 1000
13 169 319 409
13 250 370 1
13 32 30 889
13 207 253 857
13 154 268 413
13 192 1 602
13 135 439 542
13 33 304 602
13 249 382 1
13 215 185 957
13 188 288 971
13 161 281 874
13 125 412 675
13 30 27 978
13 68 500 181
13 202 158 430
14 15 16 381
14 7 1 707
14 298 69 916
14 26 1 679
14 282 129 313
14 225 383 1
14 179 137 647
14 75 340 1
14 278 500 287
14 209 174 1000
14 168 278 556
14 140 321 908
14 58 144 1000
14 160 340 352
14 113 500 263
14 157 176 1000
14 226 500 301
14 282 38 702
14 115 1 771
14 37 341 176
14 49 144 295
14 56 1 675
14 104 323 512
14 168 172 100
14 254 116 781
14 34 93 687
14 225 72 694
14 72 493 528
14 298 490 492
14 9 281 763
14 62 414 221
14 77 239 5
14 49 439 598
14 54 498 58
14 92 33 691
14 226 45 878
14 161 51 641
14 171 346 758
14 36 37 996
14 156 41 536
14 185 370 1
14 208 267 1
14 276 395 447
14 169 485 41
14 78 1 715
14 115 500 338
14 8 238 747
14 159 354 107
14 216 1 842
14 6 246 60
14 44 1 677
14 4 442 106
14 7 424 1
14 171 156 371
14 11 492 494
14 187 170 872
14 186 159 204
14 229 117 1000
14 255 416 243
14 61 351 405
14 242 307 660
14 68 169 483
14 78 221 1000
14 98 232 1000
14 238 481 173
14 101 285 476
14 89 298 681
14 164 376 133
14 260 19 926
14 40 224 49
14 98 54 740
14 201 1 729
14 244 212 824
14 194 500 386
14 152 106 723
14 286 299 625
14 175 267 950
14 234 173 592
14 167 11 444
14 226 431 437
14 76 463 246
14 263 204 1000
14 82 500 385
14 292 64 534
14 199 392 321
14 138 409 708
14 217 327 1
15 16 12 990
15 139 481 178
15 213 478 234
15 225 126 185
15 290 253 28
15 16 27 661
15 145 59 770
15 173 36 930
15 190 310 1
15 221 73 637
15 56 452 196
15 203 219 1000
15 212 184 578
15 153 366 183
15 10 431 529
15 264 273 198
15 246 191 177
15 177 240 293
15 281 340 392
15 80 363 111
15 250 167 546
15 117 154 323
15 202 433 571
15 91 158 777
15 155 336 1
15 220 25 376
15 208 1 521
15 95 400 33
15 214 79 260
15 37 205 725
15 178 457 478
15 103 14 654
15 25 500 86
15 3 210 182
15 241 144 1000
15 214 379 1
15 35 1 695
15 98 355 1
15 79 59 709
15 125 434 404
15 121 82 591
15 274 289 1
15 210 500 318
15 178 401 144
15 57 133 1000
15 124 318 54
15 199 500 345
15 3 389 6
15 88 205 1000
15 180 278 373
15 4 106 806
15 174 147 752
15 141 1 869
15 118 334 1
15 31 344 236
15 230 160 738
15 119 19 370
15 246 340 1
15 99 110 520
15 186 294 493
15 125 199 1000
15 117 362 810
15 161 240 776
15 157 68 829
15 249 124 538
15 283 500 478
15 120 126 666
15 179 104 608
15 259 48 648
15 244 1 678
15 234 254 391
15 157 1 692
15 203 313 408
15 8 500 312
15 68 432 492
15 136 301 811
15 268 115 917
15 51 143 1000
15 102 322 7
15 295 247 575
15 269 279 1
15 33 479 91
15 19 500 223
15 102 54 798
15 235 84 418
15 239 153 854
15 2 134 530
15 19 340 1
15 246 500 261
15 31 406 334
15 239 377 113
15 141 312 541
15 92 219 800
15 285 500 234
15 208 1 592
15 105 494 517
15 247 408 662
15 240 117 1000
15 254 169 1000
15 162 1 787
15 40 280 264
15 237 328 1
15 167 117 472
15 143 375 371
15 246 500 218
15 235 362 485
15 214 449 605
15 111 500 168
15 24 120 1000
15 95 360 1
15 70 234 558
16 17 9 111
16 217 194 535
16 228 445 375
16 261 1 783
16 126 119 517
16 20 252 867
16 104 500 264
16 96 60 578
16 166 173 772
16 202 480 209
16 85 1 804
16 57 150 359
16 167 405 616
16 250 329 664
16 212 144 436
16 49 29 426
16 160 430 542
16 277 108 405
16 150 334 521
16 41 240 30
16 85 451 3
16 175 364 437
16 189 276 263
16 220 379 350
16 298 339 723
16 281 288 803
16 3 249 71
16 127 282 1
16 53 1 620
16 181 90 1000
16 182 493 185
16 110 288 879
16 11 389 104
16 110 63 299
16 218 500 181
16 151 241 281
16 146 500 111
16 243 500 291
16 33 423 464
16 90 347 1
16 278 102 862
16 264 481 581
16 123 329 732
16 36 433 108
16 146 254 127
16 64 364 689
16 137 311 369
16 95 191 159
16 22 262 393
16 290 380 227
16 5 306 758
16 280 226 383
16 192 91 880
16 190 378 1
16 187 67 1000
16 168 258 1000
16 141 500 214
16 237 148 365
16 70 415 171
16 190 195 513
16 228 237 414
16 103 157 1000
16 169 218 1000
16 8 17 480
16 171 467 211
16 213 199 422
16 269 166 953
16 5 290 622
16 34 323 639
16 134 147 687
16 78 275 239
16 176 264 172
16 116 203 806
16 168 8 727
16 230 33 381
16 160 295 354
16 119 408 464
16 288 184 140
16 59 71 927
16 243 458 678
16 65 221 1000
16 35 1 787
16 35 439 482
16 156 259 772
16 290 500 575
17 18 15 260
17 198 100 578
17 84 69 935
17 215 1 880
17 197 241 974
17 72 161 264
17 16 168 287
17 109 93 1000
17 96 194 1000
17 113 320 538
17 52 240 195
17 79 272 1
17 55 143 560
17 114 500 227
17 83 442 526
17 190 446 386
17 159 500 250
17 13 344 372
17 263 319 278
17 290 201 733
17 29 239 477
17 260 473 168
17 261 68 974
17 104 279 496
17 154 24 987
17 63 384 329
17 54 257 621
17 56 454 618
17 52 191 1000
17 114 195 1000
17 69 231 832
17 129 456 513
17 218 186 975
17 124 186 559
17 195 336 198
17 285 12 449
17 284 431 356
17 43 351 28
17 195 138 827
17 125 500 397
17 188 129 946
17 182 500 311
17 188 296 700
17 219 66 552
17 124 328 70
17 48 101 959
17 190 500 172
17 34 1 589
17 271 79 382
17 49 165 292
17 80 476 215
17 92 11 659
17 213 288 221
17 93 400 68
17 194 1 742
17 58 380 24
17 157 234 50
17 282 467 68
17 276 344 249
17 58 439 152
17 77 1 457
17 253 185 519
17 287 1 553
17 95 433 648
17 22 113 548
17 132 1 637
17 211 146 468
17 203 500 339
17 238 489 138
17 222 1 610
17 176 250 805
17 224 500 480
17 122 361 592
17 128 500 125
17 87 310 872
17 213 1 752
17 134 7 816
17 74 435 422
17 151 207 804
17 122 294 415
17 2 284 193
17 168 284 480
17 294 483 1
17 160 499 229
17 87 1 627
17 180 390 474
17 249 363 113
17 215 236 1000
17 10 135 157
17 115 78 516
17 207 266 794
17 124 360 218
17 18 176 141
17 90 113 416
17 100 389 732
17 137 1 682
17 59 102 1000
17 11 127 1000
17 166 330 483
17 124 449 195
17 209 183 972
17 193 1 579
17 96 308 734
17 113 27 480
17 144 86 559
17 276 1 850
17 217 100 803
17 173 116 193
17 30 495 177
17 282 1 785
17 180 500 217
17 101 476 384
17 215 64 657
17 268 48 983
17 231 177 992
17 114 96 396
18 19 7 853
18 231 250 16
18 107 55 558
18 12 345 37
18 73 410 353
18 98 445 479
18 191 246 588
18 66 1 513
18 214 225 558
18 53 205 1000
18 82 237 751
18 166 500 364
18 139 237 1000
18 152 266 161
18 84 268 423
18 157 452 558
18 108 354 460
18 180 130 201
18 237 89 983
18 219 156 531
18 248 279 88
18 90 243 162
18 201 79 411
18 254 500 152
18 270 393 716
18 127 335 346
18 291 1 703
18 157 359 295
18 284 345 236
18 155 69 283
18 176 260 690
18 170 402 337
18 176 500 332
18 98 329 491
18 238 353 103
18 198 489 589
18 25 430 421
18 23 144 425
18 58 252 601
18 263 148 184
18 46 129 217
18 54 460 238
18 121 500 381
18 296 251 253
18 211 182 182
18 257 75 779
18 275 254 715
18 89 30 1000
18 109 310 1
18 283 349 232
18 264 119 202
18 4 269 626
18 261 1 687
18 102 264 665
18 51 405 653
18 229 50 740
18 284 151 1000
18 281 40 412
18 296 120 741
18 275 21 912
18 89 120 366
18 268 189 918
18 152 65 1000
18 100 275 758
18 266 318 355
18 208 314 316
18 248 218 286
18 237 364 127
18 104 458 1
18 203 290 960
18 151 195 305
18 65 56 657
18 283 500 279
18 210 195 1000
18 16 1 552
18 215 280 637
18 290 1 779
18 94 1 728
18 149 358 1
18 259 500 401
18 235 93 1000
18 181 137 669
18 128 7 723
18 210 73 1000
18 134 134 1000
18 290 194 553
18 28 300 517
18 149 1 531
18 235 184 713
18 209 179 1000
18 257 32 462
18 222 500 341
18 285 106 858
18 259 142 472
18 232 94 402
18 152 177 1000
19 20 13 349
19 274 471 122
19 209 494 421
19 231 393 422
19 21 230 1000
19 39 241 1000
19 28 1 463
19 177 75 518
19 298 47 370
19 49 131 1000
19 144 449 1
19 253 390 1
19 106 296 18
19 73 462 1
19 89 164 858
19 54 352 596
19 37 322 742
19 178 180 787
19 16 500 289
19 100 109 937
19 167 187 910
19 148 193 56
19 8 144 784
19 136 201 964
19 216 173 942
19 287 500 353
19 265 500 332
19 89 198 904
19 164 1 588
19 177 64 684
19 23 276 824
19 251 445 290
19 15 379 754
19 32 209 1000
19 82 346 41
19 22 155 1000
19 298 174 991
19 225 1 618
19 114 250 422
19 11 340 1
19 227 191 595
19 60 1 475
19 287 386 1
19 112 74 1000
19 277 354 135
19 4 351 480
19 63 129 969
19 8 400 713
19 195 335 647
19 166 198 717
19 253 354 147
19 113 25 949
19 38 284 1000
19 246 354 1
19 63 119 1000
19 52 323 707
19 294 155 899
19 61 1 646
19 103 279 788
19 53 326 1
19 287 500 440
19 154 233 778
19 80 489 44
19 85 287 254
19 170 303 748
19 183 138 697
19 269 500 257
19 106 348 755
19 187 268 948
19 296 138 178
19 204 300 646
19 277 479 206
19 55 153 702
19 4 245 204
19 86 409 1
19 201 500 221
19 232 500 220
19 9 500 43
19 75 269 891
19 80 495 318
19 260 371 814
19 114 133 293
19 53 385 298
19 172 183 997
19 270 352 92
19 43 1 867
19 192 189 888
19 15 190 121
19 199 235 309
19 149 325 106
19 62 275 68
19 80 104 691
19 45 430 1
19 158 298 777
19 8 434 376
19 30 59 1000
19 106 433 487
19 112 356 157
19 5 374 394
19 144 476 432
19 115 371 56
19 89 56 558
19 141 171 1000
19 288 1 543
19 232 328 830
19 147 254 166
19 210 500 293
19 109 381 421
19 116 384 1
19 99 244 857
19 206 299 313
19 197 373 1
19 175 146 1000
20 21 8 431
20 251 60 611
20 265 1 468
20 131 376 559
20 153 1 708
20 58 1 512
20 214 107 1000
20 186 156 592
20 149 274 32
20 225 500 116
20 236 367 558
20 107 219 936
20 149 240 447
20 200 221 904
20 241 189 1000
20 190 379 702
20 236 237 436
20 133 164 408
20 83 365 1
20 10 251 113
20 161 70 523
20 145 281 21
20 197 500 291
20 193 244 1000
20 282 386 297
20 152 500 381
20 8 15 557
20 51 261 269
20 55 463 529
20 62 346 1
20 58 1 747
20 100 156 1000
20 71 439 478
20 284 71 901
20 55 224 1
20 81 1 766
20 66 195 888
20 183 500 229
20 3 222 860
20 238 15 709
20 33 402 1
20 39 438 144
20 150 1 691
20 201 380 508
20 192 119 595
20 128 110 758
20 72 50 438
20 108 118 714
20 95 214 311
20 233 1 686
20 103 151 533
20 168 237 353
20 70 47 384
20 60 408 401
20 192 256 194
20 86 379 192
20 68 500 519
20 253 65 424
20 146 288 641
20 58 396 801
20 252 246 1000
20 145 163 708
20 166 249 976
20 268 284 88
20 169 253 108
20 166 236 881
20 143 290 35
20 258 1 779
20 238 49 953
20 96 1 625
20 10 340 311
20 66 500 168
20 83 266 81
20 263 461 551
20 285 500 73
20 90 352 190
20 192 336 342
20 67 98 250
20 213 449 1
20 171 325 1
20 88 311 935
20 252 1 447
20 60 135 340
20 125 75 675
20 173 371 347
20 44 306 921
20 171 368 714
20 205 500 374
20 263 127 818
20 0 155 1000
20 13 272 666
20 263 1 509
20 58 424 595
20 243 500 377
20 65 1 519
20 38 247 857
20 120 171 655
20 211 191 353
20 210 194 924
20 77 196 47
20 10 404 283
20 192 317 102
20 53 1 839
20 17 60 894
20 15 119 500
20 282 113 1000
20 195 248 1
20 46 3 673
20 226 500 163
20 0 98 541
20 197 500 157
20 15 498 493
20 144 102 262
20 5 54 985
21 22 11 632
21 56 325 578
21 24 51 406
21 152 186 1000
21 136 500 102
21 191 321 940
21 81 1 658
21 3 351 27
21 279 341 1
21 110 366 90
21 162 500 435
21 115 163 462
21 266 500 310
21 234 482 503
21 268 251 221
21 39 96 632
21 152 1 597
21 163 430 406
21 120 134 471
21 231 350 822
21 217 232 1000
21 81 109 1000
21 16 315 303
21 149 44 745
21 95 312 161
21 50 1 588
21 12 334 920
21 158 20 571
21 79 69 286
21 115 224 455
21 222 437 1
21 23 323 586
21 202 172 914
21 157 135 772
21 287 1 964
21 90 27 806
21 192 1 853
21 187 345 1
21 235 311 1
21 284 142 346
21 298 195 495
21 227 49 926
21 184 194 615
21 194 218 551
21 158 216 801
21 280 1 572
21 128 399 187
21 232 115 1000
21 105 303 288
21 41 309 720
21 134 427 62
21 166 110 502
21 260 308 157
21 114 104 631
21 278 434 155
21 151 118 372
21 40 481 346
21 80 231 244
21 84 117 920
21 42 170 897
21 254 265 638
21 80 452 584
21 250 164 769
21 205 19 887
21 218 432 159
21 119 130 650
21 277 14 530
21 7 88 658
21 160 240 295
21 285 86 451
21 292 130 995
21 120 359 696
21 220 491 401
21 174 301 1
21 228 312 621
21 67 336 525
21 293 111 1000
21 125 500 445
21 198 99 885
21 61 1 649
21 238 38 996
21 245 1 763
21 85 487 566
21 147 268 1000
21 9 401 181
21 263 500 126
21 11 218 695
21 108 56 670
21 60 261 106
21 227 299 955
21 74 168 834
21 212 284 683
21 70 466 440
21 159 184 864
21 60 226 95
21 28 144 330
21 145 69 611
22 23 8 949
22 289 453 443
22 254 152 814
22 290 41 848
22 28 318 464
22 239 117 1000
22 65 433 1
22 155 285 936
22 245 295 228
22 128 341 1
22 153 155 814
22 171 127 692
22 156 278 878
22 242 48 313
22 121 221 17
22 115 164 1000
22 272 102 605
22 214 359 738
22 262 500 236
22 131 400 70
22 73 319 777
22 204 148 629
22 161 291 75
22 82 182 651
22 65 1 599
22 24 236 595
22 121 343 1
22 133 318 796
22 292 442 21
22 147 300 348
22 204 477 482
22 257 500 263
22 128 312 373
22 32 124 1000
22 36 500 360
22 233 214 1000
22 274 77 571
22 25 2 685
22 189 167 791
22 79 407 60
22 25 376 1
22 292 166 777
22 21 500 234
22 105 258 300
22 255 343 111
22 70 374 1
22 201 1 505
22 33 46 1000
22 163 414 290
22 78 1 868
22 244 111 268
22 63 287 1000
22 30 18 456
22 264 318 1
22 262 70 1000
22 193 131 291
22 164 177 371
22 93 191 43
22 77 288 527
22 179 104 463
22 196 332 667
22 162 264 420
22 194 216 748
22 228 75 429
22 2 1 898
22 59 14 418
22 209 84 357
22 55 72 864
22 168 311 904
22 63 476 57
22 189 48 431
22 139 172 175
22 244 359 1
22 91 320 487
22 167 500 288
22 41 173 140
22 75 500 460
22 57 336 157
22 68 1 738
22 61 1 804
22 116 427 315
22 10 384 203
22 265 387 305
22 241 141 794
22 177 1 448
22 122 242 688
22 168 468 620
22 260 500 444
22 158 229 273
22 166 146 480
22 45 270 277
22 256 500 345
22 145 172 294
22 130 234 523
22 133 1 707
22 79 211 440
22 217 450 505
22 104 500 220
22 72 51 529
22 287 314 286
22 39 253 6
22 277 301 268
22 124 461 314
23 24 11 533
23 197 163 398
23 78 314 1
23 296 180 675
23 198 126 918
23 203 484 1
23 160 423 525
23 31 164 784
23 174 386 1
23 244 373 1
23 64 485 292
23 36 145 549
23 44 175 384
23 57 287 822
23 146 168 674
23 12 457 504
23 41 500 400
23 134 33 794
23 40 449 256
23 19 133 278
23 288 365 1
23 18 273 706
23 295 310 884
23 21 407 632
23 73 1 594
23 121 148 554
23 115 430 1
23 155 79 995
23 15 232 576
23 282 481 573
23 124 500 181
23 75 50 984
23 261 224 520
23 155 500 193
23 64 256 459
23 0 390 1
23 93 167 759
23 262 169 677
23 102 309 911
23 212 500 205
23 153 251 269
23 183 241 417
23 114 471 282
23 10 169 594
23 231 420 575
23 118 197 899
23 91 184 1000
23 119 69 289
23 44 207 103
23 35 244 634
23 283 12 862
23 20 337 186
23 143 55 354
23 113 410 355
23 256 347 533
23 116 300 699
23 78 106 642
23 237 1 497
23 65 97 338
23 246 401 414
23 5 262 114
23 153 284 828
23 166 1 621
23 180 401 280
23 158 500 187
23 172 408 1
23 43 52 561
23 217 293 607
23 253 102 207
23 106 195 451
23 174 252 401
23 11 1 490
23 188 110 881
23 171 96 894
23 243 308 1
23 118 7 554
23 21 417 601
23 221 500 258
23 9 390 322
23 75 156 886
23 77 1 988
23 209 142 778
23 128 358 388
23 236 36 738
23 170 260 458
23 235 386 216
23 164 390 1
23 207 1 753
23 35 295 970
23 68 166 883
23 194 228 107
23 157 18 588
23 25 176 1000
23 93 500 189
23 231 338 641
23 143 384 656
23 267 152 539
23 192 455 339
23 156 269 1
23 240 258 905
23 126 33 649
23 52 1 749
23 122 422 45
23 234 86 756
23 5 234 973
23 35 115 268
23 274 149 640
24 25 10 441
24 206 187 445
24 99 479 231
24 254 331 1
24 105 245 831
24 99 470 1
24 67 42 997
24 56 369 45
24 173 252 1
24 188 220 313
24 180 219 498
24 245 216 1000
24 186 146 686
24 273 87 1000
24 152 165 776
24 248 436 506
24 54 278 1
24 206 416 481
24 100 1 744
24 88 263 1000
24 265 1 577
24 187 264 468
24 169 169 854
24 164 456 284
24 79 500 360
24 70 171 909
24 133 368 810
24 171 398 306
24 23 328 639
24 32 337 561
24 127 389 17
24 57 84 317
24 126 347 553
24 42 500 355
24 89 302 390
24 269 269 590
24 175 436 326
24 237 114 1000
24 218 1 689
24 65 378 277
24 28 37 548
24 60 117 610
24 62 93 960
24 217 273 82
24 92 500 131
24 206 293 996
24 97 232 57
24 283 134 221
24 39 142 478
24 90 130 1000
24 204 355 586
24 148 411 264
24 213 1 789
24 238 33 1000
24 95 500 298
24 89 90 396
24 250 365 6
24 55 304 1
24 250 326 1
24 75 1 671
24 37 292 347
24 230 153 582
24 85 253 345
24 112 111 1000
24 153 163 1000
24 243 454 276
24 296 500 283
24 118 458 512
24 3 86 536
24 221 191 552
24 4 394 12
24 2 103 1000
24 150 62 961
24 76 345 1
24 78 136 900
24 38 230 758
24 185 139 363
24 155 105 830
24 32 193 635
24 33 73 1000
24 80 31 1000
24 179 280 553
24 113 172 1000
24 170 500 205
24 247 309 314
24 42 162 1000
24 254 416 145
24 192 2 820
24 41 477 34
24 195 297 819
24 45 72 334
24 63 111 387
24 83 255 22
24 178 462 144
24 79 412 394
24 279 451 372
24 46 500 313
24 273 206 399
24 225 396 1
24 111 1 746
24 31 271 518
24 104 14 936
24 16 315 651
24 170 292 365
24 183 76 1000
24 43 345 7
24 169 396 622
24 289 253 904
24 28 1 875
24 238 300 732
24 34 151 1000
25 26 15 752
25 46 490 1
25 138 500 562
25 215 114 496
25 286 413 1
25 182 368 638
25 58 226 1000
25 121 500 119
25 189 359 1
25 291 254 533
25 48 450 57
25 144 445 553
25 38 456 111
25 142 1 743
25 96 91 287
25 278 311 1
25 18 389 284
25 180 99 930
25 179 142 1000
25 234 350 8
25 223 78 1000
25 217 484 463
25 281 1 862
25 11 13 878
25 132 378 756
25 143 1 652
25 132 137 191
25 173 336 885
25 265 111 561
25 131 4 700
25 82 313 919
25 67 120 510
25 10 225 439
25 69 171 143
25 83 284 486
25 140 100 204
25 89 371 1
25 165 455 338
25 213 26 594
25 230 450 328
25 282 418 417
25 59 500 135
25 53 245 18
25 155 373 213
25 227 1 740
25 238 500 188
25 0 262 698
25 13 500 74
25 100 269 342
25 228 84 800
25 292 106 270
25 46 460 241
25 107 248 1
25 182 81 699
25 272 459 528
25 122 333 290
25 166 309 84
25 181 148 650
25 226 175 559
25 207 262 827
25 159 293 198
25 201 350 617
25 294 467 568
25 90 405 364
25 150 239 426
25 187 259 168
25 4 119 790
25 65 179 757
25 209 259 534
25 41 500 442
25 238 121 561
25 277 171 1000
25 291 500 247
25 51 1 534
25 5 265 172
25 169 374 1
25 6 239 1000
25 151 163 877
25 143 272 882
25 201 319 789
25 69 468 646
25 7 93 1000
25 39 163 301
25 223 210 1000
25 5 327 583
25 73 500 144
25 171 339 484
25 271 265 504
25 37 356 155
25 73 213 16
25 243 358 1
25 146 26 923
25 192 199 47
26 27 5 20
26 180 386 213
26 219 19 556
26 209 324 822
26 161 405 40
26 95 362 1
26 282 303 1
26 259 1 816
26 21 1 761
26 286 283 880
26 276 245 448
26 249 397 251
26 158 110 401
26 108 50 877
26 8 1 647
26 176 1 695
26 46 427 178
26 249 89 965
26 195 487 35
26 223 102 733
26 92 79 848
26 172 171 705
26 78 161 502
26 107 208 526
26 106 78 1000
26 15 500 451
26 161 201 500
26 66 500 335
26 90 346 1
26 294 299 316
26 63 323 852
26 262 169 934
26 117 319 409
26 9 2 617
26 154 300 492
26 130 422 306
26 46 164 392
26 192 272 1
26 20 261 635
26 72 165 1000
26 146 25 1000
26 151 352 181
26 97 26 681
26 191 75 873
26 32 331 1
26 148 143 213
26 151 189 146
26 120 500 494
26 24 65 351
26 251 129 680
26 294 279 31
26 102 500 448
26 92 32 618
26 40 90 819
26 166 20 894
26 228 316 1
26 224 166 320
26 265 66 1000
26 108 255 151
26 27 500 306
26 188 164 573
26 231 294 1
26 53 276 947
26 121 333 85
26 246 425 549
26 233 292 549
26 254 200 354
26 199 244 564
26 123 186 233
26 250 54 914
26 155 52 813
26 267 377 157
26 76 408 751
26 64 239 1
26 134 219 978
26 144 473 562
26 217 204 282
26 185 11 698
26 253 462 75
26 165 408 690
26 187 406 361
26 204 418 573
26 258 210 84
26 45 500 255
26 68 320 415
26 124 277 757
26 242 500 182
26 221 83 1000
26 199 389 208
26 109 23 555
26 7 32 510
26 93 110 859
26 249 500 297
26 185 343 851
26 142 408 327
26 174 459 113
26 55 381 1
26 289 163 620
26 177 112 775
27 28 1 886
27 89 416 189
27 21 220 1
27 17 197 36
27 140 291 143
27 216 158 1000
27 136 169 548
27 70 228 563
27 192 185 889
27 271 56 558
27 66 219 107
27 125 6 544
27 38 370 89
27 92 218 1000
27 6 395 287
27 113 185 903
27 222 175 993
27 276 190 1000
27 293 1 550
27 240 425 33
27 291 322 572
27 117 357 460
27 127 241 125
27 292 290 1
27 57 318 1
27 0 103 1000
27 123 132 687
27 163 1 898
27 242 291 563
27 105 172 122
27 82 84 1000
27 284 349 49
27 109 190 984
27 52 8 392
27 1 404 588
27 81 199 1000
27 67 72 637
27 289 285 1
27 44 226 1000
27 277 87 729
27 141 333 1
27 155 1 715
27 5 148 1000
27 82 500 298
27 250 1 593
27 240 366 421
27 205 238 348
27 249 139 1000
27 195 401 317
27 268 286 494
27 269 92 813
27 272 395 601
27 250 104 950
27 145 1 685
27 171 192 361
27 257 500 296
27 266 65 446
27 22 205 604
27 127 91 668
27 123 500 217
27 236 386 501
27 233 288 1000
27 72 455 187
27 151 243 574
27 176 336 732
27 196 500 438
27 68 173 97
27 239 428 290
27 116 160 637
27 126 160 1000
27 99 322 539
27 274 500 319
27 66 343 1
27 283 421 1
27 147 239 211
27 234 312 78
27 285 1 893
27 165 500 504
27 252 182 337
27 46 223 1
27 270 109 777
27 83 500 141
27 137 53 403
27 57 148 753
27 218 309 42
27 112 400 92
27 230 151 121
27 172 415 613
27 227 30 886
27 216 500 258
27 34 441 552
27 228 295 463
27 215 321 381
27 63 500 375
27 266 36 721
27 276 114 558
27 135 395 312
27 106 133 1000
27 90 70 430
27 102 99 675
27 72 230 1000
27 170 45 1000
27 122 319 492
27 3 92 1000
27 66 51 1000
27 294 500 298
27 233 482 1
27 74 1 823
27 126 238 954
27 116 259 133
27 158 166 671
27 254 316 14
27 169 248 1000
27 147 1 567
27 35 424 1
27 178 154 297
27 4 223 833
27 288 65 947
27 288 62 486
27 93 483 510
28 29 11 643
28 222 153 244
28 74 334 35
28 257 191 473
28 39 179 749
28 84 314 403
28 211 36 989
28 264 111 961
28 279 353 1
28 252 264 764
28 155 289 531
28 153 4 432
28 85 85 580
28 214 190 367
28 233 73 722
28 246 500 468
28 105 326 242
28 123 412 1
28 184 137 181
28 154 398 422
28 109 244 1
28 185 449 1
28 121 282 717
28 20 392 243
28 43 1 693
28 252 238 153
28 271 21 398
28 208 361 777
28 204 416 61
28 60 50 835
28 9 198 40
28 39 229 869
28 25 429 375
28 204 417 331
28 118 450 60
28 146 412 520
28 209 344 471
28 169 60 329
28 53 367 1
28 150 156 990
28 293 10 792
28 4 14 645
28 287 378 1
28 21 500 486
28 16 340 163
28 149 20 879
28 76 141 430
28 122 1 885
28 245 304 611
28 143 137 1000
28 37 479 527
28 145 107 926
28 285 500 238
28 154 25 857
28 176 312 1
28 232 256 328
28 186 426 687
28 260 140 1000
28 174 217 515
28 86 232 625
28 36 280 974
28 72 225 294
28 271 238 680
28 67 437 484
28 270 401 200
28 230 490 603
28 189 202 1000
28 43 500 390
28 298 10 595
28 122 468 1
28 163 410 1
28 44 298 504
28 275 22 692
28 273 1 609
28 7 210 127
28 44 291 1
28 87 313 601
28 169 344 68
28 159 500 379
28 43 241 227
28 154 499 484
28 184 233 340
28 137 354 1
28 22 382 395
28 272 184 1000
28 230 500 267
28 114 145 1000
28 87 200 710
28 62 475 642
28 96 252 1
28 99 236 867
28 153 392 548
28 9 87 1000
28 92 397 1
28 26 285 1
28 152 500 514
28 38 86 679
28 12 369 65
28 71 233 234
28 61 106 676
28 192 462 614
28 69 398 339
28 243 123 188
29 30 2 33
29 149 156 226
29 10 372 1
29 261 1 502
29 210 57 928
29 31 195 99
29 28 405 105
29 175 147 547
29 27 21 453
29 213 332 755
29 134 307 147
29 237 354 365
29 296 230 295
29 30 361 41
29 252 271 892
29 193 127 915
29 218 168 277
29 262 1 762
29 133 176 273
29 230 130 537
29 62 500 84
29 284 379 692
29 90 307 440
29 105 415 450
29 1 500 488
29 231 33 716
29 106 294 805
29 4 138 582
29 135 199 177
29 285 402 55
29 238 398 112
29 88 44 474
29 282 1 615
29 285 241 240
29 193 323 545
29 174 500 149
29 22 225 1000
29 199 296 1
29 11 353 402
29 268 500 280
29 110 256 417
29 81 81 1000
29 162 151 1000
29 219 361 1
29 44 133 1000
29 1 206 79
29 169 118 703
29 163 447 1
29 59 99 939
29 75 425 173
29 167 437 1
29 155 362 1
29 194 58 854
29 138 474 623
29 20 139 465
29 227 169 1000
29 8 345 539
29 239 500 341
29 242 314 702
29 40 500 175
29 199 459 49
29 62 239 641
29 265 349 546
29 267 190 1000
29 233 134 1000
29 166 96 918
29 225 303 921
29 275 500 385
29 110 1 550
29 85 1 703
29 25 5 851
29 2 500 369
29 4 244 251
29 138 274 732
29 53 288 651
29 105 446 21
29 112 500 295
29 164 303 956
29 159 1 903
29 288 223 224
29 194 100 603
29 96 1 528
29 118 202 469
29 219 356 353
29 298 215 745
29 21 477 598
29 177 500 332
29 203 287 991
29 33 160 868
29 260 264 537
29 287 364 1
29 264 218 1000
29 60 1 584
29 105 184 598
29 154 381 679
29 284 409 124
29 75 354 587
30 31 7 22
30 96 252 1
30 129 435 293
30 295 129 903
30 82 344 1
30 2 242 967
30 177 209 38
30 178 82 497
30 156 318 884
30 81 284 436
30 191 75 1000
30 3 378 584
30 226 172 121
30 115 173 598
30 192 430 15
30 236 445 1
30 53 67 763
30 273 500 441
30 44 1 552
30 180 139 814
30 101 312 698
30 132 97 518
30 204 500 246
30 196 52 504
30 8 242 984
30 288 101 932
30 110 330 1
30 176 251 993
30 235 456 209
30 191 154 284
30 111 402 1
30 146 420 138
30 137 112 438
30 275 352 893
30 66 443 349
30 146 136 932
30 159 123 672
30 146 287 790
30 86 260 544
30 121 166 988
30 154 348 689
30 136 124 513
30 19 469 357
30 95 285 1
30 177 428 282
30 169 402 24
30 245 309 204
30 202 382 1
30 39 179 386
30 224 171 996
30 40 191 1000
30 291 86 1000
30 178 153 340
30 50 117 508
30 36 421 1
30 157 83 582
30 174 36 1000
30 86 118 1000
30 132 475 440
30 54 271 624
30 110 196 928
30 244 12 752
30 15 58 721
30 12 140 1000
30 8 43 615
30 68 115 594
30 1 104 434
30 255 499 284
30 293 337 1
30 44 198 34
30 293 360 1
30 111 106 1000
30 265 1 583
30 136 116 767
30 285 147 292
30 282 325 1
30 24 484 180
30 287 344 55
30 46 1 778
30 102 184 974
30 135 37 897
30 286 478 469
30 72 270 1
30 278 313 527
30 253 51 567
30 135 1 874
30 203 229 270
30 109 313 625
30 231 421 318
30 255 454 449
30 117 319 931
30 4 489 226
30 154 178 511
30 283 370 114
30 83 153 1000
30 110 265 330
30 58 375 139
30 20 500 313
30 293 315 184
30 147 126 699
30 123 315 920
30 172 386 720
30 173 396 72
31 32 8 240
31 217 141 664
31 230 70 701
31 270 144 348
31 165 70 326
31 195 47 973
31 271 371 231
31 132 325 361
31 235 150 562
31 135 452 477
31 250 174 958
31 200 64 1000
31 241 64 950
31 153 300 211
31 139 135 1000
31 263 340 129
31 223 314 23
31 114 342 19
31 261 230 54
31 83 312 966
31 231 119 180
31 150 172 138
31 294 500 349
31 86 186 681
31 185 500 412
31 144 14 740
31 132 134 431
31 247 23 488
31 29 381 1
31 230 401 76
31 124 207 489
31 215 395 51
31 219 369 67
31 86 302 253
31 251 353 341
31 126 386 145
31 137 89 996
31 22 500 483
31 78 500 340
31 213 500 552
31 132 181 382
31 238 139 939
31 215 364 1
31 288 200 177
31 107 1 603
31 121 351 321
31 64 466 25
31 174 190 1000
31 68 493 435
31 256 346 1
31 207 226 689
31 73 249 568
31 94 466 515
31 24 150 713
31 207 480 422
31 253 340 715
31 189 219 731
31 297 150 600
31 178 231 627
31 147 75 1000
31 62 500 266
31 4 74 269
31 219 256 458
31 6 1 735
31 12 199 787
31 186 141 623
31 36 433 8
31 215 212 544
31 22 70 461
31 106 289 753
31 99 321 887
31 272 73 464
31 244 132 670
31 101 135 1000
31 200 325 574
31 248 487 20
31 241 38 407
31 202 1 696
31 169 500 299
31 276 234 1
31 198 181 628
31 169 246 754
31 229 391 140
31 211 409 210
31 133 472 77
31 33 1 586
31 132 31 388
31 245 1 603
31 299 224 353
31 210 402 1
31 92 426 90
31 73 437 257
31 92 484 352
32 33 15 567
32 210 420 432
32 137 1 665
32 286 379 705
32 5 500 324
32 54 1 610
32 269 444 218
32 8 144 1000
32 100 175 287
32 157 41 486
32 148 227 373
32 192 493 559
32 224 160 174
32 268 265 1000
32 122 270 121
32 266 440 77
32 109 351 543
32 121 473 573
32 75 1 859
32 20 500 129
32 250 310 1
32 215 360 79
32 288 246 719
32 87 244 265
32 160 1 573
32 84 500 175
32 282 374 550
32 253 235 1
32 200 221 1000
32 57 451 592
32 12 181 950
32 79 337 35
32 133 1 951
32 244 1 764
32 56 195 632
32 117 167 1000
32 223 71 590
32 71 210 651
32 214 191 1000
32 57 1 798
32 255 210 940
32 10 13 999
32 10 203 1000
32 205 500 94
32 293 64 494
32 250 133 1000
32 52 230 426
32 206 128 720
32 105 171 316
32 125 95 256
32 80 76 1000
32 36 392 627
32 186 236 462
32 178 432 631
32 25 134 364
32 120 234 337
32 124 54 398
32 291 164 1000
32 293 387 554
32 266 342 439
32 106 342 802
32 11 500 375
32 123 252 9
32 281 244 129
32 184 465 361
32 76 171 314
32 104 46 640
32 146 314 682
32 48 319 960
32 196 33 436
32 199 141 822
32 237 138 195
32 211 386 419
32 294 150 405
32 109 329 29
32 19 386 650
32 83 190 349
32 121 495 226
32 218 437 254
32 145 117 884
32 10 287 269
32 219 350 683
32 15 341 234
32 299 125 1000
32 293 215 42
32 293 1 598
32 253 351 631
32 241 143 552
32 193 338 780
32 147 336 1
32 216 419 380
32 297 155 870
32 213 442 77
32 121 396 605
32 282 500 269
32 292 54 685
32 102 256 172
32 25 290 402
32 84 113 349
33 34 7 947
33 4 458 234
33 193 184 37
33 177 384 601
33 15 1 706
33 39 1 912
33 56 500 395
33 130 334 1
33 214 232 660
33 160 349 595
33 185 1 767
33 46 235 538
33 296 384 336
33 4 139 718
33 258 209 551
33 115 328 808
33 64 400 357
33 287 359 600
33 288 304 744
33 105 132 946
33 49 76 830
33 169 500 80
33 121 137 447
33 164 1 555
33 20 53 541
33 255 214 456
33 163 148 1000
33 212 179 331
33 128 442 274
33 145 119 186
33 36 174 946
33 195 500 312
33 230 384 663
33 110 466 4
33 233 500 263
33 235 500 259
33 34 224 328
33 118 263 259
33 59 351 26
33 97 223 532
33 288 371 769
33 37 258 971
33 197 228 201
33 65 303 669
33 16 1 734
33 146 169 1000
33 187 37 644
33 207 500 156
33 197 480 285
33 291 1 515
33 200 105 791
33 206 145 117
33 129 1 775
33 107 64 415
33 156 375 632
33 218 273 161
33 38 298 169
33 40 309 1
33 215 148 943
33 120 64 1000
33 114 500 226
33 16 69 340
33 167 318 344
33 226 440 378
33 236 247 968
33 14 328 589
33 181 371 441
33 263 414 766
33 295 266 326
33 29 117 519
33 62 371 643
33 40 350 1
33 246 329 109
33 82 500 282
33 156 266 1
33 205 438 668
33 14 198 303
33 297 167 904
33 215 170 683
33 158 416 761
33 231 158 943
33 59 243 129
33 149 54 1000
33 168 500 237
33 209 263 748
33 195 483 67
33 232 500 278
33 229 194 1000
33 151 219 752
33 296 269 208
33 108 384 813
33 117 397 740
33 231 231 268
33 185 137 485
33 125 306 1
34 35 4 264
34 161 444 132
34 92 265 876
34 249 104 401
34 75 287 897
34 249 383 319
34 162 240 644
34 110 1 696
34 285 249 809
34 164 79 686
34 157 129 354
34 247 266 401
34 63 1 721
34 108 125 595
34 106 11 622
34 100 78 509
34 10 65 742
34 282 1 762
34 153 384 1
34 264 385 1
34 236 196 897
34 133 481 381
34 49 1 789
34 137 72 735
34 288 500 412
34 192 157 968
34 107 330 1
34 298 500 395
34 157 99 362
34 131 84 443
34 214 45 926
34 74 401 698
34 59 86 363
34 96 83 337
34 77 19 964
34 198 337 852
34 287 410 100
34 76 362 490
34 268 77 1000
34 90 248 379
34 289 448 1
34 190 301 1
34 124 500 150
34 44 370 1
34 177 169 1000
34 122 498 120
34 290 2 457
34 244 421 371
34 299 430 1
34 52 500 134
34 82 371 390
34 181 195 944
34 46 500 162
34 40 466 142
34 22 500 241
34 22 489 589
34 81 328 1
34 190 387 299
34 132 338 759
34 224 255 728
34 122 479 217
34 265 148 1000
34 13 339 184
34 88 134 564
34 217 44 476
34 186 433 331
34 167 15 583
34 80 68 998
34 290 316 227
34 25 73 537
34 250 1 882
34 234 468 557
34 104 500 197
34 61 425 428
34 223 361 691
34 44 265 78
34 243 359 368
34 36 1 547
34 32 178 400
34 188 392 435
34 67 153 136
34 192 391 1
34 295 250 213
34 145 221 527
34 249 80 537
34 22 241 844
34 288 110 358
34 207 500 270
34 104 500 263
34 95 286 316
34 51 7 442
34 76 240 434
34 205 166 962
34 81 159 1000
34 203 474 564
34 68 500 576
34 272 500 49
34 247 169 512
34 20 272 21
34 156 500 192
35 36 9 692
35 3 500 161
35 209 207 723
35 104 113 1000
35 154 361 582
35 243 79 1000
35 160 217 13
35 186 443 288
35 118 223 1000
35 210 314 822
35 61 94 526
35 110 243 1
35 119 187 119
35 236 273 990
35 121 500 340
35 190 500 137
35 270 500 87
35 169 395 1
35 60 264 346
35 38 15 575
35 107 313 1
35 169 12 916
35 39 56 937
35 196 41 746
35 126 444 500
35 47 155 450
35 170 500 327
35 62 500 134
35 190 357 593
35 46 1 524
35 94 187 1000
35 55 250 399
35 119 183 888
35 129 61 1000
35 271 1 745
35 85 116 565
35 77 16 1000
35 221 340 1
35 236 478 187
35 136 334 294
35 114 284 756
35 73 282 680
35 36 191 65
35 228 361 839
35 299 1 584
35 19 159 607
35 275 367 626
35 234 387 192
35 275 260 37
35 93 500 319
35 28 500 367
35 48 53 295
35 176 96 517
35 293 435 693
35 138 50 652
35 16 434 633
35 160 455 114
35 65 500 509
35 241 248 799
35 273 158 1000
35 206 243 94
35 153 500 436
35 154 50 754
35 188 489 3
35 118 258 818
35 255 429 418
35 19 389 586
35 138 146 281
35 156 199 1000
35 59 356 845
35 45 269 394
35 216 133 969
35 2 182 616
35 160 128 547
35 152 1 614
35 261 319 852
35 2 140 1000
35 256 224 1000
35 7 8 634
35 242 128 361
35 60 341 1
35 276 364 164
35 141 497 514
35 156 154 364
35 261 343 557
35 203 492 138
35 227 241 651
35 107 193 1000
35 177 215 700
35 51 373 174
35 1 361 1
35 189 500 361
35 40 80 998
35 77 310 666
35 289 308 1
35 109 1 563
35 188 293 468
35 263 263 615
35 114 500 330
35 50 1 490
35 98 33 999
35 165 309 682
35 142 3 470
35 21 55 1000
36 37 1 283
36 87 271 709
36 75 167 1000
36 53 392 485
36 118 352 1
36 38 41 1000
36 257 288 1
36 22 131 460
36 11 301 38
36 133 500 118
36 212 221 943
36 72 143 1000
36 215 122 1000
36 278 500 317
36 87 342 711
36 124 500 410
36 3 489 502
36 273 171 839
36 243 1 516
36 229 240 831
36 95 377 1
36 107 173 1000
36 187 1 759
36 184 500 27
36 64 294 43
36 237 87 757
36 2 323 3
36 230 188 912
36 86 78 541
36 139 1 790
36 286 341 219
36 225 411 119
36 29 197 835
36 131 348 673
36 278 82 871
36 75 460 483
36 206 308 959
36 293 332 1
36 161 354 390
36 155 114 399
36 140 169 188
36 297 312 1
36 227 500 396
36 283 500 514
36 109 81 637
36 83 422 166
36 74 181 1000
36 240 271 588
36 16 234 206
36 44 164 164
36 269 337 431
36 50 500 317
36 202 337 1
36 1 500 368
36 222 438 350
36 61 279 246
36 97 90 404
36 178 216 902
36 84 311 803
36 297 287 241
36 28 199 1000
36 78 449 28
36 146 31 436
36 67 368 773
36 32 442 1
36 50 227 75
36 253 459 548
36 97 1 689
36 145 286 947
36 47 334 612
36 269 66 931
36 161 252 54
36 168 395 1
36 43 197 226
36 257 1 685
36 276 433 491
36 187 404 1
36 146 436 456
36 262 301 917
36 296 93 345
36 282 285 849
36 1 246 179
36 45 500 327
36 211 251 1
36 35 359 794
36 101 278 500
36 98 114 553
36 10 431 356
36 47 385 170
36 147 230 916
36 91 255 4
36 188 454 593
36 129 461 351
37 38 15 770
37 190 409 534
37 162 20 982
37 188 269 1
37 274 500 265
37 72 220 807
37 241 500 382
37 107 303 209
37 251 500 98
37 4 164 600
37 264 143 1000
37 4 350 604
37 44 350 1
37 201 456 152
37 117 177 1000
37 73 258 156
37 61 77 888
37 286 222 156
37 93 448 65
37 67 217 161
37 183 15 734
37 99 500 181
37 288 378 713
37 255 500 267
37 68 52 328
37 113 500 308
37 15 136 1000
37 126 62 838
37 195 114 849
37 100 162 799
37 85 442 184
37 79 74 728
37 221 496 347
37 151 115 902
37 130 403 327
37 264 239 147
37 3 274 490
37 297 377 669
37 165 92 284
37 149 117 1000
37 272 500 293
37 19 136 1000
37 186 130 297
37 107 239 350
37 246 394 304
37 112 254 1
37 118 314 420
37 222 190 244
37 283 106 710
37 201 427 518
37 66 359 466
37 182 145 1000
37 220 146 158
37 210 153 822
37 125 189 68
37 287 1 517
37 192 110 585
37 288 237 437
37 211 47 920
37 274 2 896
37 247 147 480
37 245 116 444
37 117 270 334
37 24 236 900
37 2 284 1
37 85 43 1000
37 28 211 691
37 235 323 127
37 61 374 403
37 240 484 597
37 76 412 462
37 103 50 322
37 113 324 380
37 30 138 449
37 158 1 640
37 295 283 279
37 34 206 1000
37 86 379 486
37 210 189 923
37 213 145 236
37 173 412 124
37 13 414 11
37 217 279 919
37 232 310 191
37 193 159 665
37 95 165 102
37 13 307 652
37 211 320 113
37 82 263 873
37 72 437 344
37 153 57 949
37 148 276 872
37 213 241 820
37 135 137 722
37 89 355 11
37 0 239 336
38 39 10 423
38 236 244 394
38 88 500 94
38 176 233 957
38 41 153 643
38 195 355 79
38 37 150 1000
38 177 140 867
38 99 301 338
38 166 325 837
38 181 447 1
38 70 125 1000
38 3 336 682
38 247 160 429
38 192 51 400
38 146 178 95
38 27 1 630
38 87 150 948
38 116 302 1
38 213 333 254
38 251 13 516
38 273 162 460
38 241 492 340
38 52 237 243
38 10 1 575
38 156 66 335
38 3 438 424
38 284 343 287
38 233 56 1000
38 233 466 323
38 200 470 360
38 141 324 750
38 299 1 963
38 107 247 774
38 299 386 255
38 56 379 1
38 270 376 1
38 155 324 1
38 230 468 1
38 91 290 923
38 18 365 820
38 152 113 550
38 184 220 70
38 275 178 966
38 66 275 609
38 24 73 1000
38 50 302 1
38 114 116 921
38 142 398 1
38 164 458 1
38 121 311 977
38 76 321 1
38 66 180 689
38 134 153 102
38 209 333 358
38 178 248 671
38 288 102 1000
38 45 261 1
38 53 113 989
38 53 490 91
38 23 57 858
38 67 500 277
38 245 491 317
38 42 1 535
38 42 500 425
38 30 141 1000
38 215 293 1
38 117 393 1
38 90 179 1000
38 136 179 984
38 101 332 222
38 242 198 381
38 0 76 448
38 48 90 495
38 137 75 786
38 102 340 257
38 217 397 454
38 209 99 802
38 143 346 215
38 288 433 1
38 23 241 550
38 269 439 71
38 9 337 4
38 139 386 419
38 232 205 410
38 260 241 1000
38 210 214 399
38 44 321 470
38 163 1 550
38 2 115 1000
38 229 111 1000
39 40 7 726
39 132 352 322
39 105 175 93
39 228 388 672
39 220 500 286
39 36 500 489
39 81 151 788
39 81 324 1
39 84 78 1000
39 102 500 559
39 286 156 214
39 21 178 155
39 219 95 467
39 230 500 470
39 212 27 775
39 224 258 600
39 9 492 129
39 80 1 758
39 174 248 297
39 127 198 1000
39 272 90 857
39 189 130 233
39 157 1 661
39 221 332 631
39 82 396 614
39 65 329 1
39 115 465 648
39 182 343 1
39 64 203 225
39 69 307 828
39 241 459 558
39 276 449 155
39 288 417 549
39 228 375 555
39 223 199 340
39 15 324 344
39 285 269 760
39 67 136 1000
39 136 45 894
39 263 329 599
39 88 398 755
39 30 195 1000
39 43 380 759
39 24 184 1000
39 87 2 788
39 130 500 458
39 28 171 537
39 157 450 585
39 142 500 435
39 74 333 264
39 293 480 297
39 162 183 300
39 36 292 1
39 260 149 1000
39 31 500 369
39 287 347 366
39 273 320 396
39 288 171 272
39 146 288 148
39 45 115 953
39 123 350 1
39 167 383 683
39 139 482 601
39 135 125 385
39 284 166 935
39 27 236 377
39 2 409 1
39 115 500 415
39 48 390 574
39 298 82 952
39 252 470 56
39 254 433 1
39 214 469 355
39 14 335 382
39 137 107 672
39 247 77 439
39 54 306 838
39 89 272 1
39 95 410 779
39 43 407 761
39 75 28 676
39 202 376 213
39 268 57 526
39 235 395 273
39 175 423 685
39 138 171 928
39 110 187 762
39 166 157 281
39 253 255 304
39 43 333 294
39 7 69 700
39 193 464 627
39 248 438 523
39 232 187 271
39 74 306 1
39 282 88 595
39 163 108 1000
39 250 231 496
39 203 110 234
39 53 165 406
39 258 500 411
39 241 41 323
39 25 500 153
39 105 288 126
40 41 12 583
40 273 403 395
40 281 5 701
40 126 235 473
40 109 228 991
40 216 161 734
40 174 216 461
40 207 1 606
40 163 64 953
40 235 1 633
40 291 73 913
40 44 87 414
40 215 488 77
40 195 457 553
40 165 169 764
40 170 89 966
40 178 158 1000
40 145 95 916
40 221 332 654
40 15 197 752
40 142 161 743
40 238 338 49
40 182 500 305
40 1 226 509
40 134 1 848
40 146 500 258
40 141 296 363
40 81 500 291
40 104 304 329
40 44 427 216
40 275 500 281
40 141 306 770
40 37 1 730
40 87 261 473
40 27 1 606
40 170 288 1
40 114 103 882
40 273 446 700
40 234 379 682
40 82 225 1000
40 292 234 854
40 63 229 761
40 56 454 1
40 276 423 406
40 233 266 719
40 32 136 371
40 12 171 552
40 163 269 49
40 208 1 699
40 223 210 731
40 97 428 1
40 97 106 644
40 162 248 994
40 121 287 128
40 269 207 1000
40 224 25 509
40 274 312 833
40 43 1 668
40 91 441 688
40 203 498 526
40 38 385 1
40 214 215 905
40 173 427 113
40 267 158 250
40 141 359 1
40 290 102 1000
40 153 415 695
40 250 291 405
40 2 110 999
40 49 98 310
40 226 484 563
40 241 23 940
40 84 387 815
40 247 89 1000
40 294 329 95
40 33 391 275
40 232 288 324
40 179 1 781
40 102 287 330
40 103 29 863
40 277 500 215
40 207 220 1000
40 95 1 543
40 216 101 298
40 29 1 731
40 53 299 735
40 180 154 469
40 200 219 1000
40 0 1 791
40 107 458 418
40 167 1 964
40 188 500 53
40 4 248 999
40 234 389 677
40 44 78 593
40 15 258 821
40 72 110 220
40 239 1 429
40 11 118 906
40 169 115 1000
40 128 64 828
40 250 246 494
40 165 272 317
40 58 278 745
40 123 373 77
40 287 121 1000
40 55 320 7
40 186 104 245
40 199 1 625
41 42 8 616
41 225 500 503
41 119 218 483
41 77 348 1
41 113 500 463
41 266 500 246
41 130 197 203
41 3 500 324
41 42 162 107
41 47 305 194
41 217 1 624
41 82 274 139
41 38 259 775
41 179 274 1000
41 160 245 699
41 276 237 325
41 219 152 995
41 288 385 245
41 218 1 791
41 190 111 643
41 248 403 339
41 24 500 393
41 8 297 830
41 92 332 782
41 194 220 254
41 53 336 1
41 158 108 645
41 46 82 1000
41 237 1 755
41 158 58 444
41 26 165 466
41 15 197 1000
41 60 378 82
41 145 211 715
41 161 258 910
41 34 316 192
41 209 61 330
41 295 472 481
41 99 157 1000
41 64 364 733
41 226 147 312
41 109 474 398
41 184 127 717
41 15 317 580
41 130 1 450
41 81 500 334
41 5 172 152
41 208 166 1000
41 91 283 1000
41 172 191 673
41 13 89 323
41 256 121 935
41 165 413 265
41 261 1 621
41 101 500 304
41 85 126 811
41 125 229 467
41 236 207 487
41 155 36 990
41 171 159 816
41 295 307 417
41 43 188 592
41 185 9 395
41 220 252 843
41 103 412 335
41 232 267 722
41 138 323 199
41 296 138 895
41 10 68 853
41 107 1 905
41 125 1 862
41 2 195 785
41 168 260 732
41 280 389 420
41 18 295 337
41 121 153 557
41 249 230 893
41 164 92 740
41 46 242 704
41 77 167 206
41 11 169 395
41 151 500 76
41 69 353 272
41 86 177 513
41 279 214 818
41 220 202 120
41 148 390 1
41 54 130 440
42 43 14 688
42 113 76 552
42 250 108 974
42 149 390 257
42 167 218 207
42 123 360 85
42 80 19 405
42 172 133 232
42 8 280 67
42 187 239 623
42 287 146 363
42 159 1 502
42 295 447 462
42 230 358 172
42 284 109 392
42 109 377 788
42 276 193 1000
42 267 341 406
42 261 33 627
42 11 272 294
42 281 1 898
42 208 500 375
42 164 473 392
42 149 500 249
42 51 116 680
42 258 356 803
42 199 122 766
42 132 137 753
42 276 500 230
42 131 193 315
42 41 261 280
42 39 308 289
42 124 225 1000
42 285 450 12
42 140 137 516
42 8 357 818
42 104 439 1
42 80 394 195
42 295 323 1
42 283 439 240
42 5 95 879
42 251 164 339
42 235 5 841
42 206 500 263
42 257 47 1000
42 285 373 1
42 267 290 874
42 174 272 101
42 76 500 311
42 299 36 1000
42 61 154 675
42 296 305 258
42 32 226 449
42 26 392 645
42 257 183 603
42 272 92 834
42 90 226 437
42 211 245 900
42 108 201 61
42 90 8 921
42 225 391 345
42 136 1 865
42 192 400 482
42 81 285 301
42 52 331 1
42 173 363 649
42 98 257 93
42 188 215 1
42 214 413 373
42 97 158 730
42 263 93 765
42 259 24 407
42 197 301 1
42 96 140 895
42 57 249 132
42 59 489 293
42 266 1 629
42 283 165 640
42 178 139 383
42 64 304 515
42 297 1 708
42 38 84 903
42 204 312 947
42 104 6 962
42 102 251 706
42 175 242 843
42 91 249 844
42 166 101 467
42 9 44 467
42 99 199 991
42 246 73 368
42 293 445 498
42 106 281 899
42 264 415 719
42 251 334 519
42 83 308 1
42 208 161 1000
42 48 1 793
42 206 194 1000
42 68 114 1000
42 210 256 78
42 93 1 745
42 18 141 217
43 44 14 719
43 269 500 512
43 235 193 280
43 246 336 41
43 15 394 13
43 56 342 141
43 33 423 111
43 4 500 279
43 246 1 628
43 96 234 1
43 36 26 1000
43 67 11 946
43 242 429 407
43 133 262 698
43 274 1 596
43 179 62 383
43 293 1 671
43 253 133 967
43 256 405 221
43 153 145 208
43 264 202 899
43 188 92 998
43 104 244 360
43 37 500 315
43 3 427 716
43 134 226 975
43 177 102 384
43 53 132 211
43 178 33 477
43 70 169 594
43 161 321 43
43 155 383 570
43 134 258 36
43 291 500 298
43 272 138 1000
43 293 17 982
43 68 383 185
43 133 316 1
43 108 366 441
43 243 15 948
43 219 375 705
43 260 215 870
43 277 254 918
43 5 275 196
43 41 117 1000
43 281 362 129
43 83 62 691
43 253 423 244
43 8 35 850
43 61 152 405
43 280 37 749
43 103 335 1
43 0 257 1000
43 14 338 303
43 22 393 1
43 199 90 540
43 78 358 665
43 240 8 452
43 152 301 474
43 116 49 841
43 140 340 658
43 39 500 375
43 156 184 478
43 159 167 1000
43 144 16 670
43 225 186 512
43 156 269 712
43 69 1 813
43 295 123 478
43 130 325 42
43 109 500 281
43 166 342 255
43 32 424 467
43 170 277 922
43 193 163 212
43 299 224 904
43 269 156 662
43 272 168 982
43 146 353 282
43 121 1 610
43 36 425 363
43 191 102 1000
43 13 394 63
43 186 142 748
43 182 260 1
43 134 312 1
43 263 122 246
43 239 327 231
43 20 248 586
43 91 349 230
43 144 118 1000
43 91 149 875
43 239 347 1
43 245 82 726
43 194 435 722
43 48 214 268
44 45 6 515
44 109 500 49
44 168 235 793
44 213 227 808
44 233 150 121
44 256 123 263
44 218 331 411
44 110 169 698
44 162 353 441
44 96 320 1
44 243 234 139
44 224 119 259
44 147 255 242
44 155 82 819
44 176 27 647
44 218 59 1000
44 8 500 356
44 66 63 700
44 198 1 781
44 252 396 348
44 167 149 187
44 224 1 713
44 161 277 427
44 104 45 540
44 276 156 499
44 150 24 448
44 124 333 367
44 248 404 1
44 97 268 218
44 268 24 778
44 43 243 349
44 197 500 317
44 246 497 169
44 255 356 211
44 24 155 861
44 54 406 742
44 224 342 396
44 232 203 780
44 65 194 894
44 266 187 1000
44 58 500 326
44 235 283 7
44 245 327 680
44 62 339 407
44 177 1 729
44 59 389 788
44 289 241 888
44 105 121 1000
44 255 188 1000
44 140 319 127
44 19 129 978
44 248 86 844
44 246 61 663
44 254 302 978
44 49 182 794
44 159 426 1
44 75 217 1
44 249 128 376
44 65 135 1000
44 227 60 947
44 190 500 397
44 59 183 88
44 180 1 661
44 160 32 611
44 36 1 551
44 15 372 681
44 63 414 596
44 249 79 435
44 109 425 60
44 100 1 683
44 152 240 784
44 53 315 838
44 146 405 1
44 85 1 674
44 235 3 935
44 123 247 766
44 96 359 1
44 134 298 1
44 9 24 982
44 63 309 742
44 43 190 444
44 245 1 911
44 176 415 462
44 104 203 788
44 268 269 935
44 51 289 274
44 15 500 20
44 266 281 302
44 169 390 1
44 191 166 184
44 140 186 382
44 244 1 687
44 161 336 39
44 136 70 313
44 185 154 176
44 296 500 316
44 48 302 447
44 24 164 897
44 89 69 743
44 267 500 161
44 11 180 1000
44 45 53 428
44 48 1 630
44 59 1 486
44 272 72 402
45 46 11 244
45 49 217 327
45 76 97 940
45 54 36 1000
45 245 151 457
45 187 236 544
45 11 155 313
45 195 478 314
45 261 265 565
45 49 305 692
45 277 444 644
45 4 408 1
45 55 337 25
45 64 438 150
45 161 195 348
45 240 275 1
45 127 181 1000
45 9 167 620
45 147 206 388
45 75 256 255
45 181 500 344
45 205 105 387
45 98 115 230
45 275 214 116
45 222 28 414
45 189 169 1000
45 263 110 598
45 271 293 1
45 9 374 204
45 147 500 88
45 129 378 469
45 140 143 910
45 122 168 748
45 59 431 522
45 165 144 198
45 127 500 260
45 124 232 1
45 243 23 704
45 265 211 901
45 275 385 1
45 143 491 152
45 278 1 557
45 130 91 319
45 73 452 421
45 21 235 1000
45 54 104 199
45 270 1 702
45 223 402 51
45 121 381 321
45 273 34 923
45 283 210 386
45 76 173 786
45 188 173 659
45 222 47 929
45 142 177 119
45 291 13 629
45 243 47 311
45 231 188 707
45 37 359 694
45 90 267 1000
45 0 202 596
45 106 500 264
45 141 327 567
45 208 149 314
45 178 249 281
45 86 466 1
45 57 1 693
45 187 291 56
45 118 1 918
45 65 146 277
45 188 191 1000
45 166 253 199
45 246 1 738
45 116 317 390
45 18 379 481
45 126 394 792
45 57 353 419
45 272 458 79
45 10 67 481
45 260 500 376
45 248 390 155
45 189 108 440
45 248 68 564
45 61 273 40
45 265 112 581
45 115 66 929
45 53 334 1
45 293 439 61
45 104 455 1
45 180 438 718
45 278 273 1000
45 265 300 387
45 6 500 456
45 10 126 753
45 286 182 1000
45 35 187 48
45 78 307 1
45 138 338 1
45 297 1 735
45 172 30 666
46 47 8 772
46 5 362 4
46 52 224 752
46 67 135 1000
46 285 274 252
46 23 433 721
46 136 206 543
46 10 453 546
46 217 170 779
46 193 1 708
46 174 190 164
46 81 317 832
46 68 148 353
46 147 104 817
46 25 345 1
46 259 279 679
46 293 324 779
46 287 195 891
46 199 292 811
46 213 500 323
46 160 248 1
46 42 218 167
46 183 467 134
46 240 195 153
46 244 316 798
46 145 185 1000
46 191 192 1000
46 130 393 643
46 271 270 281
46 268 442 227
46 284 152 1000
46 113 188 1000
46 139 51 1000
46 215 211 142
46 216 237 923
46 43 484 485
46 186 40 740
46 222 221 259
46 118 228 246
46 6 247 149
46 239 140 1000
46 212 1 737
46 69 109 1000
46 116 314 1
46 95 118 756
46 139 284 139
46 141 66 1000
46 13 144 687
46 248 403 180
46 126 152 514
46 34 1 778
46 63 90 300
46 25 216 984
46 226 141 624
46 99 16 935
46 17 500 339
46 235 316 344
46 204 58 948
46 188 147 969
46 146 26 948
46 249 41 936
46 54 15 920
46 246 99 1000
46 50 298 315
46 152 1 727
46 167 202 722
46 222 1 547
46 143 1 814
46 251 309 1
46 140 92 659
46 142 227 781
46 293 494 435
46 38 197 776
46 71 213 187
46 59 278 619
46 19 84 324
46 81 390 80
46 297 202 373
46 38 270 1000
46 214 500 208
46 182 1 718
46 282 81 849
46 112 500 355
46 161 151 532
46 186 273 468
46 287 89 1000
46 49 460 550
46 68 151 295
46 280 351 616
46 2 338 65
46 75 384 110
46 40 186 438
46 68 314 153
46 249 121 910
46 259 271 829
46 224 394 287
46 43 178 736
46 283 337 241
46 15 448 1
46 116 467 176
46 295 396 794
47 48 3 716
47 120 182 875
47 129 111 1000
47 273 54 458
47 252 17 425
47 93 325 420
47 90 115 1000
47 141 250 516
47 25 310 620
47 70 371 1
47 270 253 663
47 2 217 289
47 200 236 380
47 83 435 543
47 55 313 1
47 141 48 417
47 262 13 759
47 72 83 742
47 14 500 421
47 168 166 614
47 241 320 180
47 21 1 892
47 271 401 760
47 289 199 252
47 119 462 598
47 281 23 493
47 292 167 752
47 134 392 407
47 121 276 925
47 262 371 737
47 122 10 543
47 214 44 914
47 151 403 645
47 215 39 1000
47 209 112 1000
47 266 389 1
47 151 100 684
47 263 500 270
47 38 227 498
47 23 74 841
47 223 108 897
47 30 1 858
47 241 1 764
47 78 295 1
47 137 500 368
47 222 22 470
47 80 218 1
47 62 86 576
47 236 1 529
47 65 214 699
47 237 447 95
47 131 136 971
47 278 147 1000
47 166 266 423
47 219 343 1
47 182 263 806
47 127 194 646
47 65 135 355
47 62 11 915
47 170 500 292
47 128 13 919
47 274 443 534
47 263 63 318
47 215 144 948
47 229 204 505
47 194 177 321
47 39 213 835
47 89 431 1
47 9 340 446
47 112 142 412
47 117 356 198
47 45 260 1
47 244 3 854
47 161 480 574
47 166 182 248
47 116 38 942
47 260 389 456
47 139 189 923
47 252 1 917
47 25 500 349
47 149 361 61
47 102 500 28
47 80 221 76
47 274 133 597
47 38 121 169
47 246 341 62
47 213 1 690
47 214 448 148
47 170 286 69
47 2 473 199
47 249 133 1000
47 114 156 399
47 21 152 684
47 229 147 842
47 2 500 416
47 291 1 604
47 159 370 398
47 148 204 264
47 239 219 215
47 136 78 359
47 269 187 629
47 141 329 111
48 49 10 745
48 200 339 1
48 154 491 1
48 260 1 699
48 278 413 506
48 212 275 661
48 122 308 910
48 22 460 28
48 177 312 83
48 152 147 1000
48 230 276 180
48 120 291 305
48 11 38 475
48 263 95 710
48 108 500 197
48 73 1 649
48 127 211 1
48 112 147 176
48 111 136 438
48 147 486 223
48 117 1 994
48 206 184 1000
48 7 71 569
48 59 274 203
48 245 428 35
48 41 1 721
48 124 500 408
48 211 102 1000
48 270 329 417
48 154 292 512
48 167 396 701
48 54 128 649
48 52 123 633
48 3 74 507
48 299 145 388
48 169 452 213
48 89 307 892
48 244 382 1
48 266 221 619
48 154 339 171
48 110 203 337
48 103 161 224
48 233 500 138
48 284 222 549
48 137 311 252
48 235 275 645
48 198 1 771
48 243 394 1
48 121 87 729
48 243 500 522
48 27 1 706
48 168 367 540
48 75 289 988
48 220 141 1000
48 97 261 226
48 176 200 735
48 194 500 584
48 24 179 694
48 126 208 877
48 249 75 1000
48 98 70 833
48 281 166 106
48 123 110 431
48 153 433 630
48 267 51 1000
48 106 2 498
48 213 500 84
48 208 260 645
48 97 185 1000
48 182 1 748
48 89 463 358
48 218 244 280
48 79 471 385
48 182 143 182
48 244 500 229
48 25 201 1000
48 131 110 1000
48 291 118 739
48 113 1 536
48 233 324 563
48 34 406 471
48 97 244 129
48 216 183 647
48 264 303 911
48 173 207 958
48 203 1 904
48 220 451 633
48 38 67 720
49 50 16 713
49 284 1 589
49 81 51 583
49 238 358 317
49 36 448 32
49 44 1 788
49 185 222 648
49 192 314 540
49 105 355 683
49 112 500 511
49 155 208 992
49 135 132 1000
49 157 187 964
49 253 1 749
49 266 6 390
49 262 85 1000
49 17 348 1
49 26 3 797
49 188 91 753
49 175 420 218
49 29 40 505
49 41 372 43
49 54 500 23
49 164 198 1000
49 25 41 440
49 223 484 204
49 93 1 642
49 226 211 747
49 83 1 963
49 61 205 266
49 131 41 587
49 266 433 676
49 255 92 528
49 206 443 1
49 98 343 1
49 188 483 620
49 36 275 1
49 21 23 955
49 110 26 898
49 195 301 281
49 30 1 636
49 147 121 726
49 283 41 553
49 298 499 467
49 217 327 1
49 138 500 164
49 264 1 580
49 106 500 292
49 243 166 1000
49 277 7 715
49 249 500 45
49 137 111 734
49 146 337 491
49 101 44 903
49 169 251 418
49 124 120 1000
49 227 87 950
49 111 118 536
49 62 250 1
49 158 246 994
49 29 1 607
49 154 475 1
49 89 142 297
49 292 435 686
49 161 194 677
49 113 393 233
49 281 1 677
49 168 141 301
49 221 132 607
49 215 300 613
49 252 152 317
49 159 261 613
49 227 500 240
49 231 275 65
49 116 370 1
49 72 500 406
49 17 109 414
49 246 378 577
49 230 393 68
49 48 185 918
49 25 1 769
49 37 500 199
49 271 1 844
49 262 405 664
50 51 7 723
50 246 279 1
50 290 45 641
50 240 192 1000
50 158 118 876
50 292 153 272
50 36 124 445
50 14 314 575
50 151 266 931
50 52 303 294
50 224 350 434
50 33 244 233
50 131 359 881
50 150 94 851
50 87 106 299
50 296 206 185
50 2 386 717
50 289 500 213
50 150 252 75
50 209 446 230
50 42 1 578
50 83 352 1
50 106 463 203
50 184 272 339
50 59 41 467
50 272 434 349
50 219 29 476
50 287 53 515
50 181 231 1000
50 182 140 876
50 273 157 1000
50 78 342 762
50 239 432 1
50 131 95 382
50 244 53 708
50 75 305 252
50 17 62 566
50 149 126 961
50 241 156 859
50 232 183 197
50 159 133 433
50 172 157 669
50 287 319 28
50 1 493 195
50 163 103 537
50 231 492 609
50 86 102 797
50 192 374 746
50 265 4 487
50 167 296 401
50 177 458 144
50 193 480 377
50 113 1 697
50 2 199 1000
50 212 290 248
50 202 1 604
50 55 264 50
50 157 350 889
50 26 495 438
50 210 500 228
50 59 348 457
50 299 293 899
50 251 476 49
50 274 1 724
50 115 214 1000
50 218 338 1
50 53 186 589
50 227 319 890
50 252 62 1000
50 2 304 982
50 277 236 307
50 298 178 609
50 242 177 141
50 105 279 210
50 158 500 97
50 278 420 1
50 168 422 417
50 10 188 982
50 106 434 626
50 189 428 317
50 292 500 292
50 60 227 98
50 49 206 94
50 140 61 561
50 277 186 876
50 235 1 636
50 162 500 308
50 191 1 707
50 211 391 491
50 103 397 767
50 6 304 1
50 93 277 1
50 3 170 768
51 52 16 885
51 259 244 548
51 57 175 296
51 79 8 567
51 28 12 926
51 29 262 799
51 21 94 357
51 43 1 719
51 236 396 260
51 17 334 1
51 144 388 237
51 235 25 593
51 56 345 1
51 173 500 398
51 104 500 356
51 183 500 199
51 239 1 698
51 176 239 286
51 201 500 367
51 128 1 500
51 59 174 891
51 108 403 427
51 115 312 158
51 117 183 633
51 16 241 626
51 256 198 453
51 181 337 764
51 232 91 674
51 50 439 311
51 226 419 259
51 249 448 674
51 284 500 250
51 244 313 528
51 85 47 707
51 62 438 653
51 69 139 716
51 281 192 990
51 202 106 1000
51 283 500 431
51 108 258 233
51 86 467 279
51 33 240 64
51 293 1 673
51 195 243 705
51 152 333 1
51 72 353 1
51 89 1 548
51 45 1 714
51 175 242 659
51 123 116 327
51 110 374 423
51 32 340 1
51 60 431 395
51 52 160 953
51 210 235 527
51 242 500 341
51 264 378 723
51 177 172 619
51 268 426 1
51 153 297 65
51 277 500 73
51 122 480 550
51 203 103 620
51 177 500 511
51 38 405 487
51 267 103 1000
51 20 82 402
51 91 368 269
51 74 1 802
51 31 129 527
51 223 230 774
51 94 144 1000
51 184 6 782
51 159 1 553
51 225 255 52
51 284 321 114
51 243 12 662
51 140 424 521
51 191 473 428
51 249 1 488
51 184 151 492
51 293 421 102
51 267 227 182
51 258 149 1000
51 81 160 305
51 274 229 404
51 7 500 419
51 219 500 232
51 75 124 1000
51 291 368 1
51 243 219 1000
51 28 349 773
51 66 500 85
51 242 433 474
51 122 1 859
51 117 314 281
51 81 134 588
51 127 356 138
51 174 55 721
51 252 126 175
51 108 202 909
51 21 116 499
51 96 216 1
51 176 500 288
51 164 197 934
51 3 154 860
51 55 175 1000
51 11 330 211
52 53 9 690
52 289 13 897
52 254 107 429
52 144 130 311
52 82 337 330
52 250 186 504
52 143 101 465
52 209 218 385
52 3 1 474
52 285 423 641
52 131 1 661
52 296 47 934
52 255 500 223
52 123 474 57
52 31 152 120
52 262 500 455
52 227 447 468
52 189 481 440
52 137 389 555
52 55 456 410
52 202 423 73
52 110 254 560
52 19 79 487
52 20 135 467
52 114 173 821
52 272 493 181
52 171 33 438
52 139 176 269
52 13 169 586
52 207 500 512
52 42 401 346
52 48 269 533
52 193 1 877
52 231 1 638
52 132 500 395
52 297 135 1000
52 214 291 477
52 147 212 856
52 180 21 717
52 57 203 710
52 200 423 692
52 3 26 695
52 88 398 456
52 260 169 1000
52 234 84 1000
52 107 170 297
52 20 458 462
52 295 237 942
52 138 277 263
52 298 33 572
52 179 260 3
52 247 77 256
52 269 381 586
52 208 262 1
52 98 140 149
52 178 500 178
52 151 92 228
52 287 234 888
52 67 305 303
52 205 436 4
52 170 76 433
52 45 214 642
52 65 162 947
52 94 460 1
52 226 99 749
52 105 27 539
52 232 281 974
52 299 180 961
52 143 371 444
52 0 443 160
52 0 58 771
52 43 280 293
52 219 92 906
52 172 1 838
52 72 235 934
52 241 265 626
52 227 216 88
52 85 1 608
52 71 364 603
52 49 1 437
52 85 110 294
52 290 436 567
52 72 362 404
52 258 113 199
52 78 385 1
52 209 196 337
52 293 123 864
52 146 500 310
52 34 129 359
52 146 84 1000
52 243 500 374
52 122 358 340
52 284 172 1000
52 29 341 206
52 108 266 190
53 54 10 643
53 130 372 323
53 242 29 401
53 158 285 971
53 174 226 511
53 142 274 255
53 78 186 519
53 241 488 470
53 62 410 127
53 122 173 1000
53 175 256 737
53 179 63 530
53 120 141 1000
53 216 144 695
53 262 210 654
53 67 1 598
53 219 496 23
53 29 465 1
53 296 400 101
53 6 500 354
53 91 1 644
53 187 216 321
53 230 352 1
53 146 66 741
53 78 497 323
53 160 254 296
53 169 281 418
53 37 188 305
53 111 307 858
53 86 417 86
53 196 140 494
53 250 77 1000
53 187 422 162
53 280 499 451
53 68 126 899
53 75 500 485
53 31 224 621
53 155 327 416
53 200 351 556
53 262 268 1
53 35 359 140
53 249 423 1
53 282 272 667
53 185 287 1
53 2 328 82
53 189 301 154
53 262 243 501
53 87 426 1
53 93 382 706
53 288 53 882
53 117 407 1
53 115 250 1
53 168 281 71
53 2 49 789
53 281 389 512
53 166 277 377
53 39 438 215
53 215 319 881
53 256 332 128
53 296 284 94
53 68 61 321
53 290 57 419
53 83 500 263
53 105 337 1
53 90 170 1000
53 273 413 211
53 167 261 269
53 133 240 712
53 136 187 267
53 156 34 920
53 63 241 1000
53 9 458 21
53 291 190 851
53 194 500 252
53 48 279 1
53 37 397 317
53 203 258 274
53 224 117 1000
53 151 96 903
53 43 16 763
53 124 175 338
53 119 304 1
53 244 265 1
53 162 348 292
53 293 307 76
53 292 65 403
53 17 128 257
53 246 1 832
53 28 500 131
53 44 356 22
53 119 500 263
53 75 238 48
53 97 238 966
53 243 192 146
53 114 32 859
53 232 145 480
53 90 275 96
53 80 44 859
53 136 145 730
53 275 153 305
53 285 119 359
53 291 500 125
53 288 445 206
54 55 7 125
54 258 1 747
54 112 1 698
54 242 201 319
54 33 25 415
54 263 173 130
54 177 95 1000
54 123 352 1
54 33 84 578
54 185 345 1
54 219 409 250
54 163 178 216
54 87 339 251
54 85 306 232
54 242 389 194
54 26 33 701
54 93 1 562
54 292 285 893
54 35 471 542
54 72 163 703
54 228 82 349
54 206 320 1
54 288 500 287
54 210 350 212
54 265 1 709
54 182 1 830
54 251 218 54
54 216 1 800
54 89 456 545
54 104 297 60
54 268 202 97
54 111 115 685
54 269 125 554
54 179 363 112
54 261 27 446
54 121 480 357
54 10 267 428
54 193 500 351
54 251 334 783
54 254 136 1000
54 294 425 534
54 58 132 977
54 184 350 312
54 147 166 435
54 65 133 786
54 219 1 522
54 256 268 863
54 225 500 326
54 120 26 810
54 144 77 585
54 188 44 874
54 185 52 661
54 134 249 869
54 122 238 858
54 60 500 508
54 145 118 1000
54 217 320 609
54 16 311 380
54 256 338 444
54 34 457 409
54 250 1 647
54 0 481 323
54 147 320 426
54 129 294 1
54 57 1 826
54 129 395 792
54 176 208 399
54 53 291 238
54 211 271 473
54 283 295 631
54 192 1 857
54 109 388 248
54 58 1 736
54 230 279 914
54 81 47 602
54 289 84 297
54 46 177 703
54 196 500 433
54 220 263 962
54 58 344 10
54 248 500 428
54 288 439 717
54 25 189 285
54 201 104 1000
54 69 147 480
54 214 381 14
54 247 307 1
54 37 452 489
54 229 1 604
54 231 1 589
54 163 273 260
54 232 28 896
54 211 460 427
54 232 339 719
54 93 1 636
54 38 87 843
54 5 500 412
54 288 249 309
54 265 253 35
54 25 500 545
54 197 318 233
54 114 468 257
54 50 484 374
54 51 133 256
54 69 456 542
54 250 500 325
54 216 385 552
54 155 41 647
55 56 9 674
55 146 500 153
55 293 37 599
55 176 80 891
55 222 500 290
55 61 485 373
55 197 321 672
55 247 63 664
55 23 46 740
55 247 269 515
55 175 414 512
55 190 392 675
55 210 460 1
55 125 275 1
55 108 334 1
55 217 230 864
55 146 1 803
55 294 414 564
55 139 387 247
55 118 385 483
55 225 437 1
55 97 348 1
55 231 390 772
55 264 222 811
55 179 396 1
55 165 30 527
55 77 310 216
55 292 485 34
55 2 358 1
55 151 79 579
55 122 500 309
55 82 304 1
55 280 451 614
55 157 182 775
55 142 444 167
55 220 27 477
55 113 85 942
55 213 267 599
55 36 465 511
55 35 102 703
55 151 95 1000
55 152 12 767
55 153 470 1
55 148 1 540
55 243 344 611
55 143 95 792
55 235 434 1
55 60 64 377
55 279 306 966
55 152 245 214
55 200 78 644
55 134 130 575
55 123 17 993
55 24 288 1
55 125 131 503
55 174 1 437
55 110 204 809
55 67 341 190
55 185 1 641
55 113 254 1
55 107 62 541
55 90 335 320
55 174 84 895
55 10 459 41
55 215 428 664
55 89 47 777
55 283 246 795
55 101 196 680
55 216 1 649
55 59 392 1
55 266 64 724
55 88 453 19
55 130 5 554
55 283 356 268
55 62 200 468
55 9 118 225
55 53 427 382
56 57 16 201
56 149 363 475
56 255 168 757
56 226 1 508
56 62 231 403
56 243 337 663
56 103 223 960
56 73 474 354
56 182 500 335
56 273 432 292
56 174 319 1
56 203 106 988
56 62 334 819
56 133 500 129
56 114 195 1000
56 182 224 898
56 128 1 724
56 216 351 378
56 44 223 273
56 96 49 945
56 39 474 490
56 163 205 356
56 163 113 1000
56 246 119 991
56 140 1 631
56 255 273 292
56 83 336 299
56 37 1 551
56 107 361 795
56 207 252 730
56 219 86 607
56 46 480 238
56 280 432 260
56 154 323 1
56 254 185 122
56 193 390 721
56 39 285 175
56 168 346 739
56 283 307 448
56 183 314 672
56 3 500 463
56 55 500 537
56 43 305 675
56 75 77 1000
56 254 1 699
56 118 203 1000
56 123 492 511
56 130 439 255
56 29 103 1000
56 237 1 649
56 127 387 1
56 34 500 478
56 130 245 171
56 28 114 521
56 121 182 441
56 282 209 276
56 227 280 1
56 45 94 1000
56 275 237 709
56 189 163 771
56 22 79 926
56 96 259 156
56 256 460 496
56 215 135 373
56 41 196 445
56 160 442 596
56 127 1 521
56 66 297 1
56 18 198 1000
56 198 277 607
56 161 291 257
56 10 469 26
56 190 71 996
56 109 54 836
56 14 349 404
56 153 133 1000
56 171 307 1
56 44 134 170
56 91 90 570
56 25 253 56
56 299 148 511
56 217 355 1
56 267 351 94
56 254 154 507
56 168 146 1000
56 149 438 673
56 284 100 741
56 162 33 758
56 101 356 232
56 182 41 421
56 198 500 355
56 117 298 53
56 0 409 1
56 24 128 1000
56 202 362 98
56 238 203 696
56 258 169 1000
56 142 202 753
57 58 2 781
57 32 467 63
57 291 29 685
57 234 468 217
57 89 391 72
57 200 115 600
57 65 1 457
57 275 108 622
57 127 458 240
57 171 262 216
57 81 260 722
57 156 28 1000
57 205 282 580
57 61 433 179
57 135 219 704
57 211 129 388
57 62 500 183
57 171 248 733
57 296 289 725
57 246 229 1000
57 1 494 541
57 167 121 581
57 11 472 606
57 136 336 1
57 261 443 650
57 132 60 545
57 0 1 799
57 79 155 97
57 38 449 604
57 250 90 1000
57 152 362 77
57 222 428 1
57 14 274 831
57 99 122 223
57 154 500 285
57 29 244 515
57 225 481 321
57 293 445 386
57 152 311 280
57 165 308 555
57 163 409 588
57 165 500 342
57 139 16 735
57 127 410 152
57 290 459 152
57 285 286 529
57 3 1 799
57 83 221 232
57 258 1 737
57 298 173 434
57 257 183 751
57 25 403 644
57 3 299 321
57 42 1 506
57 200 110 346
57 119 54 1000
57 18 244 270
57 128 286 209
57 46 500 315
57 103 434 457
57 180 15 793
57 46 444 1
57 254 119 804
57 123 1 857
57 124 229 764
57 45 1 765
57 191 176 563
57 70 373 1
57 283 278 147
57 126 134 1000
57 225 350 96
57 148 187 46
57 79 1 466
57 264 128 859
57 238 1 592
57 143 120 622
57 81 423 508
57 117 436 383
57 40 448 1
57 20 307 385
57 12 275 721
57 265 303 31
57 30 97 1000
57 144 137 1000
57 33 398 1
57 106 39 796
57 225 119 785
57 241 221 464
57 175 168 350
57 213 50 515
57 103 234 368
57 274 297 361
57 30 401 605
57 217 153 168
57 194 383 569
57 115 1 945
57 177 318 511
57 24 18 701
57 246 299 237
57 142 432 697
57 71 26 555
57 94 99 994
57 123 269 148
57 226 141 1000
57 182 500 426
57 280 242 496
57 172 18 405
57 270 391 1
57 25 471 566
57 141 148 533
57 133 500 338
57 75 451 405
57 44 318 862
57 54 225 455
57 273 369 530
58 59 14 1
58 135 342 1
58 181 61 690
58 213 47 787
58 68 1 442
58 138 149 894
58 242 41 581
58 218 101 1000
58 208 441 681
58 263 120 811
58 68 332 1
58 49 1 691
58 98 284 312
58 16 1 702
58 257 134 438
58 179 286 1
58 151 174 900
58 54 230 582
58 97 500 148
58 200 132 573
58 231 472 24
58 75 469 260
58 231 125 269
58 286 299 498
58 77 134 1000
58 286 500 312
58 227 1 422
58 244 178 1000
58 79 85 286
58 220 199 260
58 273 1 688
58 117 10 835
58 67 350 1
58 126 369 119
58 24 153 1000
58 184 63 710
58 255 310 816
58 262 1 694
58 176 309 188
58 93 315 61
58 61 385 194
58 182 266 1
58 97 134 1000
58 190 278 248
58 98 100 354
58 71 1 522
58 228 181 1000
58 23 245 614
58 86 120 728
58 259 324 1
58 55 262 964
58 5 250 1000
58 114 344 447
58 77 153 1000
58 251 337 1
58 38 291 622
58 148 489 505
58 194 425 1
58 73 388 776
58 95 432 237
58 151 180 196
58 119 210 451
58 171 65 911
58 26 379 1
58 32 276 1
58 267 371 1
58 198 261 14
58 13 22 629
58 41 39 479
58 145 464 59
58 237 247 1000
58 159 363 1
58 178 160 611
58 141 500 307
58 273 61 403
58 166 163 902
58 214 373 324
58 112 349 331
58 182 402 662
58 67 44 872
58 180 435 1
58 188 500 275
58 171 343 730
58 260 500 77
58 230 128 733
58 183 189 434
58 11 256 965
58 201 119 852
58 261 1 712
58 181 238 215
58 134 135 978
58 171 220 536
58 156 221 1000
58 7 332 730
58 6 478 576
58 250 368 157
58 267 349 770
58 198 374 1
58 165 331 99
58 106 197 242
58 269 500 240
58 201 49 545
58 123 102 748
58 88 55 1000
58 242 40 875
58 271 382 454
58 276 335 1
58 55 500 360
59 60 8 990
59 179 494 94
59 38 84 646
59 12 347 704
59 27 500 323
59 163 480 290
59 53 74 959
59 157 249 40
59 112 208 1000
59 89 362 522
59 26 391 268
59 287 286 148
59 240 377 1
59 166 304 555
59 23 1 642
59 227 189 600
59 266 171 278
59 218 53 665
59 62 1 691
59 201 221 355
59 34 304 970
59 283 207 206
59 245 500 176
59 170 226 872
59 259 166 803
59 179 146 972
59 49 165 739
59 22 275 749
59 225 12 767
59 261 112 863
59 186 60 947
59 233 355 484
59 110 361 593
59 249 247 968
59 298 295 814
59 53 92 990
59 283 42 1000
59 135 410 751
59 282 381 519
59 240 375 1
59 69 302 422
59 147 1 714
59 98 198 295
59 240 201 85
59 137 346 821
59 139 373 736
59 81 344 236
59 105 295 398
59 106 497 361
59 95 136 282
59 89 471 86
59 58 1 682
59 70 300 535
59 70 347 1
59 179 263 171
59 54 66 617
59 216 376 585
59 132 127 775
59 66 468 455
59 53 290 752
59 280 254 855
59 163 500 311
59 259 63 448
59 73 201 377
59 283 64 792
59 136 113 1000
59 16 416 348
59 103 291 506
59 238 137 1000
59 215 500 340
59 137 204 318
59 85 423 1
59 183 135 1000
59 208 426 734
59 151 24 579
59 0 242 139
59 40 337 129
59 48 185 869
59 82 270 806
59 249 399 616
59 189 500 90
59 267 346 1
59 99 399 663
59 259 158 565
59 271 1 761
59 177 238 1000
59 67 314 1
59 163 388 1
59 60 265 87
59 23 306 510
59 182 364 153
59 226 500 217
59 231 500 163
59 19 278 722
59 233 100 619
59 107 209 1000
59 283 284 1
59 19 478 211
59 65 211 1000
59 265 180 87
59 225 126 362
59 299 407 384
59 255 21 629
59 235 163 939
59 86 246 1
59 286 441 273
60 61 1 576
60 263 366 788
60 54 500 368
60 66 188 1000
60 114 315 885
60 34 264 1
60 179 360 853
60 38 500 351
60 40 441 697
60 189 276 14
60 85 331 1
60 234 376 758
60 21 160 1000
60 290 202 1000
60 240 339 431
60 191 421 318
60 286 368 520
60 150 158 680
60 150 384 192
60 35 264 1
60 94 124 794
60 188 213 844
60 10 355 26
60 159 500 231
60 68 209 331
60 108 328 397
60 287 1 486
60 88 448 1
60 36 83 883
60 114 392 1
60 179 189 1000
60 182 189 433
60 138 486 1
60 213 420 391
60 251 174 1000
60 124 253 609
60 49 205 290
60 212 373 592
60 254 373 10
60 123 301 810
60 177 258 766
60 246 257 1000
60 81 274 623
60 51 1 678
60 76 173 602
60 251 1 914
60 285 153 541
60 32 353 600
60 179 500 212
60 288 30 474
60 61 278 1
60 51 313 444
60 172 387 745
60 120 335 1
60 2 431 298
60 245 1 599
60 37 346 751
60 254 64 935
60 24 182 873
60 32 41 651
60 17 1 820
60 15 367 772
60 290 179 472
60 132 452 552
60 140 312 282
60 149 70 589
60 175 440 186
60 292 39 554
60 49 26 737
60 33 438 1
60 201 150 516
60 136 82 506
60 158 289 597
60 49 125 870
60 51 44 448
60 166 8 617
60 61 1 580
60 238 98 550
60 185 14 600
60 138 101 837
60 1 150 907
60 150 270 194
60 293 337 396
60 146 175 241
60 4 151 323
60 51 395 320
60 92 126 412
60 164 333 1
60 178 202 805
60 94 500 550
60 99 49 1000
60 134 262 733
60 290 1 790
60 204 329 837
60 202 61 600
60 181 309 1
60 249 380 561
60 35 430 1
60 266 152 720
60 290 489 580
60 148 42 608
60 294 1 647
60 139 3 993
60 78 199 177
60 23 386 1
60 215 1 783
60 210 301 993
60 192 250 73
60 5 452 356
60 287 46 832
60 30 318 290
60 64 1 875
60 187 298 153
61 62 16 364
61 201 17 896
61 106 315 576
61 264 27 897
61 209 386 325
61 244 497 165
61 283 209 970
61 126 473 412
61 289 70 705
61 13 141 671
61 22 325 417
61 104 1 461
61 137 158 994
61 198 293 426
61 254 283 446
61 135 75 840
61 38 137 814
61 261 227 275
61 91 119 624
61 19 223 775
61 39 338 1
61 76 500 53
61 158 7 762
61 262 500 291
61 90 55 1000
61 241 173 1000
61 178 30 588
61 230 500 213
61 124 232 1000
61 145 172 1000
61 291 86 1000
61 50 172 1000
61 230 386 517
61 113 406 360
61 114 107 696
61 144 163 518
61 158 389 746
61 259 262 441
61 79 200 944
61 72 345 646
61 297 412 1
61 104 171 610
61 238 35 985
61 255 53 731
61 4 397 368
61 90 181 509
61 246 500 357
61 22 500 376
61 204 1 522
61 79 172 228
61 93 383 372
61 115 300 824
61 229 428 200
61 5 500 416
61 277 469 641
61 114 363 626
61 106 1 659
61 79 315 1
61 181 482 43
61 258 1 538
61 26 500 155
61 65 307 18
61 136 12 514
61 288 35 666
61 268 375 248
61 5 1 773
61 296 500 214
61 86 88 385
61 266 264 594
61 295 1 844
61 164 348 1
61 58 161 1000
61 70 129 903
61 278 292 385
61 93 240 42
61 69 482 578
61 173 239 289
61 41 216 434
61 211 495 490
61 134 294 200
61 1 238 92
61 225 199 384
61 187 369 781
61 186 64 277
61 191 148 680
61 161 103 360
61 109 144 903
61 147 483 561
61 179 241 267
61 236 383 420
61 278 3 953
61 90 339 845
61 9 219 170
61 232 299 794
61 173 201 698
61 177 1 702
61 136 339 243
61 96 500 197
61 161 276 653
61 231 270 550
61 160 151 804
61 154 141 969
61 119 10 881
61 149 468 109
61 106 353 459
61 18 406 723
61 98 402 330
61 232 94 810
61 295 159 350
61 77 164 1000
61 57 260 1
61 153 404 213
61 89 451 384
61 50 91 841
61 271 1 647
61 100 456 26
61 86 245 120
61 101 285 327
61 74 347 235
62 63 7 136
62 96 399 1
62 169 189 1000
62 289 365 549
62 92 1 954
62 247 167 331
62 10 188 755
62 95 196 952
62 275 248 470
62 145 240 352
62 229 358 441
62 208 203 1000
62 41 500 260
62 88 420 231
62 5 455 238
62 250 328 1
62 193 155 1000
62 154 318 137
62 39 500 273
62 266 278 23
62 8 23 1000
62 205 500 284
62 211 157 607
62 159 290 512
62 2 21 739
62 176 428 404
62 169 291 215
62 154 179 1000
62 211 168 1000
62 204 1 779
62 139 234 556
62 30 293 202
62 188 237 394
62 128 1 931
62 290 409 241
62 23 316 563
62 60 286 439
62 106 500 180
62 97 243 67
62 0 22 549
62 290 41 1000
62 42 167 150
62 23 1 764
62 24 281 500
62 127 335 1
62 51 500 373
62 120 419 187
62 27 34 501
62 265 57 491
62 221 500 285
62 197 63 961
62 92 185 885
62 282 1 446
62 93 89 568
62 224 500 220
62 104 136 1000
62 220 500 410
62 275 338 826
62 102 436 216
62 245 258 397
62 296 168 1000
62 168 168 1000
62 50 143 1000
62 51 434 483
62 75 202 411
62 173 305 490
62 289 487 402
62 233 47 739
62 282 500 310
62 208 188 292
62 98 75 1000
62 32 1 653
62 119 197 868
62 138 1 625
62 98 435 628
62 259 412 46
62 68 150 305
62 121 1 708
62 262 84 536
62 285 370 271
62 295 245 971
62 189 1 695
62 6 259 531
62 186 252 400
62 84 500 266
62 44 204 1000
62 108 500 548
62 132 76 681
62 278 469 1
62 276 500 442
62 145 415 251
62 234 244 549
62 32 1 855
62 41 138 597
62 106 500 322
62 264 500 396
62 31 267 348
62 155 135 620
62 193 268 233
63 64 10 498
63 149 64 502
63 83 287 1000
63 281 199 612
63 23 213 19
63 31 124 937
63 43 415 1
63 157 128 855
63 239 437 127
63 168 10 903
63 88 389 1
63 79 209 38
63 276 3 776
63 19 138 705
63 276 1 729
63 73 489 432
63 290 153 934
63 111 211 370
63 79 140 1000
63 6 63 321
63 16 500 273
63 34 248 617
63 115 500 328
63 269 169 825
63 69 141 1000
63 181 154 658
63 199 332 790
63 243 72 753
63 2 222 687
63 130 456 373
63 269 208 996
63 139 103 1000
63 205 412 309
63 174 1 594
63 118 293 534
63 74 247 839
63 290 314 666
63 161 466 430
63 269 33 688
63 67 475 604
63 225 1 843
63 199 369 1
63 252 351 515
63 34 435 383
63 170 237 501
63 146 1 635
63 15 1 846
63 243 37 814
63 244 175 149
63 95 402 262
63 208 1 641
63 159 241 946
63 290 220 509
63 257 144 656
63 50 375 1
63 78 74 387
63 10 17 749
63 248 1 691
63 75 43 664
63 253 322 25
63 122 302 746
63 146 219 735
63 125 1 547
63 30 250 580
63 103 331 665
63 87 500 259
63 225 29 629
63 49 15 944
63 79 139 1000
63 38 477 122
63 15 1 478
63 98 196 54
63 209 5 609
63 221 101 216
63 173 500 304
63 175 197 974
63 278 365 1
63 3 288 946
63 95 218 753
63 92 225 701
63 117 311 347
64 65 9 173
64 7 274 166
64 38 200 1000
64 242 1 520
64 100 416 759
64 139 47 438
64 140 246 256
64 93 422 687
64 296 470 440
64 198 500 217
64 245 330 338
64 297 165 528
64 106 163 132
64 141 500 142
64 222 111 614
64 68 278 1
64 130 264 289
64 84 378 599
64 169 384 281
64 248 217 1000
64 229 500 276
64 157 309 436
64 12 297 79
64 143 397 1
64 117 93 442
64 88 475 344
64 108 70 1000
64 17 273 800
64 186 1 907
64 98 146 330
64 195 495 10
64 86 290 470
64 148 204 457
64 179 136 998
64 196 1 781
64 24 1 937
64 41 72 598
64 197 1 732
64 270 427 734
64 281 97 1000
64 262 155 990
64 269 1 729
64 89 380 1
64 115 78 868
64 33 263 943
64 19 330 380
64 127 173 494
64 210 1 753
64 267 300 340
64 262 147 1000
64 246 129 495
64 27 500 407
64 216 361 231
64 222 1 695
64 89 401 219
64 75 270 1
64 135 279 644
64 95 1 719
64 291 194 634
64 213 297 360
64 52 330 1
64 211 15 544
64 142 472 1
64 211 346 55
64 110 230 553
64 79 267 176
64 31 465 394
64 234 431 728
64 41 22 601
64 190 1 665
64 207 252 375
64 222 111 546
64 206 96 591
64 240 290 300
64 270 106 1000
64 65 233 604
64 157 216 288
64 125 180 191
64 218 51 855
64 82 182 976
64 291 57 596
64 284 500 438
64 225 500 285
64 2 204 571
64 256 431 687
64 297 65 1000
64 207 43 394
64 238 386 59
64 31 106 394
64 142 1 520
64 160 268 1
64 193 267 317
64 99 378 1
64 152 192 608
64 159 425 52
64 229 1 572
64 127 476 289
64 47 203 797
64 273 190 808
64 223 180 959
64 108 234 82
64 261 462 374
64 74 336 552
64 138 349 319
65 66 3 959
65 226 489 161
65 78 79 584
65 54 345 652
65 22 324 435
65 210 369 1
65 131 200 542
65 48 232 890
65 197 84 681
65 66 162 194
65 264 119 889
65 17 302 1
65 0 421 159
65 101 402 1
65 11 432 356
65 83 263 1
65 72 75 342
65 203 391 21
65 220 270 618
65 33 282 960
65 26 461 402
65 30 182 1000
65 35 260 118
65 291 370 632
65 105 364 178
65 192 338 908
65 73 432 1
65 258 199 55
65 77 392 215
65 35 98 886
65 198 263 439
65 21 1 704
65 230 500 161
65 181 164 1000
65 175 40 962
65 199 234 323
65 24 191 246
65 110 84 1000
65 275 473 233
65 259 176 571
65 24 39 563
65 112 91 460
65 148 210 858
65 161 117 456
65 200 385 185
65 139 334 844
65 262 111 966
65 219 5 680
65 277 494 68
65 217 170 776
65 212 500 71
65 239 126 625
65 204 500 551
65 234 156 458
65 296 303 461
65 10 261 733
65 186 418 1
65 82 172 707
65 296 500 112
65 259 35 382
65 234 1 826
65 179 387 1
65 195 133 1000
65 2 84 1000
65 99 139 1000
65 163 360 409
65 36 500 151
65 184 500 490
65 264 391 38
65 135 493 143
65 94 77 894
65 121 322 523
65 114 48 638
65 31 287 1
65 217 372 1
65 18 113 883
65 2 79 497
65 103 287 110
65 119 500 247
65 19 59 1000
65 282 156 1000
65 216 392 427
65 195 1 664
65 97 40 542
65 166 224 108
65 178 332 240
65 112 355 611
65 80 327 787
65 96 452 468
65 109 68 347
65 21 250 331
65 190 320 1
65 160 134 440
65 117 328 343
65 244 219 884
65 52 1 770
65 44 275 673
65 13 500 263
65 153 500 96
65 4 1 627
65 204 283 710
65 155 1 593
65 273 214 390
66 67 15 346
66 31 1 589
66 154 208 305
66 106 285 993
66 19 53 880
66 125 1 755
66 174 262 800
66 116 500 200
66 60 82 649
66 290 353 1
66 176 105 847
66 277 492 312
66 72 147 899
66 92 63 993
66 225 1 678
66 158 1 864
66 14 405 1
66 56 140 1000
66 59 325 719
66 279 367 1
66 258 204 590
66 237 52 581
66 143 134 347
66 15 1 635
66 196 141 1000
66 240 102 1000
66 138 340 835
66 10 139 295
66 89 91 795
66 152 282 73
66 216 299 143
66 284 43 950
66 238 61 1000
66 151 297 212
66 256 116 901
66 91 168 916
66 253 299 411
66 32 482 73
66 91 49 950
66 111 500 440
66 200 344 1
66 298 496 253
66 140 335 1
66 140 497 103
66 252 320 90
66 260 500 479
66 194 1 645
66 271 30 868
66 142 369 1
66 237 361 667
66 58 145 1000
66 103 276 340
66 98 214 276
66 210 500 476
66 209 431 69
66 69 475 579
66 81 205 562
66 24 189 926
66 101 199 508
66 100 37 378
66 153 46 693
66 241 131 301
66 30 227 697
66 59 411 455
66 270 410 152
66 139 149 1000
66 1 355 814
66 223 339 149
66 48 284 471
66 25 457 552
66 294 1 550
66 50 260 950
66 86 299 1
66 95 161 296
66 248 1 961
66 43 89 612
66 260 426 1
66 256 459 86
66 191 500 185
66 199 175 1000
66 248 403 188
66 182 212 1000
66 102 234 105
66 172 199 899
66 14 320 1
66 130 500 238
66 246 199 92
66 49 22 467
66 182 317 748
66 62 413 1
66 99 259 40
66 72 208 612
66 196 312 356
66 242 147 510
66 11 468 483
66 172 399 734
66 28 72 496
66 187 229 441
66 293 500 409
66 0 243 480
66 103 265 164
66 262 234 342
66 212 277 364
66 79 500 325
66 198 301 1
66 239 324 1
66 158 470 210
66 260 104 1000
66 95 101 861
66 265 243 527
66 133 58 957
66 28 1 913
66 138 297 198
66 157 330 604
66 245 267 606
66 128 1 828
66 103 40 491
67 68 7 900
67 122 251 1000
67 57 387 478
67 19 451 115
67 239 103 1000
67 0 206 243
67 233 186 742
67 94 500 317
67 77 450 611
67 281 189 1000
67 175 1 457
67 40 1 773
67 85 448 324
67 153 492 461
67 176 340 1
67 9 1 545
67 137 103 254
67 88 1 421
67 75 323 764
67 48 317 1
67 99 64 848
67 254 1 509
67 29 32 590
67 29 362 672
67 218 150 533
67 264 304 578
67 263 141 601
67 288 470 524
67 80 406 613
67 283 1 787
67 110 205 706
67 27 244 1000
67 275 209 312
67 184 179 685
67 242 227 942
67 61 146 489
67 156 182 278
67 45 276 345
67 85 436 550
67 241 1 795
67 255 365 761
67 158 1 728
67 292 151 675
67 251 260 334
67 72 489 1
67 22 229 13
67 41 378 572
67 42 219 200
67 24 140 1000
67 48 40 667
67 230 304 949
67 116 500 390
67 51 70 692
67 179 328 543
67 82 54 1000
67 260 123 533
67 135 285 672
67 4 396 156
67 43 192 880
67 1 30 819
67 285 330 653
67 26 332 185
67 3 383 211
67 258 193 1000
67 64 275 623
67 217 247 1000
67 211 160 1000
67 234 429 139
67 191 341 703
67 54 64 1000
67 285 102 494
67 118 198 1000
67 167 303 314
67 221 278 178
67 97 214 527
67 143 369 337
67 3 39 881
67 137 458 184
67 80 311 1
67 11 261 998
67 76 247 988
67 210 315 463
67 121 33 748
67 187 475 629
67 169 282 221
67 114 413 122
67 43 82 550
67 126 279 893
67 178 64 764
67 225 1 937
67 66 475 170
67 105 102 556
67 182 1 637
67 187 186 837
67 150 263 345
67 243 243 593
67 96 119 1000
67 184 244 605
67 80 154 514
67 216 301 817
67 266 1 801
67 151 460 463
67 242 500 156
67 208 271 566
67 225 158 825
68 69 3 829
68 58 500 361
68 246 500 312
68 262 1 679
68 246 387 313
68 24 228 262
68 242 235 62
68 11 216 744
68 96 273 644
68 105 500 267
68 203 188 357
68 240 135 480
68 108 56 863
68 198 223 879
68 16 500 424
68 40 365 1
68 50 96 1000
68 249 158 1000
68 107 230 1
68 123 377 1
68 281 235 798
68 255 170 1000
68 23 405 1
68 121 163 410
68 63 20 754
68 167 489 296
68 120 487 588
68 183 265 1
68 71 258 551
68 69 458 198
68 200 61 820
68 150 500 182
68 23 343 388
68 26 312 582
68 26 208 955
68 94 363 1
68 256 47 1000
68 146 441 1
68 65 166 349
68 90 340 727
68 223 48 466
68 249 295 880
68 83 5 892
68 238 201 49
68 50 468 380
68 203 254 171
68 253 455 625
68 151 141 994
68 174 244 781
68 158 106 744
68 7 121 599
68 235 179 964
68 186 256 827
68 98 293 966
68 72 274 912
68 133 353 651
68 285 56 928
68 36 116 275
68 283 188 406
68 287 1 689
68 277 186 1000
68 283 238 617
68 266 353 807
68 201 54 472
68 47 406 1
68 213 78 456
68 49 411 1
68 255 88 352
68 226 399 160
68 74 92 844
68 34 483 149
68 34 500 366
68 172 91 345
68 119 216 618
68 172 51 816
68 195 412 1
68 211 18 561
68 175 294 37
68 16 180 463
68 275 319 924
68 140 1 688
68 165 172 329
68 57 245 531
68 230 276 695
68 4 1 620
68 87 22 501
69 70 3 682
69 229 382 710
69 138 223 227
69 36 203 570
69 8 436 1
69 283 341 53
69 184 320 659
69 266 174 207
69 123 337 1
69 170 289 513
69 58 231 957
69 11 264 1000
69 139 1 773
69 126 478 246
69 150 219 1000
69 60 269 350
69 78 41 482
69 126 500 209
69 8 428 538
69 146 101 392
69 62 94 674
69 73 326 1
69 182 322 927
69 248 345 309
69 83 277 440
69 210 328 27
69 13 433 190
69 293 287 164
69 143 314 95
69 5 38 915
69 233 93 525
69 100 500 421
69 197 125 1000
69 229 475 166
69 252 139 1000
69 23 500 112
69 147 80 1000
69 266 15 895
69 111 425 1
69 212 292 810
69 255 1 883
69 266 500 111
69 257 160 709
69 105 381 796
69 181 79 580
69 185 500 433
69 239 151 861
69 115 107 894
69 23 278 186
69 243 70 1000
69 8 426 1
69 141 405 604
69 42 1 488
69 14 298 865
69 37 276 816
69 32 132 451
69 127 326 273
69 113 170 540
69 297 294 688
69 165 308 875
69 30 203 317
69 73 309 495
69 135 448 560
69 29 99 334
69 53 290 1
69 297 344 1
69 232 262 159
69 196 207 667
69 213 155 880
69 151 264 66
69 185 288 724
69 174 120 1000
69 56 353 810
69 268 343 792
69 207 490 206
69 1 224 963
69 67 189 1000
69 242 36 747
69 251 221 52
69 57 500 297
69 245 296 101
69 121 437 485
69 8 29 696
69 222 1 685
69 282 500 248
69 253 354 817
69 41 124 304
69 150 174 736
69 165 1 727
69 73 281 110
69 217 1 423
69 107 500 395
69 123 144 197
69 84 348 84
70 71 3 287
70 153 483 192
70 287 240 1000
70 86 249 784
70 156 203 287
70 3 118 488
70 134 372 162
70 24 387 823
70 187 121 953
70 86 337 1
70 102 238 418
70 181 263 560
70 168 18 436
70 204 145 1000
70 20 1 698
70 34 158 1000
70 159 262 148
70 185 317 248
70 155 500 347
70 39 500 550
70 237 143 340
70 114 500 85
70 256 113 361
70 106 500 346
70 234 209 558
70 61 500 214
70 96 389 99
70 161 237 872
70 189 433 42
70 194 10 494
70 121 272 409
70 259 260 215
70 172 387 398
70 24 485 424
70 18 479 460
70 242 328 1
70 272 116 839
70 127 191 1000
70 201 235 414
70 234 309 339
70 219 298 586
70 271 464 1
70 231 1 642
70 296 192 155
70 245 54 351
70 281 337 514
70 250 332 394
70 137 441 179
70 185 309 837
70 196 348 401
70 111 459 287
70 187 118 224
70 169 381 481
70 20 500 289
70 98 427 110
70 239 264 168
70 287 1 749
70 105 196 72
70 119 213 344
70 188 1 897
70 54 283 804
70 126 391 221
70 147 199 936
70 39 129 763
70 133 1 764
70 43 459 226
70 112 95 1000
70 130 219 1000
70 180 235 648
70 62 292 698
70 195 427 427
70 67 224 635
70 209 60 482
70 85 21 682
70 10 162 549
70 279 225 67
70 221 146 323
70 211 301 178
70 43 415 423
70 49 356 285
70 285 16 603
70 271 1 801
70 273 284 49
70 219 1 658
70 138 318 360
70 8 167 1000
70 276 100 501
70 273 450 362
70 209 380 776
70 60 161 280
70 135 227 79
70 130 271 649
70 227 500 295
71 72 4 355
71 90 215 552
71 299 226 610
71 65 1 757
71 215 456 392
71 13 71 889
71 99 1 858
71 112 263 732
71 124 298 384
71 279 241 309
71 76 129 1000
71 202 30 785
71 174 324 1
71 178 151 952
71 124 1 569
71 220 130 1000
71 278 500 390
71 167 345 302
71 273 84 757
71 7 330 77
71 116 1 773
71 231 192 217
71 262 323 436
71 33 359 403
71 50 329 438
71 270 298 646
71 293 19 722
71 9 180 867
71 268 257 1
71 123 86 254
71 126 149 843
71 38 375 559
71 8 467 458
71 42 1 479
71 275 449 362
71 219 500 281
71 198 236 1000
71 264 275 165
71 166 86 985
71 253 180 72
71 286 276 100
71 62 282 599
71 158 404 270
71 121 209 472
71 299 62 682
71 133 1 646
71 150 283 1000
71 188 500 326
71 215 1 791
71 6 369 373
71 234 500 112
71 242 1 672
71 201 405 36
71 83 500 213
71 118 191 451
71 226 450 577
71 75 372 757
71 115 500 425
71 242 34 431
71 176 490 282
71 70 126 609
71 259 285 848
71 6 167 1000
71 178 306 292
71 286 395 556
71 279 500 393
71 242 364 1
71 221 60 693
71 45 1 833
71 268 17 892
71 107 333 1
71 121 268 862
71 224 262 903
71 267 237 941
71 15 85 384
71 67 66 784
71 262 1 644
71 129 55 708
71 158 1 702
71 93 396 559
71 254 415 1
71 42 449 88
71 195 500 225
71 260 303 524
71 299 294 68
71 72 360 751
71 34 163 123
71 30 500 338
71 33 492 110
71 19 286 281
71 194 500 437
71 3 202 790
71 85 174 704
71 11 391 306
71 187 230 985
71 267 450 597
71 248 383 722
71 131 437 697
71 63 500 106
72 73 14 655
72 10 391 380
72 23 64 332
72 261 386 751
72 217 412 292
72 14 318 1
72 238 402 538
72 257 226 995
72 237 1 529
72 98 188 220
72 110 1 569
72 143 60 1000
72 269 191 1000
72 237 90 449
72 47 90 827
72 161 500 154
72 13 361 1
72 121 168 260
72 287 166 1000
72 154 184 76
72 299 451 298
72 89 42 664
72 278 500 179
72 279 500 62
72 16 201 1000
72 274 1 603
72 84 359 708
72 21 30 883
72 137 1 838
72 62 234 204
72 10 408 1
72 135 477 489
72 193 13 490
72 47 197 106
72 166 428 602
72 266 311 1
72 133 311 237
72 230 351 1
72 87 334 122
72 119 304 308
72 219 77 699
72 279 227 599
72 243 500 377
72 148 253 435
72 182 208 436
72 202 97 366
72 55 246 179
72 138 406 135
72 191 194 870
72 6 361 600
72 79 246 175
72 103 175 675
72 178 434 435
72 71 1 540
72 242 236 340
72 194 414 410
72 195 1 887
72 235 83 572
72 58 409 267
72 276 199 173
72 26 124 1000
72 161 340 1
72 62 157 790
72 106 330 456
72 112 122 966
72 257 269 944
72 142 267 1
72 65 50 1000
72 37 233 891
72 37 155 209
72 47 478 50
72 0 493 484
72 87 179 1000
72 136 34 936
72 206 418 268
72 20 169 196
72 247 1 671
72 126 385 321
72 259 311 1
72 197 1 491
72 191 267 624
72 50 30 378
72 186 10 751
72 236 363 342
72 278 336 308
72 262 479 224
72 74 266 474
72 250 500 334
72 54 485 329
72 103 401 634
72 232 345 332
72 12 419 1
72 268 187 1000
72 264 462 127
72 211 423 95
72 127 393 287
72 77 1 809
72 6 341 265
72 297 1 745
72 210 58 1000
72 14 415 1
72 167 420 237
72 281 296 257
73 74 2 762
73 37 173 397
73 1 166 769
73 234 214 481
73 202 302 422
73 23 225 1000
73 136 1 687
73 240 279 881
73 0 36 721
73 43 15 641
73 269 425 672
73 78 112 236
73 7 1 492
73 107 376 149
73 17 370 1
73 97 230 835
73 168 401 429
73 293 2 621
73 144 338 165
73 8 199 458
73 105 332 1
73 104 460 480
73 99 270 222
73 189 120 1000
73 169 500 401
73 5 436 161
73 114 442 116
73 121 500 243
73 152 362 861
73 56 141 130
73 68 175 824
73 258 20 430
73 21 449 583
73 50 246 668
73 93 207 1000
73 40 189 254
73 151 14 560
73 276 191 93
73 238 220 592
73 94 419 1
73 86 76 380
73 18 173 1000
73 237 418 200
73 222 118 248
73 85 59 453
73 171 500 430
73 281 68 455
73 227 500 301
73 86 18 399
73 117 194 1000
73 262 52 302
73 148 1 644
73 128 261 997
73 162 30 976
73 28 59 329
73 80 500 252
73 244 177 1000
73 240 392 763
73 200 500 159
73 0 1 494
73 254 38 828
73 62 430 137
73 246 270 391
73 143 258 15
73 29 436 119
73 149 84 363
73 145 476 19
73 3 152 1000
73 112 165 925
73 144 476 254
73 82 1 463
73 49 25 431
73 217 314 166
73 52 128 190
73 225 329 596
73 9 1 910
73 31 117 1000
73 116 331 366
73 95 314 16
73 148 301 1
73 157 434 596
73 1 160 401
73 190 36 642
73 58 270 947
73 235 251 237
73 33 1 705
73 156 323 145
73 61 460 568
73 251 456 1
73 7 475 551
73 144 332 597
73 184 305 518
73 142 286 554
73 92 497 156
73 7 30 497
73 241 266 297
73 55 119 250
73 144 276 333
73 264 159 98
73 103 328 277
73 122 408 1
73 266 243 249
73 107 207 49
73 86 185 56
73 287 474 164
73 203 120 300
73 289 294 667
73 169 253 1
73 267 164 750
73 221 16 397
73 128 214 677
73 98 455 1
73 238 342 652
73 99 151 1000
73 146 343 176
73 79 253 348
74 75 7 981
74 276 1 677
74 33 120 415
74 95 16 489
74 25 62 854
74 253 219 735
74 259 188 1000
74 37 295 1
74 177 77 263
74 285 231 954
74 49 212 18
74 59 156 711
74 56 174 720
74 37 500 484
74 7 421 541
74 21 79 1000
74 46 251 795
74 287 239 937
74 96 327 222
74 212 13 994
74 226 7 835
74 111 314 544
74 207 500 370
74 162 152 1000
74 91 341 1
74 220 47 716
74 173 500 240
74 76 372 1
74 103 46 435
74 33 72 392
74 113 489 503
74 26 332 323
74 39 497 510
74 143 117 594
74 143 393 1
74 171 45 761
74 81 168 813
74 244 1 629
74 96 111 395
74 229 347 1
74 92 94 845
74 278 264 831
74 278 471 1
74 110 222 54
74 284 500 355
74 164 300 405
74 138 500 316
74 159 329 466
74 283 117 818
74 54 155 973
74 274 175 287
74 115 231 243
74 264 252 262
74 150 236 736
74 69 362 261
74 244 182 787
74 18 1 596
74 61 408 273
74 189 283 319
74 162 56 464
74 152 354 59
74 279 188 326
74 284 1 417
74 139 230 1000
74 225 313 88
74 198 1 633
74 58 97 495
74 17 392 229
74 264 352 1
74 160 470 255
74 130 500 450
74 37 500 216
74 240 263 944
74 258 139 786
74 1 197 470
74 123 288 124
74 237 8 642
74 126 1 750
74 158 409 133
74 86 264 356
74 126 419 175
74 7 330 180
74 88 357 1
74 96 21 696
74 9 500 319
74 0 235 458
74 245 500 425
74 166 376 444
74 212 310 434
74 87 21 640
74 284 69 959
74 232 137 337
74 271 500 442
74 107 231 1000
74 167 277 1000
74 39 94 845
74 67 294 223
74 199 197 401
74 94 430 211
74 126 500 136
75 76 10 238
75 129 233 351
75 151 454 468
75 105 456 483
75 107 500 33
75 266 500 291
75 159 159 238
75 149 500 343
75 33 500 241
75 279 1 590
75 271 323 528
75 193 264 355
75 298 224 995
75 134 198 673
75 109 1 674
75 23 60 643
75 63 73 677
75 24 232 849
75 176 268 223
75 271 500 489
75 45 175 404
75 221 500 512
75 114 180 603
75 297 105 641
75 38 366 255
75 81 229 1000
75 252 207 469
75 291 115 946
75 69 137 1000
75 74 247 428
75 152 223 760
75 54 1 962
75 84 2 775
75 192 243 766
75 222 10 425
75 93 131 584
75 24 333 501
75 178 451 1
75 184 421 344
75 56 219 851
75 8 23 688
75 152 189 136
75 84 115 1000
75 168 260 997
75 199 229 319
75 294 245 1000
75 76 166 724
75 273 1 884
75 288 387 1
75 155 452 329
75 96 500 206
75 187 344 814
75 145 497 169
75 212 455 626
75 294 103 450
75 281 447 1
75 153 500 479
75 122 386 493
75 37 195 868
75 294 203 1000
75 94 321 1
75 38 352 241
75 57 435 146
75 199 385 215
75 181 1 708
75 240 438 461
75 68 500 185
75 125 358 630
75 137 482 287
75 205 500 216
75 229 151 390
75 172 145 956
75 218 227 1000
75 278 499 118
75 47 485 1
75 131 33 585
75 206 1 716
75 256 500 520
75 161 447 489
75 199 93 635
75 21 291 437
75 261 445 1
75 97 171 979
75 192 303 29
75 182 458 366
75 202 201 540
75 16 98 429
75 148 161 368
75 278 83 829
75 174 415 92
75 271 269 777
75 156 179 770
75 8 384 409
75 290 14 551
75 99 178 401
75 238 31 628
75 144 380 30
75 106 26 1000
75 89 500 529
75 47 500 354
75 208 400 237
75 171 277 98
75 231 238 1000
76 77 13 902
76 200 276 896
76 55 123 1000
76 40 387 1
76 292 48 565
76 286 317 400
76 91 1 606
76 192 219 203
76 75 208 374
76 252 128 552
76 53 385 1
76 69 469 620
76 192 56 975
76 116 500 394
76 294 435 264
76 279 231 979
76 137 350 152
76 141 1 468
76 64 75 886
76 98 418 99
76 250 241 988
76 142 251 728
76 119 500 301
76 243 341 167
76 47 221 1000
76 164 155 1000
76 84 466 241
76 45 274 558
76 236 356 274
76 148 143 1000
76 143 301 202
76 102 49 625
76 294 473 503
76 199 288 837
76 228 319 940
76 28 500 381
76 91 277 1
76 228 52 797
76 225 79 783
76 42 379 178
76 30 95 1000
76 182 163 285
76 207 163 1000
76 130 324 591
76 202 277 285
76 93 500 372
76 168 500 108
76 232 158 773
76 150 371 596
76 33 1 744
76 157 113 802
76 294 232 603
76 259 184 245
76 159 6 504
76 16 236 648
76 199 300 1
76 214 149 1000
76 299 119 1000
76 43 372 68
76 58 92 697
76 38 116 206
76 299 296 667
76 222 188 1000
76 110 500 216
76 2 88 606
76 270 307 610
76 294 425 417
76 16 387 729
76 272 382 16
76 214 166 683
76 250 500 304
76 130 137 467
76 149 448 575
76 82 232 187
76 177 500 408
76 191 180 265
76 28 313 166
76 292 378 1
76 104 359 532
76 51 500 318
76 275 112 940
76 117 31 835
76 147 414 682
76 295 221 342
76 241 174 882
76 184 181 535
76 97 349 72
76 157 140 1000
76 102 143 1000
76 224 413 107
76 274 1 663
76 210 430 677
76 34 340 186
76 133 500 510
76 168 239 358
76 163 385 503
76 146 124 361
76 229 1 611
76 293 387 352
76 26 320 1
77 78 2 633
77 139 21 447
77 4 352 504
77 276 327 505
77 267 250 747
77 222 500 371
77 4 439 536
77 155 500 263
77 283 85 1000
77 1 245 213
77 20 36 700
77 148 427 48
77 127 1 609
77 98 88 295
77 229 318 88
77 227 451 282
77 236 371 778
77 221 359 70
77 8 1 570
77 262 500 88
77 189 477 241
77 213 247 213
77 17 314 907
77 118 277 1000
77 251 190 1000
77 191 187 148
77 138 147 802
77 162 191 884
77 43 229 998
77 3 297 730
77 193 373 134
77 108 428 114
77 180 500 318
77 10 179 652
77 58 1 941
77 93 241 398
77 15 61 1000
77 63 131 196
77 107 228 729
77 174 337 267
77 209 351 1
77 271 349 603
77 229 360 761
77 233 294 985
77 170 289 633
77 30 23 514
77 199 347 362
77 162 305 626
77 293 326 931
77 84 500 245
77 141 128 159
77 62 244 189
77 79 500 492
77 57 115 829
77 271 291 320
77 48 1 675
77 201 154 727
77 45 413 350
77 172 1 782
77 158 243 853
77 20 380 228
77 160 1 683
77 49 491 190
77 10 152 798
77 182 106 1000
77 21 87 720
77 114 157 470
77 217 330 805
77 59 309 815
77 278 215 859
77 254 78 766
77 126 1 693
77 149 315 456
77 96 350 244
77 114 86 1000
77 45 1 464
77 85 1 674
77 195 429 478
77 286 500 468
77 214 1 793
77 181 1 595
77 99 126 975
77 218 20 369
77 237 319 223
77 43 1 850
77 100 45 699
77 145 1 666
77 293 263 65
77 53 112 386
77 280 350 1
77 93 243 278
77 11 218 250
77 157 496 36
77 167 272 1
78 79 8 337
78 190 500 42
78 65 347 747
78 185 487 209
78 180 384 726
78 146 266 495
78 217 460 1
78 16 37 825
78 277 155 129
78 166 425 1
78 105 498 476
78 81 1 790
78 164 500 461
78 263 413 657
78 107 10 481
78 36 253 510
78 247 216 1000
78 291 1 719
78 101 420 1
78 280 456 243
78 234 1 858
78 167 134 596
78 143 1 589
78 236 126 1000
78 277 205 462
78 32 145 1000
78 175 273 1
78 89 44 647
78 268 212 489
78 283 63 860
78 22 500 357
78 235 500 100
78 261 145 511
78 288 352 1
78 74 354 1
78 17 317 695
78 284 125 989
78 183 274 679
78 257 120 1000
78 249 344 796
78 50 500 261
78 230 68 955
78 218 156 251
78 9 483 555
78 155 279 153
78 128 478 369
78 287 43 393
78 251 378 1
78 69 342 205
78 179 203 706
78 94 227 1000
78 154 314 38
78 155 368 219
78 54 221 985
78 161 258 324
78 77 172 790
78 274 500 263
78 148 3 607
78 146 349 1
78 201 1 430
78 116 125 164
78 48 319 493
78 49 71 841
78 249 408 107
78 234 1 879
78 170 500 120
78 207 223 151
78 14 1 823
78 67 86 276
78 262 500 265
78 87 390 309
78 18 134 1000
78 102 53 790
78 33 307 920
78 276 294 74
78 126 296 495
78 220 275 1
78 94 140 1000
78 9 287 826
78 6 109 803
78 14 229 160
78 40 400 509
78 257 275 427
78 39 106 348
78 51 287 1
78 262 400 706
78 161 310 166
78 160 57 863
78 293 1 607
78 60 500 421
78 194 327 585
78 12 230 752
78 130 286 38
78 66 257 247
78 254 93 286
78 56 291 239
78 55 257 586
78 161 476 512
78 151 380 1
78 265 148 320
78 70 239 1000
78 63 154 914
78 115 18 745
78 98 231 1
79 80 7 230
79 293 112 179
79 235 22 926
79 280 145 221
79 243 432 75
79 166 414 553
79 21 1 773
79 51 313 1
79 129 102 872
79 28 7 886
79 80 35 793
79 246 70 543
79 241 248 1
79 156 394 447
79 187 281 1
79 255 382 314
79 199 1 466
79 161 325 4
79 258 402 38
79 268 394 1
79 250 253 1
79 206 139 1000
79 161 182 1000
79 287 326 258
79 188 244 521
79 125 271 1000
79 4 305 264
79 93 221 269
79 142 228 1
79 62 371 1
79 230 375 428
79 217 1 688
79 111 5 563
79 226 500 384
79 190 268 1
79 181 429 250
79 105 500 482
79 34 1 805
79 70 194 943
79 70 12 678
79 46 37 821
79 205 263 705
79 294 290 493
79 123 374 755
79 7 253 371
79 183 184 287
79 94 104 741
79 258 437 10
79 212 317 1
79 132 500 298
79 144 4 780
79 179 254 1
79 250 1 708
79 89 260 324
79 166 500 182
79 225 30 689
79 160 87 1000
79 45 167 621
79 125 350 98
79 25 500 354
79 180 66 1000
79 60 49 924
79 82 401 366
79 165 370 1
79 204 271 877
79 24 194 1000
79 250 195 938
79 28 184 385
79 147 118 1000
79 252 6 927
79 44 331 1
79 94 339 21
79 131 228 217
79 0 398 1
79 218 95 347
79 285 78 678
79 203 40 667
79 67 468 546
79 143 325 398
79 52 302 664
79 127 362 1
79 222 217 805
79 11 136 133
79 228 180 1000
79 134 191 518
79 5 463 145
79 89 130 963
79 127 417 552
79 42 18 453
79 150 439 274
79 164 270 785
79 33 144 453
79 148 500 473
79 274 1 688
79 214 113 715
79 66 284 419
79 184 406 396
79 31 500 491
79 235 405 177
79 80 59 798
79 211 424 137
79 148 500 175
79 19 316 967
79 179 85 944
79 230 162 976
79 140 159 819
79 25 55 949
79 268 500 117
79 175 120 572
79 247 295 430
79 171 242 490
79 151 280 831
79 43 21 877
79 82 369 1
79 48 1 602
79 26 446 651
79 155 215 1000
79 276 33 898
79 44 305 118
79 41 349 495
79 268 64 521
79 32 500 129
80 81 10 877
80 289 197 254
80 180 327 232
80 220 319 363
80 295 108 560
80 33 387 1
80 227 500 212
80 225 1 940
80 278 277 655
80 194 500 178
80 200 161 612
80 38 295 345
80 277 173 1000
80 79 90 791
80 9 419 502
80 175 286 915
80 51 446 59
80 36 368 627
80 293 273 1
80 98 225 398
80 11 123 311
80 103 1 546
80 168 362 1
80 251 351 1
80 222 495 608
80 187 367 458
80 237 375 66
80 241 36 643
80 98 167 794
80 108 69 436
80 25 500 453
80 21 322 700
80 68 307 550
80 291 84 290
80 127 249 472
80 192 335 156
80 49 121 1000
80 233 326 524
80 106 142 362
80 167 227 471
80 266 171 276
80 156 32 881
80 159 62 1000
80 210 311 1
80 299 195 1000
80 243 241 283
80 210 467 578
80 250 333 1
80 296 145 337
80 41 500 466
80 118 211 338
80 204 1 816
80 212 314 1
80 255 247 470
80 288 441 1
80 2 284 328
80 241 21 645
80 172 413 448
80 166 269 95
80 157 83 794
80 161 1 529
80 4 1 565
80 163 138 980
80 1 451 396
80 155 244 1000
80 27 293 428
80 170 23 799
80 218 408 643
80 166 370 57
80 45 133 462
80 57 390 586
80 286 110 785
80 179 367 1
80 20 183 1000
80 55 326 1
80 99 485 436
80 256 169 321
80 247 56 845
80 14 435 176
80 154 339 1
80 232 1 538
80 42 409 469
80 194 500 308
80 50 253 106
80 22 40 946
80 72 500 353
80 7 229 484
80 111 19 513
80 242 500 325
80 267 467 107
80 109 500 466
80 36 317 278
80 162 1 738
80 281 26 415
80 173 217 1
80 130 365 206
80 205 64 1000
80 148 150 979
80 174 437 49
80 224 499 565
80 256 312 90
80 226 450 630
80 67 295 597
80 86 500 208
80 207 265 895
80 201 20 370
80 71 194 338
80 99 379 371
80 105 500 168
80 104 345 462
80 108 426 354
80 182 289 733
81 82 8 320
81 0 184 927
81 290 213 107
81 31 464 659
81 11 349 461
81 208 415 62
81 99 262 364
81 69 325 181
81 124 151 735
81 143 499 238
81 278 112 775
81 122 370 1
81 83 500 169
81 49 1 809
81 128 218 686
81 76 434 358
81 16 365 571
81 89 339 744
81 198 500 358
81 10 214 168
81 248 230 866
81 261 433 1
81 296 500 51
81 172 480 223
81 175 81 868
81 295 278 935
81 76 160 285
81 157 372 152
81 127 500 554
81 297 288 1000
81 219 306 334
81 211 352 1
81 161 343 878
81 229 214 1000
81 90 500 328
81 234 121 476
81 130 352 558
81 6 209 231
81 162 335 479
81 53 397 716
81 90 65 961
81 226 72 624
81 7 55 540
81 80 440 471
81 210 17 502
81 83 500 414
81 226 1 617
81 266 15 633
81 111 469 323
81 136 36 469
81 77 118 944
81 38 359 1
81 246 146 274
81 189 315 1
81 148 375 625
81 206 264 519
81 7 43 1000
81 291 289 426
81 3 262 114
81 62 415 1
81 3 345 1
81 121 157 763
81 186 125 354
81 282 500 274
81 46 241 850
81 170 142 698
81 270 38 413
81 268 403 1
81 48 146 352
81 188 1 790
81 121 500 491
81 185 1 752
81 107 108 1000
81 130 19 676
81 88 451 636
81 119 223 731
81 9 481 390
81 90 410 643
81 292 291 881
81 58 141 126
81 109 365 450
81 47 29 626
81 274 43 454
81 149 464 1
81 285 230 920
81 96 1 700
81 115 156 853
81 241 314 314
81 210 93 625
81 177 222 466
81 123 255 261
81 20 432 1
81 177 420 263
81 221 103 322
81 212 423 1
81 203 235 1000
81 33 479 91
81 9 385 1
81 29 476 363
81 212 330 740
81 93 318 1
81 94 172 109
81 101 1 675
81 279 350 334
82 83 2 4
82 79 261 1
82 136 444 75
82 98 454 1
82 83 66 1000
82 124 500 305
82 250 295 89
82 10 148 338
82 165 347 776
82 141 1 639
82 157 244 675
82 240 159 631
82 90 329 32
82 211 217 1000
82 125 45 986
82 150 437 553
82 129 111 782
82 256 350 44
82 270 306 708
82 68 379 609
82 225 113 287
82 170 500 454
82 75 1 773
82 291 383 808
82 43 500 421
82 298 118 232
82 48 328 77
82 91 134 809
82 153 218 478
82 245 500 352
82 105 422 578
82 52 22 694
82 70 392 398
82 164 332 230
82 47 62 1000
82 242 427 445
82 12 332 392
82 266 500 190
82 282 123 394
82 281 500 279
82 18 245 260
82 70 143 725
82 175 274 650
82 15 71 334
82 153 287 787
82 184 160 1000
82 219 351 143
82 243 356 733
82 187 363 1
82 199 500 357
82 94 262 840
82 210 203 636
82 175 85 810
82 252 308 771
82 116 405 666
82 67 238 471
82 49 55 472
82 127 94 890
82 123 500 151
82 252 162 522
82 184 254 488
82 226 500 298
82 93 500 439
82 165 461 525
82 217 227 952
82 7 500 195
82 106 375 346
82 102 168 1000
82 53 279 876
82 235 136 385
82 243 206 747
82 32 350 1
82 71 433 548
82 108 150 865
82 136 354 24
82 199 149 723
82 232 422 526
82 89 213 459
82 227 500 379
82 222 331 436
82 37 134 989
82 26 403 1
82 287 128 1000
82 30 260 765
82 25 148 1000
82 209 489 503
82 256 296 752
82 34 49 578
82 164 330 1
82 130 57 786
82 106 191 57
82 192 53 1000
82 152 375 506
82 243 499 83
82 187 403 500
82 177 177 830
82 282 196 1000
82 230 454 651
82 183 330 802
82 41 303 322
82 100 10 578
82 266 106 919
82 257 124 749
82 76 500 371
82 6 286 834
82 222 366 1
82 295 84 375
82 253 1 853
82 121 354 122
82 232 247 684
83 84 2 757
83 82 484 322
83 267 268 527
83 209 349 1
83 297 256 617
83 82 130 495
83 238 96 225
83 79 437 1
83 192 147 1000
83 183 500 313
83 114 218 427
83 141 458 464
83 40 349 93
83 116 375 648
83 275 473 9
83 122 352 587
83 247 340 1
83 226 252 1000
83 29 272 107
83 293 154 917
83 99 500 486
83 253 368 485
83 13 319 146
83 219 61 1000
83 163 140 300
83 248 95 922
83 189 338 573
83 129 386 47
83 67 307 737
83 279 474 432
83 196 445 280
83 139 135 820
83 170 114 437
83 0 379 694
83 153 165 1000
83 235 278 737
83 282 182 136
83 51 146 593
83 186 39 836
83 133 145 585
83 231 134 289
83 96 205 749
83 260 334 525
83 107 173 578
83 21 167 1000
83 50 408 238
83 291 338 1
83 235 355 430
83 65 368 1
83 46 98 801
83 261 371 749
83 183 1 724
83 245 1 619
83 72 495 464
83 148 412 1
83 99 255 979
83 239 138 167
83 98 301 689
83 251 143 169
83 249 333 96
83 27 337 109
83 170 437 1
83 94 1 853
83 14 333 1
83 238 245 464
83 236 172 1000
83 98 111 272
83 287 320 916
83 160 418 1
83 293 97 830
83 188 101 570
83 252 1 706
83 204 159 148
83 94 485 575
83 41 500 107
83 199 127 534
83 207 175 1000
83 52 500 197
83 108 330 1
83 279 369 140
83 208 344 720
83 46 85 629
83 110 500 335
83 182 116 487
83 66 108 583
83 126 122 979
83 182 274 1
84 85 6 570
84 34 155 205
84 218 1 653
84 124 291 352
84 30 247 855
84 179 399 609
84 217 228 700
84 203 407 1
84 19 92 651
84 137 189 1000
84 256 76 1000
84 248 500 356
84 28 270 698
84 241 233 820
84 124 222 272
84 119 395 1
84 55 413 119
84 118 207 999
84 68 1 716
84 242 285 1
84 194 419 147
84 286 117 762
84 259 1 820
84 1 500 171
84 5 1 649
84 262 202 833
84 87 204 1000
84 176 223 507
84 56 1 804
84 276 384 673
84 43 314 837
84 204 289 242
84 59 500 554
84 124 368 677
84 182 257 789
84 121 335 664
84 170 191 532
84 109 1 842
84 115 182 365
84 100 481 582
84 199 464 34
84 199 163 375
84 179 127 1000
84 2 144 390
84 151 247 408
84 18 492 510
84 159 368 1
84 201 135 607
84 156 500 241
84 28 407 304
84 206 169 854
84 21 248 350
84 119 49 576
84 230 500 314
84 56 342 525
84 99 206 621
84 216 331 812
84 253 133 591
84 177 237 803
84 118 499 592
84 79 382 1
84 26 307 80
84 218 94 241
84 22 435 119
84 142 207 895
84 60 500 291
84 262 44 401
84 267 165 1000
84 77 54 1000
84 78 157 329
84 12 213 518
84 105 201 407
84 238 1 583
84 43 24 815
84 131 52 921
84 262 453 76
84 76 176 212
84 36 275 1
84 35 500 331
84 216 130 825
84 120 470 419
84 296 364 237
84 269 357 69
84 254 297 480
84 114 14 736
84 287 72 1000
84 30 144 190
84 110 169 993
84 73 217 592
84 206 56 853
84 275 159 846
84 11 132 685
84 2 49 789
84 174 500 459
84 63 330 714
84 185 320 1
84 154 175 814
84 69 318 725
84 250 1 488
84 280 257 352
84 238 284 511
84 58 309 72
84 253 298 1
84 215 257 1
84 34 392 510
84 237 1 779
84 268 393 1
84 229 484 248
84 173 218 539
85 86 10 187
85 169 345 472
85 28 397 771
85 73 392 388
85 275 488 28
85 53 277 1000
85 60 293 172
85 138 212 839
85 249 50 934
85 179 477 628
85 64 215 463
85 154 177 969
85 12 158 806
85 11 345 13
85 187 15 603
85 141 306 163
85 23 428 328
85 148 218 458
85 227 69 1000
85 115 19 897
85 299 257 124
85 264 244 1000
85 58 268 668
85 214 19 651
85 288 500 205
85 267 134 1000
85 234 1 663
85 191 1 427
85 200 16 596
85 46 153 170
85 150 373 26
85 25 195 14
85 57 259 1
85 185 414 444
85 79 347 865
85 181 237 797
85 30 441 494
85 280 369 1
85 228 1 787
85 51 187 562
85 154 162 1000
85 294 496 92
85 102 500 146
85 263 77 746
85 3 154 128
85 93 1 601
85 137 312 849
85 139 149 1000
85 264 323 1
85 242 420 402
85 234 145 168
85 96 78 480
85 109 59 865
85 197 1 432
85 130 129 526
85 156 500 232
85 238 172 954
85 275 254 34
85 256 218 1000
85 296 1 646
85 166 500 540
85 238 299 446
85 277 177 691
85 261 1 746
85 242 252 497
85 245 1 711
85 110 489 92
85 282 282 737
85 269 352 631
85 134 385 510
85 169 1 813
85 28 479 1
85 235 281 555
85 292 176 538
85 48 107 1000
85 236 342 641
85 64 382 529
85 155 455 478
85 225 292 129
85 129 110 1000
85 263 257 618
85 70 353 257
85 258 240 960
85 283 481 286
85 239 198 139
85 221 426 650
85 248 293 488
85 246 95 559
85 108 421 448
85 195 292 1
85 182 255 899
85 104 301 507
85 123 183 91
85 237 111 874
85 89 313 120
85 235 377 128
85 269 202 78
85 100 101 682
85 120 1 738
85 190 328 587
85 62 477 103
85 101 310 183
85 278 249 62
85 255 137 311
85 1 101 800
85 73 49 739
86 87 1 463
86 240 407 512
86 187 130 475
86 135 377 730
86 277 209 323
86 55 493 382
86 249 453 689
86 94 62 869
86 83 466 41
86 285 469 392
86 30 1 495
86 94 298 172
86 147 178 490
86 17 455 153
86 169 359 160
86 122 500 411
86 147 464 225
86 223 365 204
86 107 343 559
86 260 260 666
86 210 65 1000
86 198 500 108
86 267 500 476
86 289 340 1
86 25 343 756
86 278 429 168
86 143 200 467
86 250 1 745
86 62 390 1
86 52 110 488
86 134 179 187
86 149 291 270
86 162 97 533
86 47 329 248
86 296 185 937
86 273 289 626
86 74 215 875
86 264 443 534
86 292 1 637
86 69 120 303
86 249 92 256
86 298 302 516
86 155 403 178
86 111 330 243
86 107 1 541
86 6 120 778
86 101 368 1
86 131 326 1
86 50 189 42
86 152 500 125
86 220 1 650
86 232 487 411
86 37 68 826
86 8 225 496
86 0 1 608
86 116 279 1000
86 195 390 17
86 23 137 670
86 1 1 612
86 297 148 1000
86 141 129 676
86 267 389 236
86 139 170 379
86 78 293 630
86 104 57 799
86 50 117 708
86 119 479 193
86 122 437 1
86 155 500 378
86 220 180 812
86 207 19 496
86 30 61 760
86 295 55 753
86 43 500 351
86 119 273 325
86 107 327 764
86 56 178 1000
86 110 1 685
86 142 42 717
86 30 1 862
86 62 452 16
86 200 107 320
86 225 64 1000
86 38 91 743
86 36 361 1
86 163 351 1
86 92 373 423
86 274 111 494
86 133 239 980
87 88 7 801
87 41 346 91
87 106 15 518
87 216 368 196
87 101 455 375
87 238 394 466
87 130 333 763
87 104 122 223
87 174 433 473
87 117 346 95
87 295 9 488
87 166 407 77
87 158 361 1
87 86 419 756
87 192 444 2
87 169 317 1
87 118 396 564
87 90 197 7
87 253 69 1000
87 106 270 403
87 133 414 468
87 30 473 614
87 200 118 871
87 149 115 532
87 123 221 339
87 155 1 616
87 115 407 356
87 143 471 651
87 115 13 792
87 30 500 195
87 27 478 637
87 56 428 1
87 14 156 606
87 147 1 702
87 149 150 212
87 132 89 442
87 13 338 18
87 176 204 206
87 193 58 656
87 284 293 557
87 30 140 842
87 239 246 845
87 153 342 387
87 186 456 419
87 58 322 499
87 216 369 641
87 286 130 928
87 134 331 1
87 196 273 973
87 211 438 701
87 159 242 600
87 26 1 759
87 212 311 93
87 109 272 390
87 165 325 547
87 26 235 523
87 78 277 358
87 183 500 189
87 228 54 895
87 275 407 485
87 288 473 1
87 145 8 473
87 107 113 1000
87 287 83 1000
87 204 140 271
87 27 1 838
87 53 305 552
87 282 149 403
87 144 120 498
87 190 139 1000
87 227 254 162
87 270 225 699
87 185 435 551
87 104 500 364
87 269 1 785
87 294 288 670
87 252 249 1
87 195 230 987
87 260 500 461
87 248 217 839
87 96 169 654
87 106 395 486
87 238 385 711
87 145 367 457
87 257 500 193
87 121 73 462
87 157 152 475
87 132 59 332
87 24 11 475
87 110 427 102
87 146 26 855
87 283 408 712
87 43 1 475
87 160 500 427
87 213 293 33
87 0 500 122
87 64 234 836
88 89 9 763
88 58 237 1000
88 35 459 227
88 32 20 758
88 9 312 941
88 57 500 160
88 138 96 1000
88 179 500 511
88 184 237 785
88 125 126 592
88 147 1 645
88 262 1 583
88 143 82 242
88 191 108 250
88 156 265 247
88 122 80 439
88 15 270 726
88 276 500 453
88 263 241 932
88 127 297 493
88 65 169 307
88 191 37 626
88 33 333 570
88 58 74 760
88 12 323 1
88 44 338 1
88 190 73 684
88 105 141 742
88 141 500 405
88 275 500 256
88 49 348 898
88 31 95 701
88 24 422 1
88 126 236 816
88 72 195 888
88 267 224 940
88 99 142 1000
88 77 283 276
88 176 234 1000
88 210 500 457
88 183 1 851
88 109 47 643
88 248 176 1000
88 106 302 1
88 39 242 552
88 120 166 1000
88 143 75 661
88 48 1 847
88 261 500 398
88 98 471 577
88 123 174 1000
88 184 49 1000
88 123 328 123
88 149 50 380
88 270 378 458
88 95 1 848
88 239 261 1
88 274 144 756
88 82 446 706
88 201 289 1
88 45 149 553
88 289 91 659
88 104 500 253
88 162 186 843
88 98 152 1000
88 255 368 1
88 187 1 711
88 157 42 613
88 287 206 487
88 205 432 203
88 255 219 428
88 210 1 487
88 254 157 156
88 82 94 318
88 66 1 657
88 125 149 332
88 211 234 341
88 126 74 1000
88 34 403 1
88 173 105 803
88 184 500 435
88 183 19 706
88 8 175 122
88 2 500 337
88 288 211 1000
88 52 338 331
88 215 283 384
88 72 48 750
88 230 283 131
89 90 15 810
89 275 259 799
89 169 500 311
89 138 256 370
89 166 500 97
89 118 108 937
89 151 1 688
89 231 500 343
89 267 224 285
89 44 246 947
89 133 205 1000
89 38 114 992
89 57 1 762
89 65 163 1000
89 190 374 8
89 275 200 38
89 127 34 595
89 261 34 1000
89 163 500 223
89 224 355 439
89 17 51 385
89 45 350 319
89 62 1 736
89 199 379 1
89 209 19 1000
89 8 413 224
89 78 104 1000
89 98 69 829
89 130 72 545
89 263 468 553
89 229 317 713
89 107 355 1
89 217 251 125
89 165 96 607
89 113 60 771
89 204 500 294
89 39 201 651
89 180 500 230
89 7 1 467
89 5 500 492
89 112 409 518
89 242 103 613
89 295 207 649
89 184 218 646
89 5 441 486
89 183 44 682
89 245 184 388
89 247 451 611
89 252 1 536
89 264 282 673
89 111 173 427
89 132 73 1000
89 160 72 455
89 170 478 36
89 98 263 352
89 260 451 78
89 243 1 740
89 44 183 464
89 17 427 374
89 1 1 769
89 226 109 408
89 3 20 874
89 177 266 1
89 194 341 80
89 211 281 606
89 47 283 552
89 126 32 764
89 232 415 401
89 49 500 347
89 9 254 253
89 164 387 1
89 4 310 118
89 145 406 1
89 34 1 543
89 203 248 163
89 148 84 298
89 153 349 160
89 272 231 575
89 221 119 172
89 226 299 1
89 142 1 595
89 102 120 237
89 62 336 473
89 213 93 932
89 102 500 386
89 46 340 1
89 159 455 194
89 98 312 694
89 226 113 1000
89 54 218 243
89 231 11 800
89 207 500 167
89 93 84 380
89 185 500 398
89 293 306 390
89 150 210 828
89 157 500 13
89 137 455 245
89 244 100 280
89 281 8 472
89 135 66 285
89 0 1 632
89 266 22 668
89 141 1 775
89 40 261 1
89 125 232 277
89 262 265 1
89 107 500 228
89 242 500 307
89 34 174 1000
89 297 378 836
90 91 2 746
90 23 345 592
90 206 231 760
90 289 328 1
90 177 1 544
90 5 1 644
90 181 403 649
90 39 86 729
90 176 500 496
90 124 230 370
90 48 500 272
90 197 315 1
90 233 238 1
90 160 218 482
90 185 175 179
90 57 279 932
90 82 365 290
90 57 270 545
90 197 197 801
90 224 184 597
90 1 353 1
90 142 233 94
90 47 16 1000
90 289 218 662
90 16 230 564
90 246 65 369
90 241 257 64
90 295 409 496
90 291 325 63
90 262 195 940
90 61 289 983
90 239 1 666
90 231 227 1000
90 36 4 587
90 31 27 969
90 128 175 984
90 215 373 486
90 205 500 223
90 101 276 834
90 290 500 416
90 45 14 451
90 151 486 329
90 49 54 870
90 6 154 379
90 78 324 882
90 77 117 1000
90 192 352 402
90 193 428 57
90 151 219 772
90 102 500 197
90 50 156 270
90 24 359 545
90 279 1 691
90 98 178 155
90 107 433 390
90 209 57 364
90 298 129 578
90 258 368 369
90 187 266 1000
90 157 37 357
90 191 500 299
90 68 44 747
90 286 299 233
90 46 108 409
90 258 31 730
90 238 328 805
90 222 230 93
90 70 130 938
90 22 173 595
90 41 273 284
90 161 463 624
90 19 403 183
90 19 1 793
90 288 192 1000
90 274 500 108
90 67 472 537
90 214 286 32
90 212 246 480
90 192 500 262
90 236 364 1
90 264 500 108
90 186 416 143
90 172 416 1
90 4 121 902
90 154 1 557
90 132 279 34
90 279 75 1000
90 125 104 356
90 153 184 1000
90 269 204 1000
90 114 375 556
90 154 158 663
90 54 1 814
90 60 41 864
90 35 317 588
90 188 149 480
90 197 439 577
90 97 500 329
90 216 215 915
90 156 500 275
90 123 188 254
90 21 298 1
90 35 369 258
90 76 1 577
90 21 376 692
90 179 496 385
90 164 364 79
90 284 414 465
90 119 207 202
90 107 125 443
90 254 41 692
91 92 15 207
91 202 338 188
91 65 114 1000
91 214 244 64
91 18 338 463
91 154 94 720
91 72 298 351
91 210 407 755
91 247 314 683
91 46 207 919
91 142 310 108
91 299 312 547
91 256 222 278
91 263 342 803
91 247 316 414
91 174 462 420
91 126 334 728
91 52 183 993
91 22 1 494
91 177 82 765
91 138 500 233
91 284 1 878
91 82 1 784
91 29 41 578
91 245 500 347
91 265 1 736
91 155 57 891
91 126 1 874
91 144 302 960
91 97 265 198
91 280 500 386
91 106 203 165
91 141 1 685
91 51 303 147
91 272 105 305
91 1 352 1
91 202 43 700
91 257 323 1
91 76 150 627
91 25 254 631
91 276 500 560
91 29 324 1
91 88 405 264
91 56 1 811
91 281 500 442
91 40 44 464
91 51 209 738
91 184 47 873
91 217 392 789
91 237 226 1
91 2 92 1000
91 131 382 83
91 158 15 546
91 281 424 1
91 297 33 958
91 24 1 552
91 127 144 723
91 51 135 415
91 140 219 467
91 77 220 80
91 249 479 405
91 30 261 659
91 0 178 485
91 7 500 321
91 109 26 894
91 268 500 203
91 125 167 220
91 55 481 8
91 268 153 535
91 27 61 422
91 87 345 443
91 18 370 317
91 60 134 1000
91 263 114 579
91 167 214 382
91 12 120 1000
91 242 203 1000
91 217 23 824
91 55 337 640
91 119 399 475
91 152 79 1000
91 207 498 248
91 20 405 696
91 131 345 395
92 93 5 728
92 64 1 538
92 120 149 596
92 253 133 1000
92 235 112 297
92 173 500 231
92 119 373 252
92 112 362 41
92 165 478 91
92 200 198 982
92 147 328 192
92 135 391 270
92 91 267 583
92 11 18 720
92 41 326 370
92 131 70 905
92 125 375 656
92 102 186 269
92 137 378 629
92 267 323 941
92 206 499 189
92 221 173 907
92 90 385 511
92 59 166 756
92 257 500 455
92 189 246 850
92 266 30 735
92 160 246 373
92 152 378 479
92 109 209 178
92 165 236 323
92 272 271 481
92 282 269 650
92 253 281 1
92 12 114 818
92 55 349 511
92 297 1 853
92 287 190 134
92 58 321 24
92 155 361 842
92 249 33 676
92 176 191 1000
92 255 217 621
92 123 51 424
92 178 189 463
92 246 32 975
92 254 395 1
92 22 142 663
92 293 291 611
92 165 148 426
92 71 56 728
92 68 419 221
92 82 113 349
92 65 217 1
92 298 118 284
92 9 181 593
92 9 500 80
92 273 500 393
92 9 254 738
92 140 142 128
92 69 234 276
92 14 231 498
92 56 337 176
92 186 1 720
92 260 183 162
92 285 139 484
92 291 279 604
92 249 158 168
92 24 55 847
92 286 378 240
92 195 180 473
92 291 281 640
92 225 339 911
92 128 91 902
92 138 500 308
92 231 450 232
92 240 104 355
92 75 20 429
92 43 333 199
92 111 240 676
92 227 165 183
92 261 384 402
92 194 439 174
92 10 1 820
92 199 112 606
92 129 228 643
92 30 270 695
92 56 309 96
92 168 414 82
92 286 273 256
92 23 72 1000
92 212 25 471
92 136 1 919
92 93 63 1000
92 66 289 38
92 119 82 881
92 102 201 671
92 137 500 492
92 68 116 260
92 205 64 696
93 94 8 289
93 294 167 200
93 111 320 229
93 29 325 72
93 280 92 457
93 225 321 507
93 18 150 886
93 245 281 606
93 6 55 887
93 234 370 782
93 263 45 591
93 258 281 340
93 229 370 348
93 225 500 493
93 74 489 334
93 105 112 272
93 248 316 1
93 83 186 376
93 51 212 730
93 242 134 1000
93 126 428 84
93 208 500 328
93 237 1 675
93 159 376 807
93 156 190 471
93 35 391 209
93 244 375 15
93 105 246 647
93 206 335 260
93 188 384 1
93 73 269 159
93 144 1 510
93 230 206 263
93 32 85 1000
93 165 1 560
93 77 1 495
93 25 354 284
93 162 149 573
93 289 10 914
93 80 485 213
93 288 375 120
93 48 121 1000
93 179 13 710
93 153 272 8
93 94 248 1000
93 262 500 347
93 205 31 940
93 197 197 121
93 270 500 367
93 255 286 716
93 47 500 196
93 2 160 557
93 73 178 679
93 60 297 345
93 207 262 688
93 161 385 419
93 132 91 1000
93 178 162 1000
93 60 1 892
93 138 101 519
93 245 500 383
93 146 500 463
93 16 237 111
93 261 78 741
93 226 208 381
93 266 117 406
93 81 282 1000
93 232 355 244
93 64 145 977
93 269 267 1
93 193 295 353
93 152 92 941
93 287 421 446
93 266 154 248
93 227 261 615
93 115 446 617
93 43 339 290
93 204 92 518
93 103 1 738
93 225 170 612
93 212 78 487
93 18 339 536
93 203 455 26
93 56 327 1
93 196 98 419
93 68 395 347
93 276 139 670
93 48 283 834
93 217 383 528
93 281 55 986
93 239 358 1
93 273 347 1
93 164 175 1000
94 95 5 88
94 204 44 365
94 258 459 451
94 264 497 428
94 235 497 421
94 98 48 871
94 67 333 412
94 43 367 825
94 206 192 68
94 102 1 551
94 135 175 883
94 17 287 1
94 237 406 717
94 183 336 296
94 74 40 473
94 181 81 547
94 225 308 608
94 229 142 865
94 69 244 999
94 195 325 708
94 46 500 534
94 148 295 412
94 150 366 1
94 113 170 906
94 235 483 261
94 241 500 405
94 55 264 1000
94 291 266 610
94 203 232 357
94 177 140 214
94 226 34 350
94 84 78 1000
94 11 1 589
94 159 238 166
94 90 319 815
94 151 390 491
94 178 231 812
94 276 287 87
94 263 500 335
94 199 166 508
94 268 496 162
94 200 367 9
94 60 133 589
94 245 37 1000
94 3 1 794
94 225 388 728
94 129 1 710
94 130 27 716
94 175 365 571
94 213 1 849
94 244 70 466
94 69 318 480
94 152 160 277
94 50 298 684
94 279 102 497
94 185 345 1
94 147 97 623
94 112 461 360
94 128 463 623
94 223 500 372
94 231 187 936
94 122 118 998
94 212 282 762
94 259 500 115
94 138 359 426
94 260 1 886
94 202 182 1000
94 207 417 622
94 57 1 769
94 209 250 1
94 205 500 105
94 288 462 661
94 209 373 281
94 36 1 503
94 247 110 880
94 145 69 504
94 12 426 1
94 120 338 54
94 86 310 280
94 45 132 1000
94 196 345 237
94 102 1 824
94 299 115 306
94 161 397 329
94 7 100 411
94 53 110 337
94 115 349 1
94 253 147 675
94 59 330 1
94 40 1 684
94 250 453 70
94 63 13 703
94 99 16 709
94 269 62 418
94 257 147 155
94 183 1 725
94 252 223 981
94 39 341 1
94 69 47 995
94 205 227 116
95 96 8 136
95 31 194 466
95 41 400 325
95 77 376 295
95 82 151 794
95 144 217 181
95 281 135 230
95 34 400 177
95 20 348 855
95 116 155 1000
95 218 473 1
95 153 15 405
95 130 12 424
95 220 500 380
95 36 160 712
95 109 2 452
95 45 203 155
95 116 500 22
95 92 206 535
95 37 487 95
95 205 222 613
95 43 1 579
95 0 500 104
95 163 198 888
95 31 310 341
95 254 440 330
95 130 293 590
95 174 119 181
95 38 370 403
95 27 466 449
95 94 76 654
95 213 216 956
95 30 430 404
95 172 228 832
95 251 299 150
95 51 198 934
95 209 1 931
95 115 338 363
95 156 356 578
95 120 1 776
95 3 178 744
95 118 117 239
95 129 122 1000
95 82 307 630
95 176 51 890
95 100 429 229
95 164 34 355
95 287 58 1000
95 254 174 1000
95 153 261 357
95 26 358 308
95 108 140 321
95 175 188 1000
95 262 192 807
95 221 239 645
95 246 244 1000
95 14 500 431
95 6 128 351
95 38 500 447
95 98 285 854
95 48 218 8
95 104 312 203
95 294 1 643
95 198 207 1000
95 91 245 280
95 156 1 722
95 12 284 33
95 274 142 571
95 244 48 745
95 126 333 693
95 23 433 585
95 28 156 575
95 265 374 821
95 262 69 289
95 154 214 427
95 239 282 532
95 180 156 225
95 125 96 321
95 248 168 516
95 112 1 688
95 17 383 798
95 9 146 705
95 221 297 956
95 297 1 745
95 290 179 522
95 131 117 268
95 11 477 111
95 244 328 177
95 59 149 466
95 89 216 871
95 56 1 610
95 90 185 927
95 113 61 914
95 299 456 502
95 44 1 816
95 143 309 1
95 16 42 979
95 146 42 464
95 104 1 653
95 111 1 681
95 295 1 974
95 59 27 866
95 57 22 942
95 61 113 476
95 293 365 1
95 58 158 705
95 216 295 571
95 281 70 573
96 97 8 449
96 293 370 797
96 199 266 729
96 87 258 165
96 144 152 854
96 17 146 270
96 58 334 579
96 263 121 1000
96 234 287 992
96 240 268 991
96 221 300 1
96 234 347 423
96 23 154 615
96 266 500 417
96 106 477 1
96 146 96 1000
96 44 1 603
96 55 335 6
96 224 334 475
96 260 123 455
96 25 296 149
96 32 500 449
96 53 342 778
96 99 300 473
96 81 174 837
96 170 397 655
96 140 1 629
96 297 295 601
96 270 202 703
96 11 500 158
96 100 500 298
96 11 500 284
96 94 215 1
96 218 168 697
96 247 450 518
96 0 343 656
96 213 488 508
96 30 3 978
96 112 1 624
96 292 419 678
96 271 1 738
96 92 371 1
96 105 274 1
96 237 500 219
96 123 1 799
96 258 480 462
96 272 255 686
96 244 65 891
96 225 75 1000
96 206 492 103
96 243 279 119
96 255 324 431
96 72 500 321
96 123 128 1000
96 182 197 156
96 97 139 550
96 223 194 393
96 136 397 233
96 201 432 214
96 290 500 56
96 209 1 575
96 24 402 396
96 186 343 1
96 266 303 316
96 271 51 465
96 50 246 81
96 160 424 568
96 230 123 598
96 246 500 505
96 101 298 961
96 143 228 958
96 7 158 260
96 234 44 1000
96 2 120 416
96 156 15 699
96 193 240 947
96 112 291 688
96 153 194 1000
96 286 152 902
96 26 253 430
96 130 342 750
96 269 45 884
96 60 20 443
96 193 223 544
96 124 64 397
96 149 177 338
96 178 365 643
96 163 185 238
96 257 416 22
96 213 480 470
96 182 368 62
96 295 426 442
96 156 351 390
96 250 393 1
96 12 291 467
96 140 121 935
96 277 134 875
96 37 86 437
96 28 331 719
96 254 67 781
96 35 361 65
96 212 81 860
96 214 213 901
96 182 424 120
96 75 286 990
96 140 153 1000
96 115 500 265
96 74 500 248
96 206 12 655
97 98 14 761
97 102 189 1000
97 33 142 121
97 202 64 662
97 251 157 905
97 193 155 815
97 297 119 309
97 248 278 670
97 133 500 429
97 126 151 865
97 110 20 649
97 35 412 17
97 175 69 334
97 224 380 501
97 232 1 624
97 276 500 209
97 65 75 1000
97 222 130 1000
97 37 382 807
97 51 372 1
97 210 210 91
97 148 176 213
97 258 148 471
97 118 500 216
97 2 366 1
97 221 351 1
97 103 133 455
97 69 482 140
97 62 144 671
97 87 240 345
97 232 268 813
97 238 344 1
97 161 178 1000
97 222 236 578
97 216 27 362
97 202 148 806
97 105 294 929
97 111 220 757
97 238 63 891
97 10 1 541
97 92 263 1000
97 299 149 144
97 276 444 289
97 177 332 1
97 139 349 889
97 252 231 1000
97 3 186 194
97 54 418 373
97 27 152 436
97 29 91 395
97 16 245 250
97 204 1 912
97 17 362 782
97 186 1 846
97 257 98 242
97 82 500 251
97 266 241 117
97 221 87 1000
97 258 479 292
97 137 124 167
97 35 448 361
97 118 344 902
97 118 456 173
97 70 170 773
97 191 136 530
97 101 119 230
97 22 214 28
97 283 245 476
97 73 222 1000
97 157 53 636
97 247 249 58
97 101 500 568
97 288 466 211
97 287 379 39
97 204 477 420
97 207 296 426
97 9 218 81
97 15 325 1
97 218 132 863
97 19 396 297
97 227 125 164
97 256 85 810
97 219 288 802
97 157 353 186
97 159 130 338
97 177 500 220
97 232 282 311
97 137 310 1
97 199 149 465
97 212 347 680
97 3 426 153
97 206 131 530
97 3 319 927
97 12 496 403
97 95 500 328
98 99 1 821
98 242 120 831
98 284 3 485
98 182 203 963
98 240 321 62
98 43 457 107
98 71 276 944
98 22 10 636
98 298 260 26
98 296 61 555
98 297 347 637
98 135 435 36
98 296 142 884
98 282 401 379
98 232 271 370
98 92 298 116
98 171 434 1
98 180 182 974
98 57 469 1
98 18 185 107
98 214 67 397
98 258 1 764
98 242 111 467
98 263 212 213
98 223 226 725
98 110 170 75
98 73 244 1
98 199 345 1
98 193 37 340
98 280 403 112
98 57 190 966
98 27 161 567
98 137 406 1
98 172 1 653
98 273 182 583
98 180 441 130
98 261 500 160
98 281 495 597
98 14 461 226
98 115 414 1
98 45 161 333
98 177 496 510
98 245 435 105
98 147 328 91
98 207 202 1000
98 285 389 771
98 153 146 187
98 224 108 715
98 68 192 700
98 291 84 497
98 256 433 131
98 250 24 491
98 254 93 1000
98 244 465 130
98 222 158 583
98 212 73 1000
98 80 402 1
98 88 411 1
98 206 1 797
98 3 199 743
98 32 394 78
98 278 1 738
98 2 75 1000
98 63 419 301
98 100 1 654
98 244 464 387
98 40 427 466
98 89 330 917
98 222 2 591
98 290 388 639
98 60 161 1000
98 212 1 669
98 51 238 503
98 161 500 288
98 96 134 948
98 66 239 916
98 102 346 222
98 289 500 159
98 196 1 711
98 186 206 704
98 130 367 846
98 120 404 623
98 188 457 607
98 19 153 266
98 283 500 281
98 210 21 641
99 100 1 949
99 182 373 1
99 79 233 355
99 134 32 849
99 123 300 519
99 89 500 429
99 279 153 680
99 86 255 19
99 210 120 440
99 98 283 4
99 54 468 653
99 162 1 491
99 55 356 1
99 85 500 346
99 295 500 437
99 160 279 487
99 196 45 329
99 126 441 252
99 9 65 336
99 145 171 666
99 39 280 857
99 95 157 733
99 8 410 1
99 107 181 460
99 14 456 270
99 231 151 454
99 82 41 502
99 292 462 487
99 52 500 275
99 266 204 437
99 180 179 568
99 189 409 438
99 137 209 827
99 36 216 845
99 215 343 301
99 263 96 992
99 88 236 1
99 201 373 417
99 72 27 468
99 54 31 421
99 144 230 210
99 28 424 1
99 48 309 1
99 270 375 147
99 213 69 305
99 223 102 1000
99 3 235 1
99 267 294 640
99 23 88 954
99 14 104 401
99 3 447 292
99 52 500 274
99 66 500 247
99 187 214 1000
99 64 408 777
99 18 204 887
99 252 147 1000
99 176 158 229
99 188 248 136
99 274 1 764
99 67 382 473
99 119 114 1000
99 38 221 211
99 126 231 159
99 46 279 1
99 65 1 729
99 275 484 595
99 258 464 324
99 58 230 91
99 134 1 744
99 84 166 348
99 74 500 226
99 118 259 381
99 19 357 853
99 47 84 431
99 129 451 1
99 68 159 598
99 43 226 70
99 230 236 25
99 297 500 238
99 71 288 610
99 200 1 949
99 119 200 1000
99 70 500 477
99 107 148 737
99 231 55 370
99 64 454 19
99 121 267 575
99 32 117 565
99 94 230 439
99 61 1 714
99 9 96 1000
99 232 165 215
99 124 111 567
99 279 80 363
99 5 206 1000
99 195 364 498
99 185 496 160
99 155 216 192
99 96 284 1
99 278 139 241
99 207 170 166
100 101 4 626
100 296 1 538
100 185 268 295
100 195 323 1
100 275 390 244
100 90 500 459
100 174 159 514
100 101 400 48
100 44 249 813
100 170 113 1000
100 67 389 253
100 207 500 374
100 124 391 1
100 223 489 387
100 285 61 774
100 120 31 1000
100 240 500 101
100 240 26 366
100 164 500 369
100 22 190 814
100 25 273 268
100 293 231 784
100 245 314 660
100 218 1 916
100 291 236 122
100 291 193 479
100 240 307 1
100 152 500 202
100 285 368 1
100 257 374 51
100 10 256 43
100 44 251 31
100 227 173 1000
100 5 243 532
100 62 441 420
100 127 401 500
100 102 306 150
100 143 296 1
100 94 62 1000
100 175 95 585
100 247 417 69
100 77 295 1
100 222 230 4
100 240 244 510
100 178 149 610
100 40 338 665
100 299 117 1000
100 208 143 174
100 164 373 293
100 247 183 87
100 262 337 552
100 196 274 828
100 223 500 249
100 62 1 650
100 266 436 257
100 125 266 911
100 138 261 1000
100 255 319 685
100 285 118 603
100 219 500 126
100 208 213 278
100 94 184 1000
100 233 369 1
100 229 373 1
100 94 116 635
100 218 396 491
100 257 221 991
100 157 30 442
100 90 500 421
100 189 18 643
100 69 269 221
100 260 231 454
100 130 75 393
100 59 459 404
100 53 321 762
100 297 427 336
100 36 1 834
100 288 92 677
100 261 330 98
100 294 33 723
100 163 114 370
100 245 247 485
100 173 52 1000
100 143 69 729
100 196 330 623
100 15 1 476
100 7 358 258
100 163 500 311
100 270 238 352
100 206 492 343
100 246 338 478
100 134 57 1000
100 185 500 164
100 141 105 1000
100 183 257 8
100 169 373 853
100 104 220 894
100 251 171 1000
100 39 187 282
100 68 299 931
100 229 367 105
100 78 264 676
100 119 212 432
100 152 40 542
100 286 426 709
100 25 117 296
100 269 357 816
100 21 403 1
100 294 258 648
100 243 47 852
100 138 1 666
100 287 500 361
100 230 11 648
100 118 426 45
101 102 9 914
101 229 405 503
101 179 210 566
101 98 166 343
101 259 183 888
101 12 163 717
101 258 460 625
101 267 438 690
101 52 1 836
101 245 197 673
101 214 232 828
101 97 266 868
101 108 194 888
101 98 1 894
101 38 229 1
101 187 235 706
101 235 266 135
101 118 194 96
101 118 1 460
101 217 448 3
101 141 87 1000
101 51 373 246
101 267 313 4
101 160 389 783
101 37 369 247
101 93 1 636
101 236 143 791
101 246 67 650
101 119 380 1
101 196 245 960
101 282 124 324
101 255 136 206
101 186 164 306
101 30 336 645
101 107 296 1
101 17 382 118
101 262 411 287
101 166 256 604
101 258 477 155
101 254 254 250
101 212 206 832
101 131 234 1
101 91 388 250
101 153 331 582
101 187 1 568
101 89 96 736
101 137 293 1
101 25 196 592
101 265 342 227
101 252 119 914
101 106 309 792
101 37 122 294
101 206 224 791
101 168 191 590
101 253 45 595
101 298 128 829
101 112 347 258
101 162 58 722
101 88 264 539
101 181 280 962
101 87 1 874
101 56 276 584
101 54 336 686
101 128 161 1000
101 135 36 1000
101 248 89 997
101 192 300 1
101 124 10 610
101 1 121 1000
101 195 1 648
101 160 123 1000
101 111 171 987
101 3 1 915
101 56 229 98
101 14 297 646
101 79 1 702
101 286 152 980
101 64 111 542
101 39 1 657
101 102 335 1
101 16 235 870
101 228 363 123
101 199 334 31
101 139 500 190
101 160 324 657
101 74 155 214
101 207 500 139
101 104 500 286
101 111 393 1
101 228 310 1
101 181 163 202
101 199 12 900
101 298 500 156
101 78 476 254
101 45 231 708
101 256 352 228
101 245 376 718
101 285 497 37
101 281 201 713
101 147 444 317
101 183 1 913
102 103 15 380
102 78 40 674
102 50 275 506
102 161 312 413
102 57 270 185
102 185 1 647
102 173 147 467
102 67 82 311
102 67 500 304
102 298 302 744
102 109 7 403
102 12 334 842
102 201 500 157
102 205 415 270
102 174 500 306
102 196 7 870
102 172 115 837
102 182 401 142
102 183 500 371
102 200 339 1
102 78 28 524
102 52 360 215
102 94 346 1
102 194 301 1
102 192 147 466
102 6 381 318
102 48 298 1
102 141 297 256
102 118 182 1000
102 170 325 316
102 88 37 958
102 145 386 473
102 196 10 485
102 297 398 1
102 255 23 402
102 120 319 1
102 144 16 992
102 147 324 1
102 28 1 495
102 258 172 1000
102 165 274 401
102 155 232 117
102 279 364 1
102 259 1 472
102 241 344 598
102 265 61 650
102 299 232 573
102 129 495 71
102 56 182 1000
102 72 144 1000
102 40 235 228
102 180 121 762
102 117 80 999
102 117 137 712
102 40 109 532
102 77 172 635
102 246 45 342
102 27 58 457
102 136 252 997
102 198 178 540
102 47 269 853
102 74 81 1000
102 221 196 194
102 40 315 1
102 125 95 958
102 27 407 1
102 117 146 472
102 274 102 765
102 87 451 367
102 216 377 371
102 149 176 148
102 15 289 902
102 230 110 1000
102 12 1 477
102 272 214 767
102 145 500 303
102 294 300 1
102 43 180 254
102 66 260 697
102 155 84 417
102 188 1 624
102 188 142 754
102 90 28 387
102 26 96 686
102 67 399 287
102 158 44 807
102 43 343 242
102 106 221 156
102 255 312 507
102 1 311 133
102 32 185 328
102 119 256 820
102 75 164 617
102 4 344 907
102 275 340 802
102 69 71 584
102 246 452 298
102 188 109 841
102 84 239 1000
103 104 13 333
103 3 267 555
103 206 500 265
103 275 271 1000
103 9 231 1000
103 155 70 939
103 237 500 72
103 163 156 464
103 275 247 561
103 189 440 57
103 116 272 46
103 110 226 977
103 113 500 173
103 76 350 51
103 240 346 139
103 109 186 853
103 49 152 271
103 273 347 492
103 149 226 741
103 187 1 670
103 299 1 476
103 122 452 601
103 140 500 565
103 181 438 1
103 23 94 377
103 61 500 201
103 3 500 350
103 76 171 1000
103 26 293 536
103 138 185 1000
103 16 206 902
103 196 371 92
103 131 310 514
103 159 212 947
103 116 247 317
103 104 415 92
103 110 280 239
103 194 1 810
103 247 315 744
103 20 72 309
103 219 500 179
103 37 325 173
103 233 329 1
103 44 225 817
103 218 1 856
103 226 200 142
103 81 304 121
103 257 300 118
103 82 500 144
103 217 50 726
103 237 109 497
103 65 500 455
103 256 6 514
103 88 369 435
103 134 298 1
103 121 360 478
103 54 107 938
103 206 57 911
103 253 277 833
103 135 419 114
103 272 500 195
103 292 478 75
103 178 397 410
103 280 3 612
103 160 500 199
103 279 152 815
103 13 333 1
103 57 360 694
103 176 291 1
103 155 47 535
103 160 150 1000
103 40 104 629
103 285 474 165
103 21 1 595
103 252 352 592
103 104 400 789
103 282 405 711
103 222 327 400
103 266 303 36
103 182 500 503
103 201 399 609
103 51 148 1000
103 192 5 674
103 294 399 1
103 25 44 905
103 288 430 639
103 254 266 1
103 242 407 103
104 105 12 540
104 193 375 594
104 262 279 771
104 173 283 564
104 63 435 299
104 239 16 705
104 284 177 782
104 11 34 519
104 296 484 597
104 187 269 179
104 136 349 196
104 93 222 219
104 79 300 1
104 61 335 43
104 282 500 349
104 40 1 639
104 243 190 377
104 228 183 552
104 247 291 334
104 236 500 316
104 41 1 649
104 113 102 978
104 210 500 300
104 20 429 34
104 13 500 269
104 226 218 1000
104 143 346 1
104 212 349 252
104 219 378 1
104 282 500 413
104 281 500 299
104 289 83 723
104 154 158 1000
104 292 1 554
104 18 455 307
104 73 489 49
104 116 353 26
104 207 371 501
104 65 335 1
104 138 66 616
104 23 283 78
104 167 430 566
104 160 200 594
104 44 347 481
104 230 197 741
104 9 35 575
104 115 309 750
104 97 7 412
104 158 29 1000
104 108 152 1000
104 274 101 734
104 232 456 609
104 141 201 883
104 10 94 382
104 211 263 293
104 11 153 296
104 2 313 133
104 209 428 514
104 234 167 268
104 122 77 416
104 80 275 242
104 201 81 942
104 86 249 204
104 146 134 384
104 112 54 311
104 33 258 52
104 137 18 461
104 152 88 890
104 203 1 819
104 214 248 333
104 291 359 70
104 120 221 736
104 245 216 862
104 207 189 349
104 298 256 756
104 248 1 677
104 13 119 395
104 263 60 704
104 57 206 386
104 206 175 279
104 167 262 1
104 189 63 958
104 115 491 344
104 189 178 1000
104 97 202 531
104 47 462 138
104 222 271 760
104 205 500 311
104 263 434 365
104 62 356 807
104 176 427 208
104 261 157 676
104 263 45 633
104 224 5 800
104 227 66 1000
104 271 500 300
104 56 180 549
104 42 186 1000
104 127 328 253
104 204 498 233
104 268 57 642
104 57 296 756
104 30 80 253
104 215 203 449
104 145 89 502
104 2 364 494
104 172 214 869
104 203 231 1000
104 193 408 685
104 88 83 445
104 209 191 762
104 83 14 547
105 106 9 948
105 224 229 140
105 103 206 490
105 11 301 904
105 138 482 428
105 169 75 785
105 109 1 655
105 138 352 436
105 82 216 628
105 160 337 739
105 69 1 740
105 61 1 594
105 249 389 553
105 94 262 611
105 51 153 869
105 277 236 1
105 266 456 358
105 261 346 306
105 297 266 972
105 199 259 760
105 272 183 970
105 99 261 1000
105 126 184 289
105 222 500 129
105 252 413 438
105 84 399 1
105 245 29 678
105 97 75 278
105 142 29 378
105 125 500 236
105 80 328 241
105 125 346 1
105 51 147 262
105 78 1 602
105 49 260 821
105 9 416 1
105 68 80 1000
105 279 374 353
105 217 443 153
105 171 198 754
105 120 213 1
105 251 89 261
105 58 23 1000
105 51 40 507
105 112 350 309
105 200 1 622
105 92 56 521
105 30 408 690
105 189 249 1
105 107 451 502
105 68 1 687
105 89 426 1
105 34 117 170
105 117 188 613
105 242 1 935
105 30 60 431
105 228 324 52
105 267 403 131
105 274 457 54
105 118 387 581
105 83 4 544
105 208 452 528
105 123 487 401
105 111 329 636
105 174 345 435
105 224 187 339
105 197 126 1000
105 203 139 736
105 2 420 221
105 171 282 750
105 219 19 387
105 296 500 442
105 177 331 444
105 60 77 1000
105 96 382 1
105 239 192 712
105 286 346 491
105 99 143 464
105 234 290 10
105 243 362 1
105 64 247 366
105 121 181 349
105 38 307 882
105 112 148 252
105 291 360 587
105 266 42 553
105 160 4 690
106 107 12 174
106 57 189 1000
106 35 295 1
106 216 306 1
106 174 1 916
106 294 155 740
106 21 500 215
106 211 500 486
106 267 180 641
106 65 51 955
106 224 328 724
106 65 331 1
106 64 500 337
106 182 367 631
106 42 145 1000
106 13 403 315
106 61 127 344
106 269 137 1000
106 111 137 1000
106 145 254 305
106 167 29 975
106 254 48 689
106 246 216 100
106 95 198 242
106 193 500 291
106 29 345 654
106 147 52 657
106 9 277 968
106 1 310 518
106 211 400 28
106 74 302 606
106 297 486 608
106 196 260 637
106 50 248 29
106 19 140 1000
106 129 1 674
106 66 123 446
106 68 1 771
106 273 320 651
106 55 397 604
106 18 248 1000
106 279 92 293
106 154 137 1000
106 167 223 1000
106 33 251 449
106 67 84 867
106 189 52 783
106 15 276 1
106 253 167 209
106 177 141 907
106 29 435 268
106 204 322 1
106 93 225 445
106 291 316 446
106 5 1 573
106 172 295 1
106 204 372 31
106 283 60 476
106 163 69 366
106 204 415 677
106 140 307 453
106 238 440 304
106 171 109 942
106 266 162 590
106 192 343 1
106 274 256 378
106 153 446 1
106 284 209 1000
106 108 201 31
106 88 352 768
106 62 124 966
106 171 1 491
106 109 165 305
106 117 384 637
106 288 500 298
106 243 500 351
106 230 382 763
106 234 300 1
106 195 134 852
106 119 317 829
106 83 341 424
106 12 404 184
106 78 325 11
106 29 500 225
106 120 484 235
106 147 413 688
106 97 6 769
106 236 152 602
106 56 500 269
106 124 367 442
106 180 392 786
106 8 231 752
106 107 13 936
106 259 339 1
106 137 44 415
107 108 2 916
107 129 95 1000
107 175 370 695
107 240 327 764
107 247 1 638
107 70 462 236
107 284 1 694
107 174 407 419
107 3 317 932
107 268 477 386
107 52 100 740
107 142 267 1000
107 200 5 861
107 139 213 92
107 273 1 547
107 90 162 329
107 59 128 568
107 28 253 774
107 187 125 366
107 213 500 301
107 56 59 903
107 88 500 459
107 231 222 886
107 155 313 671
107 264 31 955
107 135 330 1
107 290 447 211
107 67 331 223
107 167 444 623
107 9 52 910
107 126 130 703
107 35 500 313
107 240 312 133
107 85 500 337
107 88 199 387
107 7 2 839
107 76 233 1
107 16 404 183
107 21 102 1000
107 247 379 806
107 39 161 1000
107 291 191 610
107 73 166 974
107 144 250 914
107 101 290 602
107 101 230 834
107 131 500 218
107 17 453 43
107 1 171 492
107 152 208 254
107 113 387 405
107 68 143 651
107 203 181 820
107 298 500 311
107 71 124 410
107 252 276 1
107 135 110 812
107 6 219 805
107 100 52 374
107 3 199 807
107 35 179 1000
107 174 500 238
107 184 468 268
107 284 130 312
107 122 154 238
107 120 486 176
107 201 59 861
107 88 146 605
107 2 500 135
107 277 239 713
107 52 426 292
107 65 425 113
107 84 359 276
107 273 158 659
107 108 300 776
107 17 90 663
107 188 104 487
107 250 87 708
107 281 234 595
107 167 491 158
107 139 1 551
107 207 262 147
107 200 384 1
107 27 500 337
107 194 365 781
107 68 436 405
107 60 207 769
107 76 403 640
107 281 181 1000
107 245 336 460
107 237 235 1000
107 121 45 384
107 45 296 467
107 35 387 436
108 109 13 139
108 198 152 1000
108 56 419 121
108 262 40 858
108 117 218 620
108 285 500 296
108 94 91 803
108 111 389 669
108 110 32 936
108 74 500 451
108 230 169 455
108 86 378 1
108 101 140 215
108 139 280 980
108 43 308 671
108 38 349 103
108 55 500 297
108 93 17 981
108 244 271 944
108 170 435 308
108 17 500 117
108 58 298 255
108 129 238 1000
108 11 143 1000
108 170 341 666
108 260 102 930
108 140 271 979
108 128 24 772
108 176 285 686
108 185 64 1000
108 268 200 821
108 254 188 829
108 122 189 221
108 267 206 472
108 119 303 528
108 250 228 453
108 141 500 105
108 264 81 695
108 166 60 1000
108 118 306 652
108 28 371 721
108 133 289 808
108 126 82 979
108 163 333 1
108 142 337 40
108 229 278 318
108 142 92 483
108 271 319 596
108 63 265 519
108 214 1 770
108 211 358 1
108 151 1 523
108 156 484 544
108 141 214 237
108 253 443 666
108 292 383 1
108 87 316 1
108 67 403 329
108 144 385 776
108 9 77 1000
108 4 206 163
108 142 46 898
108 78 1 508
108 23 320 592
108 147 182 865
108 131 193 426
108 103 500 371
108 74 460 317
108 135 352 762
108 85 1 769
108 61 38 751
108 90 1 651
108 295 213 413
108 294 265 257
108 280 280 513
108 49 1 469
108 249 470 110
108 289 474 485
108 216 1 662
108 122 500 106
108 243 144 321
108 53 135 988
108 9 121 198
108 213 488 396
108 170 159 1000
108 40 154 473
109 110 15 632
109 206 1 760
109 81 42 1000
109 270 232 700
109 133 363 1
109 9 190 37
109 206 375 677
109 279 1 897
109 167 180 47
109 29 292 1
109 196 302 774
109 294 76 659
109 119 374 560
109 272 182 786
109 176 181 1000
109 140 1 499
109 53 226 427
109 116 489 239
109 228 500 513
109 220 378 123
109 237 444 400
109 273 87 418
109 192 402 618
109 66 46 990
109 273 258 932
109 54 7 776
109 142 199 306
109 241 1 644
109 32 500 120
109 237 223 1000
109 256 436 251
109 290 32 387
109 195 109 858
109 280 257 2
109 49 1 595
109 140 114 275
109 90 74 934
109 118 361 1
109 158 241 593
109 282 236 565
109 125 433 115
109 52 217 357
109 233 259 284
109 53 362 81
109 152 24 487
109 239 352 539
109 73 152 1000
109 54 246 566
109 37 433 105
109 36 130 1000
109 215 200 182
109 181 140 279
109 43 1 667
109 224 387 812
109 148 434 286
109 269 360 176
109 136 114 1000
109 296 263 18
109 89 32 425
109 101 32 796
109 167 158 1000
109 182 172 448
109 280 156 965
109 212 331 424
109 197 420 1
109 275 316 1
109 264 365 372
109 93 354 33
109 129 176 288
109 146 156 863
109 227 129 855
109 77 153 478
109 267 321 739
109 12 428 292
109 72 330 89
109 137 143 127
109 222 311 257
109 249 223 661
109 158 99 433
109 44 257 1000
109 184 126 1000
109 265 141 708
109 79 500 549
109 263 500 263
109 177 1 854
109 46 270 992
109 26 150 292
109 259 338 1
109 185 193 1000
109 228 212 108
109 187 500 515
109 18 225 107
109 187 96 226
109 79 458 635
109 248 475 352
109 41 260 15
109 45 413 772
109 105 250 866
109 231 195 733
109 89 119 584
110 111 5 880
110 29 282 561
110 236 68 510
110 297 299 1
110 250 234 756
110 154 500 247
110 192 243 222
110 100 294 954
110 67 273 829
110 266 207 180
110 137 156 479
110 204 14 934
110 111 145 394
110 150 98 1000
110 109 266 435
110 157 1 541
110 113 372 100
110 288 191 61
110 220 64 709
110 46 244 774
110 124 280 280
110 8 132 227
110 206 500 212
110 288 500 363
110 54 190 912
110 29 179 155
110 41 224 777
110 33 70 979
110 153 133 1000
110 264 500 433
110 210 302 1
110 142 96 596
110 202 393 753
110 133 248 1000
110 243 223 1000
110 12 326 681
110 11 211 871
110 43 500 197
110 225 440 464
110 166 302 1
110 296 229 417
110 44 428 418
110 39 184 1000
110 65 1 471
110 135 17 444
110 1 476 362
110 194 162 655
110 47 175 189
110 95 336 504
110 8 228 400
110 117 75 1000
110 136 202 19
110 107 347 105
110 244 1 777
110 206 1 650
110 59 244 937
110 125 281 344
110 257 251 547
110 6 156 230
110 195 22 580
110 190 283 51
110 118 466 666
110 26 1 679
110 244 1 802
110 32 348 495
110 136 271 438
110 225 127 889
110 49 500 192
110 154 110 562
110 181 249 676
110 47 148 611
110 30 254 713
110 293 352 280
110 245 133 983
110 71 70 941
110 105 98 724
110 190 487 409
110 33 245 427
110 298 126 1000
110 98 460 410
110 21 289 1
110 200 424 1
110 39 1 729
110 114 486 208
110 221 254 633
110 142 83 902
110 195 433 496
110 75 66 1000
110 71 500 384
110 141 88 1000
110 202 432 529
110 288 144 455
110 106 425 111
110 262 417 1
110 192 245 704
110 75 242 552
110 31 1 597
110 234 500 512
110 42 111 1000
110 254 125 1000
110 297 353 889
110 137 500 474
110 245 139 688
110 28 500 190
110 291 500 194
110 164 433 624
111 112 5 606
111 56 94 415
111 28 287 453
111 143 339 432
111 67 500 442
111 242 251 385
111 177 443 495
111 297 319 198
111 161 217 765
111 143 195 57
111 41 436 516
111 106 220 979
111 100 1 924
111 62 500 146
111 208 390 24
111 83 302 648
111 136 500 171
111 27 235 514
111 270 271 468
111 189 373 739
111 35 340 543
111 169 352 856
111 237 351 320
111 113 40 502
111 24 226 499
111 184 79 430
111 129 332 63
111 215 161 1000
111 198 197 430
111 283 338 1
111 152 499 138
111 174 181 961
111 116 484 360
111 1 367 171
111 230 59 355
111 254 51 311
111 24 397 232
111 3 209 1000
111 75 156 1000
111 170 394 481
111 203 161 296
111 169 368 624
111 102 414 491
111 164 1 817
111 64 10 700
111 68 1 523
111 1 305 391
111 91 75 448
111 219 217 711
111 76 265 561
111 174 1 550
111 139 292 139
111 235 167 917
111 75 500 380
111 132 478 48
111 112 260 314
111 242 225 261
111 10 500 397
111 231 32 655
111 105 19 836
111 67 120 557
111 54 377 174
111 293 131 180
111 76 222 921
111 26 465 1
111 64 1 519
111 68 375 800
111 24 303 105
111 282 450 640
111 88 424 1
111 270 129 1000
111 204 49 1000
111 76 126 259
111 54 102 558
111 75 127 241
111 81 269 496
111 162 329 125
111 188 403 339
111 176 170 628
111 97 319 33
111 21 60 891
111 275 311 733
111 260 197 341
111 18 86 436
111 260 89 729
111 125 347 50
111 222 92 880
111 36 321 530
111 211 119 546
111 198 299 810
111 55 1 819
111 247 500 241
111 50 224 1000
111 174 229 1
111 212 276 941
111 108 1 658
111 177 82 904
111 186 193 19
111 131 500 136
111 194 262 172
111 33 1 617
111 275 125 540
111 165 383 21
111 34 5 427
111 91 225 240
111 265 203 660
111 12 119 976
111 140 345 769
111 250 186 1000
111 207 406 456
111 181 435 619
111 225 206 674
111 254 143 203
111 20 216 434
111 269 443 366
111 48 18 860
111 104 305 281
111 41 404 89
112 113 7 569
112 225 11 634
112 195 271 79
112 85 143 904
112 91 177 647
112 277 86 900
112 172 313 1
112 170 460 379
112 28 416 603
112 12 1 755
112 85 274 166
112 10 93 512
112 183 373 719
112 155 171 1000
112 67 496 304
112 20 98 241
112 142 1 858
112 227 232 170
112 274 432 376
112 93 245 61
112 103 330 801
112 213 464 393
112 66 1 732
112 150 105 403
112 184 39 689
112 126 500 367
112 24 500 435
112 162 100 805
112 252 278 428
112 234 473 550
112 147 369 669
112 230 102 751
112 208 301 208
112 208 386 330
112 126 50 1000
112 133 391 619
112 130 467 653
112 131 53 617
112 13 444 1
112 130 1 707
112 229 343 69
112 222 382 1
112 258 152 943
112 46 110 215
112 14 452 126
112 36 448 664
112 15 500 281
112 39 171 341
112 259 84 1000
112 252 285 1
112 249 15 984
112 201 146 980
112 188 318 1
112 237 500 367
112 295 495 522
112 115 424 156
112 187 460 546
112 127 443 536
112 179 1 647
112 107 64 381
112 37 360 816
112 111 125 914
112 170 332 1
112 289 320 938
112 241 227 51
112 204 158 625
112 64 1 926
112 117 185 608
112 275 500 369
112 153 305 85
112 199 500 283
112 213 83 958
112 185 54 609
112 87 92 345
112 95 177 885
112 169 68 873
112 40 339 798
112 11 12 917
112 160 228 6
112 173 192 1000
112 243 406 1
112 277 272 293
112 40 500 172
112 286 454 436
112 238 363 140
112 108 212 607
112 58 115 842
112 186 304 341
112 214 237 962
112 246 194 966
112 123 337 225
112 263 90 599
112 27 332 1
112 101 447 336
112 80 220 191
112 219 277 569
112 174 256 894
112 152 181 245
112 290 376 340
112 29 212 920
112 195 346 30
113 114 7 94
113 120 230 312
113 51 500 532
113 43 246 356
113 226 500 248
113 257 112 570
113 297 288 121
113 249 336 633
113 8 118 1000
113 273 298 829
113 135 336 530
113 47 500 404
113 38 359 1
113 225 339 291
113 54 1 516
113 288 335 77
113 50 472 369
113 86 500 376
113 214 66 935
113 275 190 507
113 287 395 478
113 264 500 107
113 297 184 1000
113 84 398 599
113 47 500 227
113 164 388 445
113 179 51 824
113 28 337 327
113 270 231 61
113 133 386 92
113 140 181 682
113 11 40 589
113 227 494 599
113 31 138 946
113 40 84 237
113 262 71 922
113 93 19 707
113 166 183 819
113 138 1 561
113 111 287 496
113 98 284 654
113 253 500 387
113 165 500 188
113 21 231 1000
113 207 7 891
113 262 115 1000
113 180 304 1
113 33 410 767
113 189 311 232
113 172 1 705
113 88 240 367
113 135 1 465
113 218 500 180
113 117 500 345
113 95 1 675
113 71 136 434
113 232 239 988
113 96 381 390
113 135 195 772
113 186 211 530
113 102 273 1
113 39 228 1000
113 11 430 188
113 181 500 70
113 97 371 378
113 143 500 336
113 205 500 168
113 243 242 700
113 42 395 1
113 65 314 600
113 253 456 450
113 298 212 702
113 209 236 1000
113 17 319 365
113 98 109 348
113 60 74 425
113 140 462 71
113 274 500 369
113 143 176 843
113 191 205 1000
113 74 19 833
113 187 500 360
113 40 366 1
113 218 1 753
113 118 417 362
113 235 163 88
113 55 491 7
113 284 142 407
113 144 255 536
113 170 477 209
113 33 424 438
113 193 211 871
113 13 330 1
113 159 71 1000
113 213 418 694
113 282 166 1000
113 153 388 447
113 255 380 487
113 254 122 990
113 231 476 84
113 207 500 367
113 184 78 279
113 284 375 834
113 175 182 842
113 272 258 776
113 163 234 806
113 228 97 490
113 107 126 446
113 246 120 1000
113 95 1 774
113 228 1 593
113 31 409 92
113 295 500 353
113 1 34 655
113 230 377 840
113 246 384 310
113 136 88 736
113 257 59 724
113 246 293 134
113 99 295 1
113 90 310 254
113 174 214 765
113 174 123 1000
113 9 359 554
113 290 171 495
114 115 15 245
114 233 1 729
114 288 159 714
114 132 67 807
114 208 424 574
114 248 159 125
114 63 417 245
114 228 183 625
114 95 442 501
114 152 137 777
114 60 486 383
114 115 76 488
114 106 222 226
114 278 57 628
114 232 386 680
114 151 240 935
114 106 57 517
114 135 1 735
114 197 372 135
114 65 262 513
114 286 401 748
114 102 37 936
114 15 46 592
114 257 195 367
114 273 462 503
114 54 319 28
114 187 210 577
114 130 500 191
114 54 446 570
114 82 500 376
114 297 1 733
114 12 49 993
114 117 163 529
114 127 59 704
114 58 499 484
114 33 188 127
114 73 428 525
114 23 115 676
114 195 488 335
114 99 308 738
114 198 180 634
114 235 401 619
114 25 235 585
114 116 263 1000
114 138 421 102
114 11 257 614
114 58 440 665
114 57 344 393
114 33 465 526
114 233 1 853
114 129 188 294
114 87 202 570
114 226 397 797
114 104 12 470
114 108 500 385
114 160 485 421
114 162 500 68
114 51 410 397
114 52 236 407
114 241 291 624
114 198 192 1000
114 6 152 815
114 162 456 450
114 84 52 577
114 113 131 266
114 28 22 539
114 283 134 1000
114 26 165 1000
114 124 385 510
114 154 500 325
114 132 362 26
114 201 305 306
114 252 173 800
114 210 1 773
114 186 180 386
114 107 443 309
114 96 314 804
114 237 454 580
114 230 500 227
114 207 183 996
114 113 126 251
114 128 241 1
114 124 94 716
114 111 1 707
114 247 382 1
114 124 249 983
114 262 195 70
114 116 469 189
114 11 37 1000
114 72 273 119
115 116 13 194
115 150 213 847
115 36 115 679
115 130 112 434
115 295 433 251
115 27 338 561
115 214 465 232
115 277 333 386
115 164 370 484
115 103 226 390
115 108 17 847
115 140 285 190
115 56 500 200
115 296 307 1
115 89 451 656
115 268 115 319
115 278 218 233
115 156 339 796
115 149 471 296
115 288 294 1
115 59 312 312
115 32 434 1
115 273 280 969
115 168 352 646
115 277 114 1000
115 15 353 71
115 87 162 169
115 179 276 1
115 118 477 535
115 131 140 163
115 169 1 434
115 169 292 139
115 132 450 390
115 211 36 673
115 206 391 370
115 107 204 772
115 123 155 800
115 48 74 856
115 133 298 6
115 191 316 707
115 155 249 525
115 86 117 308
115 82 1 562
115 128 66 463
115 13 162 430
115 40 474 1
115 209 163 1000
115 296 310 609
115 258 241 88
115 283 214 703
115 199 227 174
115 133 421 499
115 265 259 526
115 263 151 694
115 130 146 882
115 178 375 750
115 298 453 146
115 116 209 739
115 53 77 1000
115 237 31 1000
115 30 322 144
115 26 272 200
115 209 340 882
115 79 219 289
115 52 1 703
115 208 278 596
115 237 468 54
115 207 387 371
115 103 288 123
115 252 121 171
115 179 1 592
115 278 365 823
115 258 221 915
115 147 347 884
115 162 287 18
115 46 500 294
115 84 500 72
115 106 500 316
115 97 495 585
115 181 500 159
115 77 257 30
115 126 1 572
115 15 289 627
115 132 127 444
115 199 52 501
115 8 171 296
115 288 123 1000
115 157 494 39
115 66 359 349
115 17 215 769
115 120 500 278
115 107 335 829
115 101 216 862
115 193 209 298
115 256 324 200
115 129 461 326
115 122 154 976
115 78 338 921
115 275 319 400
115 19 500 353
115 110 456 1
115 65 500 367
115 108 111 655
115 180 284 341
115 79 31 957
115 41 313 1
115 24 346 594
116 117 12 366
116 168 80 244
116 284 371 1
116 135 56 992
116 235 167 597
116 14 184 857
116 69 115 756
116 191 146 1000
116 76 470 97
116 299 481 452
116 273 389 540
116 26 179 703
116 32 53 580
116 225 266 674
116 290 66 609
116 7 439 345
116 96 47 945
116 17 234 301
116 70 500 258
116 110 377 87
116 73 145 823
116 98 328 486
116 269 462 495
116 287 212 246
116 131 130 142
116 35 500 278
116 47 139 1000
116 273 389 676
116 139 470 41
116 25 1 840
116 157 239 300
116 34 113 1000
116 282 1 510
116 170 349 739
116 35 220 483
116 237 477 631
116 215 384 3
116 242 356 146
116 179 23 562
116 271 276 1
116 206 500 341
116 125 212 155
116 117 450 350
116 131 1 483
116 166 1 547
116 250 329 853
116 206 179 254
116 154 22 510
116 198 328 1
116 158 253 369
116 39 1 655
116 149 234 873
116 119 1 699
116 107 1 809
116 169 210 804
116 182 385 812
116 9 275 59
116 26 389 234
116 108 142 1000
116 291 142 944
116 13 125 517
116 230 283 1
116 284 500 163
116 74 112 506
116 17 457 237
116 149 22 459
116 271 259 359
116 285 384 1
116 53 155 844
116 54 123 227
116 265 379 815
116 53 248 804
116 123 129 367
116 270 1 609
116 221 1 579
116 191 109 611
116 3 354 553
116 71 500 132
116 83 197 675
116 79 314 1
116 170 61 872
116 146 233 114
116 249 374 396
116 48 269 1
116 264 63 854
116 29 313 689
116 137 1 585
116 63 1 761
116 16 175 322
116 57 117 885
116 203 127 804
116 110 277 238
116 27 14 535
116 80 1 459
116 172 295 194
116 215 170 807
116 122 287 45
116 91 219 416
116 40 345 843
116 269 80 1000
116 16 1 677
116 39 195 1000
116 170 309 840
116 221 59 848
116 290 1 682
116 189 83 433
116 168 466 331
116 77 1 714
116 61 207 953
116 284 300 375
117 118 12 555
117 270 231 906
117 91 200 1000
117 54 155 643
117 147 63 802
117 178 208 326
117 41 500 364
117 170 134 723
117 202 237 940
117 160 40 369
117 107 373 86
117 67 500 225
117 52 9 394
117 130 171 1000
117 170 393 303
117 246 500 389
117 195 308 136
117 188 317 1
117 12 500 301
117 167 1 772
117 88 224 535
117 291 71 660
117 67 126 597
117 136 75 1000
117 2 329 403
117 239 418 716
117 142 91 505
117 47 180 709
117 266 500 153
117 67 301 124
117 242 480 526
117 111 289 310
117 299 179 1000
117 236 31 956
117 280 500 201
117 298 300 132
117 26 159 912
117 65 208 901
117 69 436 662
117 144 335 111
117 51 334 391
117 278 283 867
117 148 314 420
117 20 302 298
117 222 172 103
117 103 1 480
117 148 205 116
117 276 145 366
117 137 1 769
117 56 308 914
117 70 14 988
117 207 350 896
117 239 410 588
117 97 1 641
117 43 6 559
117 17 130 356
117 285 500 459
117 152 1 922
117 93 500 256
117 246 1 795
117 44 136 383
117 16 459 644
117 179 285 480
117 198 106 867
117 182 145 576
117 31 379 366
117 12 67 333
117 289 189 262
117 100 1 922
117 209 383 194
117 270 432 590
117 288 345 120
117 126 391 1
117 141 86 837
117 7 212 31
117 211 378 231
117 281 500 330
117 130 326 593
117 121 293 959
117 133 139 557
117 202 322 136
117 88 500 201
117 232 221 851
117 240 311 566
117 152 149 1000
117 145 500 368
117 261 303 889
117 193 251 81
117 46 1 783
117 105 328 98
117 283 66 718
117 245 1 722
117 38 500 170
117 163 154 897
117 228 256 467
117 208 1 571
117 135 375 564
117 94 429 430
117 286 363 204
117 2 452 144
117 268 322 700
118 119 6 740
118 242 1 590
118 166 500 326
118 93 217 378
118 23 1 802
118 59 1 483
118 159 378 174
118 153 60 559
118 97 78 278
118 297 284 521
118 65 500 411
118 127 24 753
118 142 220 558
118 273 369 631
118 266 293 146
118 295 187 344
118 36 500 357
118 263 500 145
118 241 209 1000
118 254 321 1
118 245 140 479
118 228 363 239
118 176 500 218
118 237 131 1000
118 30 368 683
118 131 51 1000
118 214 189 765
118 148 95 983
118 24 258 619
118 272 312 617
118 94 54 1000
118 28 182 900
118 150 500 124
118 133 13 771
118 147 213 10
118 187 67 1000
118 230 238 215
118 106 214 794
118 149 433 282
118 24 353 854
118 215 446 279
118 263 467 189
118 188 89 419
118 272 87 704
118 196 361 451
118 28 186 497
118 62 397 688
118 62 334 293
118 291 1 561
118 43 429 205
118 242 276 534
118 76 258 474
118 116 349 1
118 281 471 116
118 56 12 525
118 126 500 520
118 135 103 297
118 90 364 1
118 252 274 1000
118 200 42 842
118 208 249 1000
118 247 53 531
118 125 386 231
118 202 251 895
118 99 388 627
118 151 368 1
118 153 500 243
118 80 257 327
118 23 354 1
118 109 456 151
118 179 22 978
118 29 257 538
118 40 453 42
118 196 366 544
118 52 271 85
118 223 368 1
118 299 1 664
118 276 1 684
118 248 476 330
118 146 172 1000
118 220 209 105
118 233 167 1000
118 184 33 882
118 194 227 1000
118 263 23 533
118 75 1 478
118 184 205 483
118 172 348 1
118 44 444 1
118 221 220 1000
118 294 143 836
119 120 7 213
119 179 52 695
119 9 413 297
119 227 1 693
119 191 130 581
119 268 101 620
119 97 402 1
119 235 176 584
119 16 491 309
119 253 161 1000
119 75 221 843
119 122 490 373
119 139 220 535
119 143 457 156
119 242 500 409
119 221 50 758
119 11 174 279
119 241 444 27
119 284 156 113
119 28 111 902
119 133 260 1
119 15 279 220
119 216 337 381
119 45 356 1
119 199 407 418
119 90 56 627
119 233 39 937
119 77 241 68
119 88 204 469
119 98 148 216
119 299 500 320
119 83 384 209
119 171 42 606
119 124 43 483
119 90 368 174
119 111 227 953
119 55 197 727
119 96 398 763
119 193 49 987
119 296 368 1
119 2 245 938
119 201 247 1000
119 187 302 1
119 88 263 364
119 166 500 178
119 23 235 822
119 292 361 280
119 299 382 202
119 60 385 424
119 163 1 624
119 150 1 750
119 31 497 65
119 17 464 241
119 161 63 1000
119 129 56 470
119 156 1 763
119 28 467 1
119 179 1 696
119 62 500 230
119 253 500 298
119 105 60 803
119 189 1 587
119 53 1 619
119 233 36 557
119 134 429 440
119 219 417 1
119 160 102 627
119 270 109 563
119 28 369 818
119 240 500 484
119 51 384 1
119 256 76 979
119 96 65 1000
119 204 368 717
119 61 489 468
119 71 255 508
119 54 165 243
119 98 6 972
119 68 151 1000
119 85 232 851
119 170 443 468
119 274 274 1000
119 197 421 1
119 89 332 1
119 124 406 730
119 241 100 681
119 120 333 12
119 107 299 855
119 259 102 1000
119 185 203 814
119 260 142 713
119 295 411 1
119 173 360 1
119 213 335 113
119 3 481 173
119 273 1 797
119 133 50 877
119 65 427 606
119 44 152 581
119 61 352 56
119 184 277 152
119 282 42 652
119 76 1 581
119 246 248 367
119 244 1 697
119 113 500 300
119 198 328 907
119 192 198 556
119 37 317 927
119 9 296 20
119 47 174 986
119 109 480 82
119 123 483 29
119 293 500 544
120 121 6 840
120 285 225 109
120 153 439 169
120 222 318 853
120 126 254 444
120 219 405 1
120 2 201 121
120 216 148 850
120 211 290 1000
120 105 399 1
120 4 113 595
120 136 97 322
120 107 396 571
120 158 327 747
120 263 280 503
120 42 63 309
120 123 127 364
120 70 241 518
120 81 208 1000
120 286 1 568
120 184 444 546
120 15 500 262
120 142 189 752
120 92 28 453
120 197 78 792
120 261 12 575
120 50 76 1000
120 91 399 1
120 116 444 658
120 101 1 632
120 39 494 453
120 193 424 92
120 129 206 1000
120 223 440 304
120 262 188 1000
120 61 443 708
120 103 306 238
120 202 161 563
120 277 435 170
120 281 455 400
120 268 97 444
120 22 500 350
120 97 195 685
120 2 500 505
120 207 146 1000
120 204 51 668
120 30 464 125
120 222 137 927
120 19 497 185
120 287 500 579
120 150 299 535
120 26 5 725
120 17 259 979
120 51 460 88
120 87 259 5
120 87 500 288
120 176 47 625
120 11 1 830
120 34 163 380
120 172 150 237
120 88 176 304
120 165 156 524
120 3 50 587
120 84 209 550
120 183 399 616
120 91 215 344
120 292 79 415
120 79 471 555
120 115 122 855
120 99 12 496
120 84 308 845
120 10 237 5
120 290 1 656
120 5 58 342
120 167 27 568
120 141 263 427
120 126 269 292
120 222 254 340
120 94 500 139
120 96 444 1
120 261 469 547
120 24 4 435
120 93 500 185
120 85 227 510
120 236 500 232
120 156 101 578
120 50 139 332
120 272 439 309
120 3 348 427
120 73 220 298
120 73 303 485
120 185 477 88
120 234 1 567
120 107 500 272
120 276 197 921
120 164 464 500
120 232 211 147
120 202 123 877
120 107 425 414
120 135 1 663
120 91 235 86
120 144 202 127
121 122 14 899
121 117 500 304
121 143 52 682
121 49 303 99
121 16 332 350
121 281 162 230
121 72 152 262
121 133 352 391
121 281 500 289
121 219 324 400
121 138 323 1
121 99 296 942
121 220 66 581
121 85 500 459
121 217 377 728
121 127 253 1000
121 152 18 991
121 68 1 505
121 77 40 748
121 98 231 58
121 204 100 1000
121 49 321 91
121 246 307 918
121 296 189 979
121 276 243 1000
121 26 496 487
121 112 500 385
121 166 1 781
121 133 431 431
121 244 73 301
121 119 294 306
121 25 218 870
121 23 203 851
121 258 270 909
121 175 151 658
121 48 290 98
121 125 337 309
121 60 439 402
121 251 218 806
121 84 1 612
121 205 290 101
121 94 335 785
121 102 1 709
121 253 391 169
121 173 1 605
121 111 398 323
121 186 500 347
121 28 355 775
121 231 443 151
121 202 198 972
121 230 392 174
121 87 183 357
121 277 219 431
121 49 80 569
121 142 1 710
121 211 1 691
121 170 279 66
121 53 260 49
121 39 67 481
121 152 95 825
121 160 292 1
121 235 477 52
121 106 61 391
121 195 51 465
121 152 320 59
121 226 434 1
121 176 36 870
121 183 334 1
121 156 146 757
121 160 462 136
121 255 255 801
121 198 60 755
121 146 99 477
121 27 221 489
121 241 275 999
121 238 365 1
121 239 450 1
121 7 181 776
121 131 251 784
121 81 467 49
122 123 4 50
122 47 123 191
122 184 136 793
122 191 399 221
122 13 500 280
122 0 412 508
122 165 352 714
122 76 50 485
122 183 71 1000
122 113 374 495
122 249 359 804
122 123 429 31
122 217 128 676
122 231 281 405
122 134 1 574
122 21 350 336
122 29 500 219
122 146 208 432
122 159 227 678
122 239 332 753
122 145 54 501
122 56 500 257
122 209 499 512
122 21 13 378
122 253 229 753
122 271 488 12
122 237 191 1000
122 20 434 107
122 141 1 719
122 148 42 738
122 299 124 651
122 146 273 549
122 157 246 841
122 162 484 585
122 74 454 142
122 259 136 1000
122 197 252 281
122 222 328 1
122 240 315 370
122 148 1 622
122 236 214 747
122 269 468 190
122 175 210 650
122 285 50 611
122 200 2 737
122 248 366 1
122 130 53 555
122 166 458 170
122 30 200 319
122 214 500 138
122 285 257 938
122 156 381 372
122 240 266 163
122 47 486 570
122 56 365 313
122 259 500 448
122 55 201 1000
122 189 1 652
122 30 412 660
122 263 444 566
122 1 1 772
122 282 158 544
122 123 200 537
122 168 493 157
122 33 185 1000
122 172 5 540
122 101 152 1000
122 179 415 313
122 143 365 749
122 267 241 821
122 212 383 550
122 9 482 601
122 103 100 590
122 201 282 1
122 214 357 131
122 104 500 282
122 199 404 1
122 262 119 1000
122 110 462 179
122 125 164 600
122 116 487 551
122 228 12 652
122 242 304 207
122 168 301 1
122 291 248 318
122 189 164 459
122 174 95 682
122 45 196 1000
122 183 162 1000
122 298 256 895
122 35 1 643
122 145 114 326
122 199 1 675
122 148 198 447
122 34 404 14
122 189 458 246
122 123 454 103
123 124 9 376
123 71 392 131
123 206 195 725
123 78 336 277
123 12 185 339
123 262 494 1
123 91 479 1
123 40 340 840
123 257 226 69
123 232 442 599
123 156 295 88
123 255 500 374
123 24 285 69
123 99 81 777
123 239 84 783
123 292 279 481
123 293 189 155
123 12 1 899
123 3 257 1
123 18 500 447
123 92 47 651
123 213 212 1000
123 168 310 222
123 287 1 653
123 74 190 564
123 260 200 1000
123 196 259 1000
123 17 43 415
123 204 158 103
123 96 187 603
123 194 409 246
123 135 42 1000
123 16 253 954
123 153 280 44
123 1 448 286
123 30 332 917
123 258 257 1
123 268 500 238
123 51 482 575
123 295 1 759
123 25 75 1000
123 109 316 1
123 82 95 922
123 141 229 881
123 153 127 392
123 228 500 325
123 155 460 219
123 86 492 607
123 255 259 688
123 211 485 496
123 240 166 474
123 298 269 1
123 240 500 481
123 167 285 823
123 136 461 301
123 261 1 642
123 143 94 479
123 147 296 589
123 117 186 999
123 16 309 171
123 173 1 693
123 156 353 1
123 224 212 172
123 110 203 388
123 297 122 851
123 252 388 405
123 190 500 57
123 25 191 303
123 15 107 600
123 166 289 540
123 291 128 786
123 138 308 699
123 137 40 577
123 99 82 502
123 89 278 1
123 187 163 1000
123 129 34 482
123 285 71 481
123 274 61 797
123 277 114 1000
123 147 313 43
123 247 105 862
123 208 368 20
123 162 34 483
123 121 272 439
123 138 370 126
123 215 89 746
123 7 359 1
123 65 136 294
123 50 83 919
123 189 42 610
123 105 377 1
124 125 16 590
124 101 300 434
124 176 90 932
124 178 1 698
124 256 89 724
124 234 313 1
124 221 126 286
124 154 75 844
124 219 500 147
124 130 202 232
124 64 463 61
124 75 1 760
124 35 66 452
124 12 43 510
124 270 1 765
124 77 1 591
124 235 312 610
124 168 1 835
124 22 210 644
124 216 346 87
124 40 365 1
124 204 193 1000
124 60 93 751
124 95 255 1
124 2 35 457
124 85 449 1
124 209 222 168
124 245 304 669
124 253 311 423
124 188 1 840
124 146 451 668
124 243 304 958
124 221 210 39
124 75 339 861
124 23 277 698
124 68 316 276
124 107 346 711
124 0 329 45
124 220 133 314
124 30 184 1000
124 58 499 76
124 33 182 279
124 162 175 673
124 165 500 341
124 15 213 546
124 86 339 424
124 143 139 569
124 24 131 151
124 223 374 664
124 298 112 279
124 133 344 573
124 136 156 531
124 135 338 70
124 49 500 283
124 187 464 580
124 85 248 847
124 68 1 664
124 118 1 676
124 10 33 996
124 135 375 1
124 294 435 27
124 235 86 657
124 36 139 1000
124 115 1 659
124 255 1 840
124 17 14 977
124 288 500 237
124 214 233 494
124 247 180 565
124 251 80 467
124 147 368 264
124 87 500 549
124 24 276 507
124 47 250 324
124 249 272 513
124 29 396 93
124 3 133 912
124 154 1 851
124 212 160 862
124 87 421 385
124 60 372 376
124 198 500 487
124 288 318 149
124 73 354 476
124 125 183 169
124 82 242 327
124 184 52 922
124 1 155 1000
124 155 154 1000
124 83 293 729
124 180 229 600
124 180 500 389
124 39 279 704
124 42 122 317
124 187 500 449
124 136 121 1000
124 202 138 829
125 126 15 42
125 216 393 698
125 41 286 758
125 16 374 661
125 229 446 286
125 196 109 406
125 283 407 1
125 43 456 346
125 117 98 226
125 258 228 813
125 62 343 471
125 182 153 921
125 275 1 682
125 286 229 385
125 71 346 367
125 92 300 110
125 251 109 867
125 292 358 1
125 158 17 914
125 287 180 711
125 265 130 859
125 174 500 444
125 2 394 386
125 197 288 56
125 284 341 867
125 233 1 939
125 120 225 1
125 200 202 374
125 243 143 1000
125 239 152 984
125 140 136 1000
125 158 298 560
125 165 486 103
125 148 1 826
125 0 261 186
125 88 257 418
125 237 1 623
125 95 1 584
125 185 454 673
125 122 1 689
125 166 195 70
125 198 500 168
125 299 1 588
125 128 256 136
125 219 227 1000
125 198 305 181
125 128 428 84
125 102 26 415
125 96 393 707
125 158 57 1000
125 206 181 52
125 299 354 1
125 53 141 1000
125 191 257 562
125 69 170 1000
125 97 298 107
125 137 1 639
125 282 426 276
125 294 500 133
125 81 38 928
125 178 304 416
125 102 339 525
125 234 500 457
125 268 144 668
125 162 358 1
125 235 1 642
125 89 179 654
125 90 275 807
125 220 151 1000
125 145 225 987
125 14 98 540
125 115 281 1000
125 4 1 613
125 182 143 1000
125 192 14 872
125 56 279 365
125 79 1 712
125 207 194 173
125 216 1 542
125 190 449 204
125 57 104 1000
125 44 186 206
125 80 1 730
125 200 173 994
125 170 500 307
125 34 161 395
125 250 6 964
125 200 76 900
125 83 178 1000
125 55 94 463
125 102 181 657
125 266 104 455
125 276 500 235
125 165 173 319
125 108 1 763
125 41 1 943
125 177 87 835
125 32 500 439
125 136 246 403
125 84 289 91
125 279 45 1000
125 69 341 1
125 141 238 519
125 42 188 526
125 219 111 861
125 274 69 993
125 146 213 600
125 121 18 442
126 127 9 848
126 136 500 347
126 246 14 381
126 100 393 630
126 84 1 640
126 24 1 656
126 129 460 1
126 192 321 1
126 2 37 804
126 266 255 380
126 212 200 717
126 250 87 467
126 220 11 753
126 6 1 954
126 111 415 335
126 2 500 386
126 273 354 294
126 8 279 810
126 117 352 804
126 266 309 337
126 229 57 713
126 295 235 1
126 102 237 15
126 9 193 1000
126 270 144 306
126 261 111 1000
126 52 59 358
126 11 347 1
126 55 26 589
126 38 145 1000
126 48 168 341
126 61 178 283
126 225 304 170
126 151 500 357
126 225 32 783
126 254 112 265
126 255 282 811
126 217 199 684
126 33 253 985
126 203 442 337
126 289 180 336
126 13 380 1
126 202 276 883
126 21 426 730
126 4 270 971
126 57 184 1000
126 21 403 1
126 100 1 665
126 156 191 831
126 183 277 307
126 236 470 336
126 103 436 638
126 291 407 510
126 254 129 1000
126 80 500 354
126 201 28 819
126 298 247 1
126 125 202 1000
126 228 147 556
126 205 371 1
126 268 298 449
126 227 1 531
126 133 500 167
126 109 443 345
126 69 205 601
126 180 342 836
126 249 378 1
126 7 392 1
126 93 500 173
126 245 321 352
126 78 2 580
126 81 136 639
126 136 90 293
126 154 261 1
126 289 227 77
126 220 258 1
126 272 488 61
126 298 145 888
126 277 264 293
126 132 351 332
126 192 61 636
126 90 298 853
126 145 100 803
126 148 27 408
126 197 332 79
126 239 220 950
126 140 130 626
126 205 303 129
126 138 189 424
126 218 143 132
126 127 354 1
126 55 473 3
126 299 31 1000
126 83 51 447
126 199 500 418
126 88 5 632
126 110 352 1
126 82 399 692
126 79 37 555
126 21 397 387
126 211 335 446
126 121 106 744
126 5 500 519
126 2 500 251
126 64 233 335
126 165 320 1
127 128 12 166
127 145 390 48
127 153 111 1000
127 275 110 294
127 155 231 12
127 217 461 353
127 44 281 721
127 178 435 434
127 15 1 626
127 247 75 251
127 250 1 721
127 141 79 1000
127 156 1 598
127 287 195 995
127 249 136 574
127 175 160 669
127 232 21 577
127 11 94 670
127 76 314 651
127 285 1 702
127 188 222 1
127 90 472 224
127 101 276 800
127 233 338 1
127 142 201 833
127 132 353 37
127 241 248 85
127 255 188 1000
127 153 279 1
127 260 1 626
127 51 281 220
127 171 326 605
127 69 469 389
127 22 233 627
127 61 435 1
127 284 500 258
127 1 1 886
127 190 320 167
127 238 93 302
127 8 370 349
127 30 318 512
127 40 1 514
127 18 436 206
127 71 357 444
127 241 500 72
127 224 500 400
127 208 500 353
127 162 500 289
127 183 439 1
127 244 303 339
127 299 199 6
127 186 323 295
127 228 409 530
127 270 290 1
127 247 116 1000
127 254 132 333
127 225 488 139
127 122 1 735
127 88 59 392
127 35 8 576
127 278 9 729
127 138 354 1
127 256 393 1
127 4 479 453
127 269 336 751
127 44 335 189
127 26 407 632
127 46 24 358
127 27 422 1
127 231 481 403
127 92 163 262
127 184 495 185
127 130 344 342
127 265 1 827
127 51 203 1000
127 141 500 149
127 154 469 9
127 69 374 157
127 174 346 1
127 142 398 676
127 248 500 321
127 218 434 719
127 206 163 602
127 41 411 247
127 19 485 145
127 128 118 690
127 110 163 478
127 128 306 473
127 161 315 255
127 49 74 399
127 163 128 726
127 86 308 203
127 53 64 330
127 193 379 433
127 248 254 670
127 51 265 868
127 77 251 608
127 68 430 549
127 258 357 452
127 39 313 411
127 179 438 235
127 21 26 749
127 251 68 654
127 99 164 813
127 186 150 104
127 215 223 1000
127 281 78 475
127 240 276 434
127 104 231 117
127 176 500 280
127 42 355 1
128 129 2 398
128 61 332 892
128 106 223 734
128 43 52 907
128 98 93 835
128 253 1 613
128 25 5 505
128 35 164 976
128 79 253 768
128 229 37 551
128 26 203 1000
128 2 1 724
128 198 297 24
128 34 342 586
128 213 414 1
128 207 435 528
128 293 500 312
128 143 500 320
128 100 203 290
128 12 496 480
128 105 191 42
128 260 1 609
128 273 29 1000
128 26 126 194
128 209 259 711
128 289 211 278
128 296 500 99
128 255 167 340
128 232 1 464
128 259 294 137
128 7 228 787
128 293 233 19
128 64 332 177
128 226 292 805
128 216 210 1000
128 8 113 1000
128 122 357 468
128 222 1 616
128 53 358 1
128 159 1 634
128 229 182 872
128 176 23 796
128 116 478 241
128 3 124 937
128 77 326 235
128 225 35 518
128 133 500 450
128 217 357 509
128 24 354 39
128 14 117 875
128 73 341 727
128 72 29 784
128 286 322 797
128 285 360 631
128 8 1 713
128 80 149 217
128 132 73 1000
128 79 500 307
128 185 374 374
128 249 122 369
128 67 255 677
128 206 123 1000
128 286 195 306
128 74 500 239
128 180 202 765
128 33 316 283
128 103 349 280
128 234 1 669
128 170 1 806
128 223 341 907
128 200 1 677
128 27 500 555
128 19 193 375
128 18 59 293
128 141 1 736
128 121 471 291
128 90 1 667
128 165 376 726
128 85 371 1
128 268 135 915
128 40 161 491
128 150 136 740
128 42 500 192
128 40 382 1
128 0 419 1
128 129 111 700
128 236 224 1000
128 33 500 451
128 198 457 630
128 126 372 11
128 217 142 127
128 234 491 185
128 65 21 724
128 175 278 849
128 52 500 196
129 130 3 284
129 265 189 318
129 168 382 1
129 47 500 37
129 120 45 685
129 54 138 320
129 7 292 1
129 206 102 1000
129 29 40 601
129 279 269 157
129 86 322 238
129 19 254 16
129 155 64 1000
129 69 156 791
129 70 124 340
129 185 299 440
129 269 412 291
129 40 245 1000
129 87 176 923
129 63 370 5
129 58 489 612
129 222 335 302
129 62 219 636
129 253 42 493
129 160 318 1
129 54 159 834
129 87 396 550
129 249 333 1
129 65 325 271
129 42 500 362
129 199 98 614
129 124 277 111
129 1 1 721
129 111 38 396
129 57 167 981
129 255 40 914
129 63 500 215
129 212 1 666
129 30 500 319
129 206 256 549
129 270 398 766
129 94 53 328
129 276 196 489
129 192 198 557
129 282 292 130
129 82 367 1
129 65 222 1000
129 192 353 704
129 267 400 662
129 10 129 196
129 290 337 69
129 123 207 1000
129 43 359 1
129 133 395 570
129 99 195 1000
129 111 21 961
129 1 1 565
129 299 1 549
129 18 365 565
129 202 138 159
129 43 278 236
129 235 262 645
129 240 500 42
129 172 500 532
129 164 272 327
129 81 287 599
129 224 332 424
129 228 1 653
129 180 9 709
129 108 103 915
129 54 444 168
129 30 476 87
129 92 317 874
129 243 426 502
129 193 230 318
129 208 201 1000
129 61 234 974
129 294 26 744
129 13 235 448
129 233 500 414
129 2 336 876
129 148 69 315
129 100 347 34
129 83 285 1
129 150 201 948
129 74 1 809
129 258 381 320
129 176 175 1000
130 131 5 38
130 176 500 230
130 138 446 1
130 86 500 260
130 40 5 685
130 250 355 534
130 48 185 811
130 67 18 481
130 222 1 477
130 87 421 94
130 242 290 56
130 43 399 62
130 186 190 532
130 87 299 658
130 79 110 1000
130 56 445 46
130 172 212 1000
130 154 54 776
130 28 316 469
130 48 466 90
130 24 50 929
130 28 324 749
130 242 307 776
130 72 119 217
130 63 344 505
130 298 212 526
130 297 406 678
130 8 484 450
130 149 1 572
130 237 459 255
130 269 381 113
130 126 128 1000
130 256 344 111
130 56 324 914
130 62 183 617
130 240 395 716
130 151 73 900
130 293 389 710
130 189 216 1000
130 257 30 679
130 179 128 689
130 89 141 1000
130 243 303 51
130 185 310 1
130 190 203 33
130 167 408 308
130 285 500 274
130 18 104 1000
130 55 182 519
130 94 269 126
130 64 304 473
130 9 368 114
130 108 196 823
130 202 114 477
130 162 251 481
130 221 9 572
130 112 364 44
130 115 1 809
130 5 497 162
130 231 111 1000
130 161 217 351
130 133 410 313
130 131 500 450
130 171 1 798
130 257 249 830
130 33 500 340
130 201 326 548
130 280 153 1000
130 136 215 436
130 116 47 1000
130 186 401 356
130 274 215 968
130 235 344 122
130 75 339 691
130 78 107 424
130 104 391 722
130 37 397 252
130 74 213 1000
130 8 320 788
130 293 420 400
130 185 434 123
130 127 500 205
130 114 160 1000
130 205 1 406
130 76 171 374
130 218 172 499
130 74 128 420
130 256 426 243
130 7 154 792
130 278 309 1
131 132 9 976
131 197 410 620
131 6 218 1000
131 211 317 529
131 202 354 1
131 45 477 94
131 275 175 374
131 52 326 1
131 12 94 938
131 276 47 690
131 133 69 786
131 284 21 1000
131 142 86 853
131 88 1 732
131 66 167 509
131 107 187 1000
131 195 94 639
131 176 268 259
131 19 132 933
131 151 183 527
131 3 27 962
131 251 80 665
131 69 113 314
131 192 102 1000
131 277 1 610
131 251 324 435
131 98 65 497
131 48 500 258
131 42 196 240
131 8 194 923
131 130 1 588
131 80 255 804
131 170 383 667
131 299 453 599
131 89 396 592
131 7 1 677
131 244 1 900
131 259 369 161
131 295 234 774
131 18 460 213
131 151 282 1
131 207 134 655
131 205 128 207
131 41 207 260
131 143 500 179
131 68 10 383
131 220 301 1
131 90 1 504
131 111 83 732
131 267 92 627
131 18 247 1000
131 37 220 825
131 57 144 456
131 295 218 272
131 38 112 334
131 198 150 130
131 103 121 162
131 76 104 409
131 268 416 1
131 159 149 278
131 58 432 410
131 216 500 329
131 206 199 408
131 19 187 171
131 270 327 561
131 216 500 357
131 295 446 346
131 126 16 486
131 1 150 128
131 287 48 731
131 120 459 1
131 99 1 616
131 256 85 1000
131 67 221 532
131 99 1 900
131 200 390 547
131 65 244 97
131 87 322 49
131 39 12 969
131 98 384 80
131 97 61 301
131 236 63 1000
131 171 289 953
131 272 1 709
131 129 253 784
131 295 168 125
131 124 331 396
131 286 346 1
131 270 1 854
131 74 236 608
131 266 241 233
131 60 382 1
131 55 326 617
131 72 13 676
131 183 333 1
131 94 41 853
132 133 3 704
132 9 500 177
132 181 15 830
132 108 32 530
132 79 206 393
132 63 408 325
132 199 469 283
132 62 1 880
132 64 104 521
132 56 324 1
132 154 233 1
132 144 468 27
132 239 218 696
132 268 345 738
132 181 403 260
132 227 342 1
132 104 361 329
132 111 244 966
132 245 340 1
132 96 398 1
132 217 1 803
132 141 47 891
132 103 1 633
132 118 483 107
132 153 377 238
132 203 270 56
132 174 71 569
132 43 86 233
132 165 167 897
132 160 162 1000
132 271 346 1
132 280 75 463
132 290 98 228
132 78 136 131
132 20 429 459
132 5 500 316
132 22 500 224
132 289 59 989
132 220 125 851
132 260 323 281
132 28 353 859
132 99 2 421
132 22 350 1
132 232 466 407
132 99 261 823
132 227 129 326
132 129 231 275
132 89 42 704
132 282 327 922
132 257 428 700
132 13 73 1000
132 154 369 780
132 104 226 271
132 51 92 918
132 200 286 809
132 122 100 681
132 174 332 656
132 198 210 645
132 172 257 998
132 22 330 172
132 7 171 621
132 68 190 578
132 292 403 94
132 35 16 816
132 11 69 375
132 121 25 491
132 77 1 450
132 141 468 425
132 55 9 609
132 251 213 693
132 294 327 850
132 77 401 101
132 201 122 493
132 25 500 285
132 259 500 260
132 18 500 298
132 209 500 206
132 258 227 61
132 144 350 69
132 117 332 217
132 133 95 494
132 220 1 748
132 105 482 1
132 52 468 607
132 291 107 467
132 218 47 960
132 13 255 443
132 233 52 709
132 110 182 1000
132 164 147 246
132 107 1 505
132 275 456 1
132 266 245 585
132 245 204 630
132 128 323 100
132 189 21 657
132 36 395 1
132 17 250 838
132 0 1 661
132 262 500 146
132 151 306 180
132 125 242 1000
132 79 225 472
132 71 500 245
132 63 387 620
132 137 492 316
132 18 375 263
133 134 13 891
133 41 71 485
133 262 158 441
133 104 494 288
133 81 500 351
133 171 322 1
133 284 500 227
133 190 500 371
133 167 234 621
133 77 192 1000
133 266 178 1000
133 48 111 461
133 119 1 851
133 223 48 602
133 53 1 646
133 86 95 990
133 13 304 1
133 258 405 256
133 84 356 61
133 185 150 837
133 24 161 396
133 57 8 914
133 298 446 100
133 234 114 1000
133 28 244 811
133 47 241 116
133 188 405 539
133 129 384 470
133 130 361 854
133 263 63 881
133 233 300 1
133 14 8 978
133 128 287 453
133 170 1 752
133 76 247 320
133 42 500 305
133 71 13 635
133 65 293 824
133 231 175 1000
133 193 500 310
133 128 17 737
133 100 153 757
133 162 305 666
133 117 159 252
133 175 287 127
133 181 477 103
133 209 210 858
133 136 218 890
133 7 419 11
133 261 459 304
133 118 229 799
133 193 286 784
133 1 404 444
133 124 500 275
133 146 329 821
133 279 500 269
133 144 55 370
133 16 452 397
133 275 308 119
133 16 171 191
133 209 229 110
133 282 57 1000
133 279 201 627
133 70 368 852
133 138 410 503
133 195 123 390
133 295 461 231
133 195 208 198
133 103 303 422
133 179 252 811
133 209 500 234
133 60 233 61
133 32 193 258
133 121 371 432
133 38 248 355
133 269 151 1000
133 165 154 463
133 226 44 730
133 219 1 885
133 37 11 573
133 147 416 336
133 276 396 415
133 96 82 914
133 140 67 832
133 191 112 293
133 66 467 58
133 200 345 695
133 251 176 563
133 31 86 574
133 128 28 714
133 18 256 834
133 45 353 303
133 140 1 899
133 120 394 371
133 160 500 335
133 259 149 335
134 135 10 443
134 54 1 513
134 228 186 1000
134 90 308 170
134 33 273 895
134 89 386 718
134 251 182 603
134 45 1 633
134 137 167 583
134 181 440 20
134 85 1 673
134 179 429 742
134 24 1 855
134 186 182 585
134 145 87 342
134 121 453 33
134 91 95 307
134 198 119 262
134 264 472 597
134 282 182 710
134 255 198 254
134 84 183 1000
134 117 61 516
134 263 224 861
134 264 255 960
134 60 361 61
134 240 500 485
134 163 1 554
134 49 370 655
134 296 500 200
134 179 192 734
134 4 210 645
134 192 444 269
134 299 343 725
134 127 31 425
134 162 282 742
134 76 500 273
134 250 249 778
134 55 284 400
134 73 500 201
134 103 500 517
134 75 452 599
134 68 93 407
134 298 475 211
134 51 289 714
134 91 413 370
134 39 379 68
134 118 454 464
134 77 424 671
134 188 495 585
134 183 140 866
134 229 81 398
134 258 213 830
134 186 293 671
134 218 250 888
134 243 53 392
134 111 212 770
134 156 323 754
134 242 39 904
134 46 14 848
134 17 455 636
134 100 323 1
134 283 500 176
134 13 426 1
134 89 311 914
134 105 140 370
134 116 133 761
134 141 457 1
134 28 317 404
134 240 53 664
134 45 1 708
134 43 480 423
134 230 11 785
134 190 317 860
134 185 419 508
134 27 500 356
134 210 142 516
134 216 145 703
134 124 469 399
134 10 55 820
135 136 2 48
135 66 474 6
135 177 305 1
135 104 425 1
135 136 406 702
135 173 486 98
135 133 1 712
135 276 174 878
135 182 416 447
135 298 1 854
135 249 418 174
135 83 51 687
135 50 83 300
135 181 500 474
135 160 160 390
135 183 183 1000
135 205 309 722
135 36 17 914
135 179 141 750
135 46 100 1000
135 148 1 676
135 286 382 274
135 265 379 163
135 253 272 821
135 245 84 657
135 254 500 463
135 3 382 824
135 93 287 698
135 16 500 239
135 103 206 910
135 11 496 293
135 103 215 807
135 292 113 425
135 157 500 340
135 198 105 985
135 265 192 881
135 148 447 1
135 68 100 843
135 137 42 938
135 121 137 1000
135 47 123 474
135 55 491 1
135 296 500 502
135 291 428 276
135 98 500 464
135 40 241 479
135 89 348 1
135 239 500 225
135 252 1 851
135 138 221 157
135 239 1 627
135 91 435 402
135 128 87 451
135 200 333 1
135 39 55 686
135 32 366 1
135 49 500 529
135 212 146 399
135 130 223 899
135 197 332 604
135 137 204 1000
135 286 1 434
135 202 457 80
135 279 235 467
135 44 325 311
135 253 431 317
135 8 500 100
135 160 251 888
135 245 191 587
135 227 332 678
135 3 63 910
135 201 438 254
135 291 77 372
135 12 87 523
135 48 377 1
135 42 444 36
135 12 270 86
135 157 234 257
135 41 313 308
135 187 201 975
135 281 105 383
135 183 111 838
135 283 117 1000
135 204 370 1
135 38 394 66
135 233 196 47
135 230 64 375
135 71 374 550
135 175 358 252
135 218 292 566
135 29 185 193
135 222 407 1
135 228 9 617
135 68 138 298
135 72 203 410
135 210 348 830
135 101 383 1
135 145 30 392
135 247 42 901
135 122 80 820
135 234 41 458
135 265 321 460
135 284 433 333
135 190 315 99
135 93 130 1000
135 59 315 1
135 19 500 78
135 148 166 898
136 137 7 717
136 77 500 291
136 64 107 916
136 254 1 704
136 128 119 868
136 7 239 531
136 29 460 116
136 99 136 960
136 74 101 936
136 295 237 493
136 96 29 417
136 166 500 326
136 57 500 321
136 51 38 568
136 137 174 542
136 73 356 1
136 153 256 142
136 130 420 1
136 19 483 590
136 233 142 1000
136 257 190 866
136 116 498 105
136 250 500 289
136 116 126 208
136 15 500 220
136 62 231 409
136 142 1 950
136 72 215 911
136 39 165 773
136 3 1 632
136 194 273 550
136 155 313 226
136 85 349 331
136 102 343 475
136 195 288 15
136 45 5 592
136 50 243 378
136 70 259 316
136 239 292 1
136 92 138 1000
136 87 269 455
136 40 173 794
136 34 108 1000
136 15 452 677
136 255 308 733
136 168 311 545
136 162 500 396
136 178 1 732
136 195 356 1
136 261 228 223
136 226 231 777
136 45 127 859
136 198 82 1000
136 164 269 772
136 167 329 180
136 239 63 438
136 112 255 104
136 114 415 278
136 54 252 694
136 18 246 1
136 149 447 199
136 56 1 837
136 28 260 104
136 292 262 381
136 67 203 155
136 231 236 652
136 115 100 358
136 33 440 620
136 128 209 675
136 111 500 317
136 1 257 168
136 108 178 553
136 67 164 1000
136 180 171 475
136 261 307 297
136 69 367 1
136 23 376 456
136 187 137 582
136 4 320 835
136 65 149 572
136 51 93 220
136 106 303 2
136 292 341 1
136 57 176 309
136 11 500 411
136 210 435 729
136 66 1 742
136 48 288 40
136 263 497 115
136 49 305 1
136 287 151 178
136 105 386 401
136 72 209 993
136 21 277 191
136 193 445 646
136 184 373 1
136 124 441 150
136 291 500 286
136 67 306 629
136 235 440 259
136 18 243 1000
136 31 229 936
136 150 389 1
136 81 140 1000
136 250 191 579
136 65 372 503
136 240 417 46
136 33 188 709
136 127 77 1000
136 207 281 881
136 254 119 392
136 99 350 677
136 270 186 1000
136 32 224 426
136 237 292 250
137 138 5 981
137 72 340 686
137 238 45 611
137 285 449 497
137 53 314 683
137 218 231 677
137 24 412 513
137 215 127 1000
137 189 185 982
137 105 143 594
137 92 226 276
137 96 196 1000
137 224 247 15
137 188 452 643
137 130 319 148
137 209 164 564
137 78 455 1
137 171 386 1
137 230 204 329
137 83 132 627
137 165 208 574
137 238 49 477
137 197 465 506
137 66 367 18
137 33 381 753
137 109 189 586
137 265 113 1000
137 88 121 862
137 136 12 1000
137 184 266 289
137 29 397 44
137 60 338 1
137 82 28 642
137 151 305 751
137 194 105 1000
137 267 1 709
137 198 119 639
137 25 280 720
137 15 369 1
137 218 277 131
137 277 424 18
137 262 107 245
137 219 492 323
137 216 228 764
137 100 213 636
137 44 103 1000
137 80 401 378
137 208 307 801
137 9 362 28
137 269 194 23
137 285 224 61
137 119 1 826
137 69 355 645
137 287 359 302
137 120 79 357
137 48 331 551
137 61 1 694
137 13 395 462
137 136 500 320
137 104 215 841
137 73 491 249
137 126 221 402
137 67 307 509
137 50 350 412
137 254 460 324
137 116 500 316
137 99 216 1000
137 289 1 694
137 67 234 295
137 9 348 1
137 26 137 1000
137 97 392 571
137 122 236 1000
137 12 44 725
137 143 439 168
137 86 248 717
137 257 474 566
137 172 233 1
137 104 158 880
137 89 1 618
137 39 294 79
137 291 1 786
138 139 12 478
138 218 381 1
138 72 500 218
138 27 348 1
138 234 382 693
138 207 183 217
138 229 500 144
138 153 310 686
138 57 107 755
138 177 95 682
138 157 203 822
138 30 271 217
138 274 500 181
138 121 283 344
138 101 43 456
138 227 370 856
138 89 197 670
138 228 195 617
138 66 341 224
138 136 110 905
138 8 398 586
138 93 427 259
138 272 346 553
138 268 1 745
138 206 400 300
138 299 127 233
138 287 500 352
138 118 244 1000
138 248 226 609
138 206 297 827
138 101 210 691
138 246 500 200
138 285 330 507
138 26 32 952
138 227 1 771
138 276 194 456
138 219 500 56
138 30 348 1
138 58 236 510
138 207 1 630
138 125 177 97
138 96 148 1000
138 26 196 11
138 247 333 837
138 10 500 383
138 206 125 1000
138 125 222 339
138 26 479 347
138 55 1 813
138 268 378 35
138 30 191 402
138 79 77 694
138 80 181 167
138 224 392 61
138 10 488 620
138 43 264 367
138 80 445 590
138 166 127 1000
138 87 353 1
138 234 1 433
138 60 156 560
138 122 253 247
138 268 229 510
138 237 1 917
138 282 316 1
138 40 342 695
138 181 457 246
138 21 286 755
138 248 199 1000
138 25 340 409
138 120 305 372
138 151 199 622
138 19 339 609
138 17 4 615
138 149 179 732
138 128 420 1
138 238 1 554
138 73 48 1000
138 84 57 701
138 111 275 763
138 180 325 1
138 257 429 602
138 156 500 434
138 13 335 819
138 114 500 568
138 244 208 335
138 203 220 289
138 293 240 1
138 15 19 585
138 70 97 976
138 58 407 597
138 164 500 335
138 222 290 473
138 131 145 304
138 284 41 1000
138 282 161 516
138 257 437 385
138 132 287 1
138 285 196 961
138 0 149 138
138 198 283 2
138 58 500 181
138 37 325 660
138 245 426 717
138 168 27 982
138 166 164 518
138 233 272 1000
139 140 2 878
139 158 500 435
139 41 500 197
139 22 182 654
139 259 25 904
139 297 334 497
139 3 406 450
139 254 321 907
139 40 230 221
139 127 164 1000
139 261 207 71
139 26 500 331
139 214 136 258
139 27 240 453
139 126 7 711
139 55 120 1000
139 126 427 211
139 79 480 341
139 260 350 717
139 221 271 426
139 239 41 436
139 246 346 611
139 133 339 1
139 187 476 561
139 93 136 1000
139 2 72 937
139 164 153 1000
139 123 392 780
139 74 279 1
139 280 173 1000
139 116 305 397
139 74 67 967
139 262 403 598
139 62 1 754
139 34 333 679
139 219 1 740
139 158 104 855
139 69 57 380
139 23 13 612
139 166 436 635
139 5 199 331
139 47 257 95
139 241 261 427
139 131 496 570
139 72 220 276
139 156 483 146
139 295 40 670
139 239 246 7
139 263 1 689
139 287 221 641
139 27 206 1000
139 128 294 1
139 90 379 357
139 186 500 464
139 123 183 336
139 154 500 193
139 33 335 1
139 167 117 378
139 142 1 730
139 48 240 787
139 25 485 257
139 83 37 970
139 13 17 980
139 237 191 948
139 191 500 219
139 274 302 9
139 212 216 719
139 38 500 188
139 210 120 957
139 209 243 1000
139 184 96 1000
139 98 123 215
139 63 1 752
139 126 454 35
139 84 126 155
139 153 229 581
139 268 500 296
139 292 208 1000
139 245 275 703
139 176 105 513
139 248 127 1000
139 123 1 765
139 20 436 553
139 17 300 695
139 99 57 734
139 14 173 799
139 196 313 123
139 269 495 141
139 287 178 951
139 268 218 992
139 166 371 1
139 293 202 398
139 196 440 673
139 30 422 716
140 141 13 712
140 141 1 727
140 189 349 1
140 189 355 196
140 118 314 476
140 275 302 55
140 175 406 724
140 229 343 1
140 223 77 353
140 100 206 840
140 295 27 865
140 150 1 651
140 130 435 341
140 275 248 388
140 0 328 139
140 79 500 415
140 287 149 1000
140 199 142 382
140 179 457 18
140 162 1 744
140 198 189 476
140 97 169 890
140 64 500 366
140 120 317 908
140 221 250 846
140 136 109 262
140 188 500 367
140 254 308 389
140 82 434 230
140 133 1 563
140 171 425 743
140 217 299 517
140 271 164 79
140 288 61 460
140 143 342 868
140 29 83 1000
140 0 421 1
140 244 380 365
140 30 212 720
140 193 329 477
140 15 500 184
140 252 346 1
140 83 397 1
140 190 500 387
140 194 386 93
140 167 417 32
140 264 432 255
140 186 203 367
140 266 296 449
140 236 500 282
140 17 82 321
140 112 246 1
140 275 168 385
140 188 500 348
140 29 95 378
140 11 353 437
140 250 337 413
140 94 500 304
140 16 47 554
140 297 154 1000
140 180 467 287
140 272 341 572
140 269 500 276
140 267 349 113
140 198 102 660
140 283 250 891
140 97 208 957
140 47 142 1000
140 121 477 421
140 135 258 832
140 72 93 421
140 228 368 1
140 87 246 524
140 180 169 197
140 166 447 411
140 149 36 516
140 162 176 441
140 10 408 1
140 137 444 686
140 64 46 978
140 53 251 191
140 28 380 801
140 154 224 711
140 110 1 518
140 194 189 888
140 145 65 419
140 10 379 743
140 241 220 765
140 289 424 428
140 16 104 742
140 199 500 272
140 260 493 565
140 162 139 378
141 142 6 720
141 61 320 821
141 130 327 543
141 50 339 1
141 282 376 326
141 57 443 1
141 225 58 919
141 94 346 389
141 214 127 494
141 52 76 928
141 250 377 473
141 63 148 1000
141 3 1 746
141 253 434 1
141 241 152 629
141 252 215 1000
141 255 209 964
141 120 500 249
141 166 136 1000
141 96 1 882
141 150 500 410
141 236 106 589
141 229 261 385
141 171 16 620
141 119 211 69
141 116 1 795
141 60 189 59
141 229 321 1
141 187 260 446
141 148 209 671
141 46 144 1000
141 258 182 288
141 210 175 488
141 72 102 214
141 241 344 635
141 89 371 746
141 260 250 324
141 77 145 613
141 93 47 502
141 267 375 66
141 209 318 855
141 76 305 656
141 106 90 231
141 19 374 467
141 165 1 649
141 170 200 334
141 14 300 1
141 106 209 1
141 92 383 232
141 198 279 640
141 278 457 104
141 182 431 553
141 116 495 381
141 168 14 957
141 261 70 642
141 292 167 751
141 235 276 260
141 217 130 969
141 73 384 1
141 94 212 541
141 149 53 1000
141 42 126 1000
141 284 287 1
141 75 184 436
141 203 383 1
141 16 99 387
141 286 196 786
141 274 226 995
141 146 426 205
141 115 1 854
141 168 147 139
141 210 272 51
141 62 203 489
141 206 65 993
141 200 321 773
141 215 427 501
141 147 36 420
141 47 467 177
141 73 127 717
141 163 243 271
141 257 268 813
141 76 162 1000
141 274 272 566
141 146 132 1000
141 67 500 396
141 282 105 764
141 209 1 618
141 115 321 10
141 299 135 379
141 210 402 571
141 158 208 484
141 234 148 957
141 217 453 46
141 181 420 370
141 200 1 875
141 72 200 935
141 277 1 796
141 11 271 237
141 135 122 1000
141 297 447 562
141 173 500 373
141 182 500 318
141 52 393 694
141 292 321 1
141 72 309 417
141 39 1 652
141 196 500 393
141 30 407 169
141 232 407 536
141 41 304 174
141 160 39 462
141 122 308 355
141 149 157 1000
141 42 500 220
141 247 255 526
141 15 447 630
141 277 302 971
142 143 14 438
142 60 190 130
142 132 316 531
142 41 441 262
142 81 266 738
142 210 337 80
142 216 92 335
142 160 471 257
142 229 428 426
142 293 241 281
142 38 323 461
142 43 130 427
142 14 345 786
142 45 500 172
142 42 378 51
142 73 481 546
142 244 289 1
142 97 116 973
142 88 340 355
142 113 444 190
142 95 200 613
142 42 186 696
142 52 356 1
142 285 447 8
142 214 88 578
142 71 1 505
142 205 500 549
142 205 393 240
142 215 186 724
142 16 286 700
142 23 245 288
142 154 500 275
142 39 468 464
142 205 3 504
142 252 189 663
142 92 362 538
142 2 302 212
142 252 444 127
142 4 500 199
142 42 255 925
142 52 313 449
142 96 171 591
142 218 389 1
142 115 90 475
142 65 358 219
142 202 324 279
142 219 208 1000
142 191 273 1
142 187 500 268
142 97 38 348
142 35 85 535
142 170 266 514
142 23 487 246
142 30 404 1
142 88 1 681
142 299 428 521
142 35 121 999
142 17 276 141
142 94 84 921
142 297 152 876
142 88 200 516
142 231 500 317
142 8 230 524
142 278 304 657
142 134 200 929
142 82 239 791
142 95 383 466
142 77 204 365
142 98 61 501
142 96 71 310
142 222 267 542
142 124 181 1000
142 34 1 787
142 33 465 169
142 48 1 556
142 130 256 1
142 8 234 254
142 270 335 1
142 143 430 1
142 202 420 272
142 177 415 1
142 250 311 390
142 41 205 228
142 24 448 57
142 69 326 845
142 31 500 214
142 166 464 86
142 260 297 615
142 266 98 977
142 41 124 1000
142 233 1 671
142 176 62 636
142 202 270 467
142 94 432 1
142 78 212 174
142 282 283 212
143 144 10 860
143 3 137 201
143 67 500 353
143 56 152 582
143 270 500 354
143 264 69 1000
143 193 417 537
143 142 176 774
143 238 500 306
143 249 58 965
143 265 49 590
143 71 11 609
143 238 289 115
143 33 367 1
143 266 456 307
143 69 1 872
143 287 324 876
143 110 1 627
143 283 57 937
143 212 389 283
143 119 150 416
143 176 73 377
143 56 60 611
143 17 364 1
143 279 281 125
143 247 245 450
143 279 1 555
143 120 334 1
143 286 345 491
143 283 292 779
143 134 412 653
143 57 260 674
143 199 443 1
143 75 296 356
143 114 33 699
143 245 300 234
143 148 414 360
143 262 329 941
143 229 323 860
143 181 1 486
143 279 267 680
143 81 334 625
143 278 496 89
143 83 164 547
143 153 284 311
143 259 73 614
143 37 1 868
143 146 1 720
143 155 338 1
143 57 306 584
143 162 318 125
143 254 1 718
143 72 500 189
143 8 1 634
143 25 130 1000
143 193 220 450
143 176 309 264
143 273 87 266
143 255 28 675
143 222 396 384
143 176 32 657
143 169 500 278
143 147 208 1000
143 260 184 610
143 284 134 393
143 74 1 591
143 229 500 444
143 259 304 64
143 118 442 379
143 253 161 183
143 69 500 115
143 100 356 428
143 78 342 1
143 208 382 517
143 123 290 787
143 35 23 685
143 288 50 537
143 291 276 35
143 97 49 1000
143 234 101 1000
143 196 105 893
143 7 383 218
143 202 118 601
143 106 95 1000
143 170 355 1
143 126 53 897
143 55 419 682
143 4 91 480
143 1 96 636
143 138 282 439
143 145 63 962
143 284 279 296
143 6 80 762
143 201 447 70
143 134 366 1
143 26 65 600
143 122 431 442
143 112 217 240
143 114 59 384
143 234 1 510
144 145 8 230
144 131 320 801
144 123 134 397
144 63 159 353
144 116 399 694
144 250 348 1
144 293 335 331
144 167 272 584
144 30 233 591
144 286 443 692
144 101 128 1000
144 220 356 1
144 41 120 390
144 242 169 1000
144 114 238 708
144 102 324 143
144 65 294 55
144 210 300 569
144 89 368 503
144 193 414 75
144 164 222 394
144 11 136 299
144 216 500 209
144 41 185 284
144 194 104 283
144 60 468 329
144 108 1 671
144 104 479 587
144 96 473 441
144 163 79 396
144 293 435 123
144 69 65 891
144 93 213 823
144 131 318 1
144 288 307 322
144 187 99 241
144 225 481 43
144 45 334 859
144 14 140 1000
144 185 252 779
144 154 91 561
144 96 321 1
144 247 254 325
144 254 111 249
144 87 379 706
144 288 500 206
144 167 422 241
144 63 407 764
144 160 124 382
144 172 322 319
144 151 419 729
144 31 487 208
144 57 424 88
144 45 468 426
144 6 323 1
144 100 1 600
144 171 194 784
144 39 205 789
144 5 319 394
144 99 89 486
144 172 41 660
144 95 155 791
144 89 189 387
144 34 58 979
144 215 360 1
144 91 383 437
144 154 80 738
144 104 499 134
144 235 6 728
144 287 249 171
144 226 225 227
144 260 87 638
144 32 500 91
144 162 257 709
144 120 500 228
144 52 338 512
144 237 220 204
144 186 404 279
144 78 44 665
144 277 346 583
144 9 71 699
144 212 292 54
144 265 339 134
144 281 277 938
144 189 290 859
144 224 157 813
144 33 310 745
144 47 491 48
144 214 130 587
144 142 187 152
144 111 354 324
144 46 457 254
144 182 370 675
144 6 208 58
144 159 19 854
144 108 193 217
144 217 10 792
144 100 276 1000
144 142 282 892
145 146 5 123
145 157 256 825
145 295 500 282
145 13 267 405
145 155 194 1000
145 189 287 1
145 75 106 1000
145 67 434 560
145 143 258 472
145 31 252 971
145 61 102 619
145 219 352 211
145 160 326 620
145 296 140 462
145 38 163 1000
145 131 123 309
145 154 495 119
145 239 1 867
145 101 438 8
145 258 108 1000
145 196 18 927
145 222 250 2
145 174 91 635
145 151 241 128
145 111 338 1
145 73 153 545
145 246 319 1
145 24 1 798
145 131 43 756
145 18 153 393
145 52 210 84
145 55 216 777
145 173 295 1
145 82 239 1
145 89 213 318
145 175 48 661
145 32 335 809
145 242 41 815
145 249 227 329
145 234 1 527
145 284 193 333
145 223 325 83
145 195 354 691
145 23 1 609
145 19 234 227
145 188 1 897
145 264 500 542
145 111 66 997
145 36 297 1
145 93 415 557
145 72 120 202
145 51 278 1
145 282 318 813
145 78 363 572
145 33 432 504
145 9 397 752
145 93 93 1000
145 76 283 102
145 232 278 694
145 146 404 182
145 155 235 403
145 254 121 605
145 53 216 912
145 274 380 1
145 118 1 464
145 198 495 205
145 221 192 821
145 288 1 872
145 25 499 402
145 298 382 609
145 164 393 99
145 46 489 1
145 125 370 522
145 117 69 402
145 283 483 599
145 130 116 460
145 217 110 474
145 178 389 1
145 173 210 593
145 202 1 722
145 87 350 163
145 184 296 315
145 229 201 103
145 34 146 1000
145 21 307 692
145 287 49 637
145 196 500 487
145 38 142 1000
145 86 125 705
145 20 206 389
145 196 357 533
145 215 473 426
145 155 98 708
145 227 500 300
145 86 252 322
145 12 1 565
145 44 414 335
145 248 118 385
145 232 284 247
145 123 1 534
145 176 209 437
145 87 145 948
145 134 92 225
146 147 4 934
146 4 380 672
146 50 413 117
146 126 95 219
146 125 1 666
146 56 433 158
146 178 376 26
146 231 416 640
146 283 277 670
146 213 219 66
146 115 306 205
146 97 409 296
146 34 273 689
146 66 156 642
146 77 392 1
146 123 363 754
146 98 352 147
146 69 197 873
146 118 361 408
146 172 189 768
146 8 329 34
146 250 1 734
146 132 1 533
146 209 281 285
146 167 174 410
146 16 21 372
146 155 1 799
146 280 438 385
146 66 239 745
146 138 318 258
146 94 274 206
146 182 500 191
146 75 273 776
146 28 252 455
146 185 109 728
146 192 85 839
146 78 212 1000
146 44 371 1
146 170 238 243
146 137 500 276
146 39 123 1000
146 177 49 515
146 111 12 409
146 80 298 631
146 13 230 466
146 39 500 254
146 173 406 1
146 183 180 83
146 211 125 900
146 37 1 489
146 126 357 247
146 185 400 1
146 93 174 939
146 162 500 424
146 53 394 1
146 20 497 35
146 19 388 367
146 287 93 1000
146 277 284 511
146 92 90 254
146 59 332 1
146 8 418 570
146 180 221 968
146 127 436 663
146 198 398 579
146 239 254 696
146 205 107 206
146 110 261 246
146 66 388 658
146 138 301 339
146 54 293 556
146 110 324 340
146 291 378 840
146 172 275 102
146 51 1 424
146 256 500 522
146 77 385 39
146 285 393 615
146 295 488 547
146 232 48 973
146 199 281 194
146 109 480 164
146 119 243 612
146 122 380 220
146 137 434 687
146 96 500 164
146 71 217 193
146 201 338 717
146 129 461 268
146 135 339 405
146 133 369 532
146 137 60 633
146 86 328 398
146 62 103 966
146 200 1 533
146 175 363 1
146 56 363 1
146 241 280 616
147 148 16 246
147 174 473 103
147 223 500 350
147 217 321 115
147 75 250 281
147 287 325 544
147 68 379 214
147 133 17 818
147 48 446 87
147 87 483 538
147 9 227 851
147 235 436 72
147 137 291 957
147 222 409 204
147 214 458 213
147 227 302 378
147 73 27 769
147 109 79 429
147 161 29 810
147 199 500 389
147 69 85 888
147 116 201 1000
147 87 175 68
147 53 338 25
147 133 287 945
147 237 366 348
147 239 45 710
147 116 197 531
147 138 344 1
147 172 58 437
147 222 175 229
147 272 1 868
147 80 500 376
147 92 3 909
147 113 293 1000
147 200 296 959
147 134 116 708
147 98 233 469
147 157 500 323
147 176 427 1
147 154 362 834
147 259 397 1
147 175 237 785
147 158 280 438
147 265 377 675
147 239 244 748
147 6 463 591
147 220 19 377
147 59 339 472
147 273 1 724
147 23 149 383
147 119 287 457
147 255 1 798
147 133 419 1
147 115 367 1
147 212 282 158
147 170 314 532
147 153 344 1
147 158 154 851
147 175 182 1000
147 213 500 352
147 183 269 489
147 3 1 627
147 251 278 620
147 51 438 7
147 108 187 806
147 191 128 677
147 128 1 901
147 99 179 792
147 81 285 861
147 205 323 1
147 160 27 554
147 179 290 601
147 262 434 103
147 276 192 82
147 221 430 364
147 244 210 1000
147 21 130 169
147 56 325 576
147 262 500 349
147 108 394 775
148 149 4 645
148 200 166 798
148 65 281 190
148 263 219 433
148 225 318 528
148 82 69 676
148 59 302 229
148 142 51 1000
148 288 79 252
148 55 204 276
148 100 479 517
148 287 85 542
148 167 410 643
148 14 404 773
148 25 500 331
148 239 54 890
148 50 136 157
148 37 209 675
148 215 162 400
148 184 478 512
148 6 302 398
148 96 196 153
148 54 239 40
148 290 18 689
148 155 158 244
148 40 368 41
148 272 431 465
148 131 246 33
148 188 143 816
148 49 309 378
148 237 61 812
148 17 339 1
148 40 1 708
148 180 500 164
148 198 45 742
148 278 422 410
148 196 1 608
148 82 346 307
148 5 171 912
148 272 444 1
148 294 52 777
148 191 460 82
148 169 246 1
148 141 424 210
148 62 167 402
148 294 389 47
148 85 480 434
148 93 500 325
148 107 94 573
148 216 67 1000
148 161 146 611
148 7 49 600
148 166 127 996
148 140 210 651
148 40 333 1
148 265 112 492
148 132 30 919
148 286 205 631
148 124 272 978
148 28 54 530
148 82 28 381
148 191 351 1
148 179 437 518
148 75 308 319
148 41 166 1000
148 124 1 735
148 272 285 239
148 260 405 361
148 22 500 92
148 176 212 110
148 259 371 480
148 175 182 942
148 30 176 1000
148 43 1 686
148 195 310 193
148 121 500 222
148 260 242 684
148 35 247 587
148 3 500 128
148 175 327 1
148 134 150 610
148 4 500 302
148 66 1 851
148 208 343 293
148 276 444 600
148 184 454 414
148 212 297 320
148 233 41 645
148 273 394 752
148 125 291 320
148 38 78 1000
148 38 73 442
148 72 1 837
148 112 69 752
148 17 299 884
148 162 213 57
148 115 136 1000
149 150 1 871
149 81 334 583
149 207 398 704
149 143 246 500
149 157 171 505
149 95 258 822
149 185 53 866
149 47 282 441
149 252 442 273
149 242 295 236
149 95 1 548
149 9 500 240
149 55 437 415
149 47 496 25
149 155 371 354
149 274 243 463
149 283 216 1000
149 258 366 1
149 62 288 547
149 238 194 277
149 234 1 774
149 54 1 830
149 21 370 1
149 86 271 852
149 31 55 340
149 175 350 1
149 124 500 225
149 286 497 573
149 132 12 450
149 74 254 664
149 174 141 642
149 266 437 204
149 188 189 337
149 228 500 274
149 224 392 712
149 52 177 839
149 212 1 689
149 183 340 1
149 89 390 370
149 56 348 1
149 140 406 218
149 21 468 188
149 158 336 113
149 182 134 561
149 250 375 187
149 60 329 717
149 250 342 1
149 219 355 1
149 191 500 401
149 214 1 749
149 44 401 387
149 200 482 49
149 62 276 1
149 207 287 39
149 176 407 1
149 10 425 294
149 156 220 556
149 290 244 49
149 225 1 591
149 110 365 1
149 32 196 695
149 282 174 328
149 122 21 932
149 281 305 447
149 53 188 67
149 42 336 119
149 177 500 182
149 151 35 748
149 95 191 1000
149 146 186 411
149 125 490 500
149 15 30 488
149 298 69 1000
149 264 350 892
149 265 500 409
149 262 140 533
149 249 121 467
149 206 14 699
149 190 370 796
149 31 463 1
149 244 321 470
149 48 13 625
149 177 438 256
149 259 448 1
149 64 322 179
149 25 192 208
149 84 153 137
149 179 353 255
149 68 268 1
149 78 78 819
149 150 98 488
149 137 340 1
149 238 256 716
149 165 57 298
149 5 196 1000
149 59 28 627
149 78 451 351
149 113 167 1000
149 185 1 823
149 189 338 387
149 143 28 475
149 66 440 132
149 153 1 945
149 252 173 1000
149 197 396 85
149 73 202 429
149 143 336 712
150 151 5 651
150 223 354 443
150 1 437 357
150 263 371 1
150 159 386 683
150 23 154 202
150 53 91 356
150 33 400 1
150 33 159 935
150 88 341 246
150 116 206 1000
150 292 185 692
150 195 67 801
150 80 83 1000
150 209 1 724
150 58 436 131
150 214 49 749
150 45 494 56
150 77 376 558
150 286 249 1000
150 100 162 404
150 298 328 927
150 268 1 470
150 259 500 257
150 298 383 1
150 263 411 224
150 230 71 464
150 114 500 305
150 38 383 231
150 16 277 400
150 96 362 331
150 121 348 400
150 88 131 297
150 48 197 738
150 163 321 1
150 29 352 588
150 231 126 1000
150 94 3 888
150 79 27 992
150 9 209 991
150 49 367 1
150 283 489 185
150 128 256 665
150 85 337 343
150 222 57 1000
150 178 38 398
150 25 131 601
150 219 500 372
150 287 172 707
150 117 270 136
150 299 92 791
150 57 342 631
150 90 89 613
150 247 108 366
150 93 228 1000
150 213 331 421
150 238 1 907
150 1 1 608
150 156 420 511
150 183 45 932
150 107 115 1000
150 149 1 780
150 161 358 615
150 240 254 52
150 19 125 816
150 166 141 565
150 83 500 307
150 222 500 238
150 106 429 231
150 197 246 613
150 299 253 374
150 125 237 233
150 176 280 546
150 201 1 939
150 23 1 648
150 193 444 153
150 190 318 367
150 237 371 730
150 166 151 793
150 132 418 228
150 275 270 1
150 161 495 12
150 84 197 284
150 181 195 731
150 112 68 1000
150 289 462 330
150 141 198 778
150 74 350 421
150 36 50 949
150 111 330 1
150 58 1 572
150 177 349 661
150 266 105 805
150 127 340 774
150 37 267 63
150 157 271 189
150 180 169 105
150 275 481 80
150 15 500 275
150 101 3 611
150 255 277 18
150 144 10 609
150 237 331 1
150 231 411 123
151 152 5 290
151 27 457 568
151 190 1 683
151 44 233 324
151 220 206 1000
151 148 424 464
151 132 137 266
151 135 27 648
151 76 195 338
151 125 1 686
151 218 328 317
151 28 209 1000
151 22 436 330
151 72 184 1000
151 257 439 165
151 20 295 808
151 284 114 1000
151 74 434 142
151 279 1 496
151 69 267 403
151 194 423 82
151 160 467 141
151 220 310 146
151 164 122 1000
151 82 118 758
151 89 414 315
151 162 203 498
151 232 181 1000
151 198 500 191
151 294 204 1000
151 42 397 390
151 72 435 262
151 271 267 613
151 5 208 714
151 105 440 529
151 12 78 700
151 105 289 87
151 204 347 766
151 107 308 566
151 264 317 331
151 233 97 342
151 261 310 81
151 33 500 275
151 34 465 1
151 221 500 225
151 65 64 780
151 209 353 304
151 101 244 400
151 51 200 827
151 280 325 541
151 140 500 537
151 176 55 617
151 1 1 958
151 17 156 804
151 169 1 807
151 136 500 93
151 294 319 429
151 19 1 879
151 251 500 533
151 22 98 442
151 169 258 181
151 133 3 984
151 272 277 263
151 129 248 941
151 195 500 323
151 234 1 733
151 167 500 169
151 273 416 462
151 221 448 268
151 167 152 570
151 293 9 968
151 12 166 1000
151 219 359 1
151 162 32 358
151 238 38 922
151 212 135 1000
151 48 185 543
151 238 337 1
151 215 423 31
151 94 217 929
151 279 294 640
151 117 316 248
151 220 500 22
151 176 151 1000
151 258 500 314
151 279 159 586
151 227 249 290
151 281 319 757
151 120 418 96
151 134 85 921
151 146 124 207
151 13 9 716
151 150 320 135
151 194 378 530
151 72 500 275
151 124 451 668
151 44 246 556
151 39 195 933
152 153 15 326
152 168 1 528
152 23 370 757
152 198 125 1000
152 244 332 822
152 119 173 735
152 277 209 268
152 161 391 1
152 125 500 121
152 27 478 52
152 219 185 881
152 216 341 810
152 298 148 629
152 109 14 475
152 17 406 774
152 167 461 1
152 186 47 766
152 54 1 762
152 44 219 859
152 65 342 486
152 127 370 1
152 9 69 993
152 175 1 807
152 114 237 858
152 195 243 148
152 103 435 49
152 163 412 601
152 146 138 1000
152 233 396 1
152 189 455 558
152 200 226 1000
152 161 107 1000
152 269 1 892
152 170 268 1000
152 118 363 694
152 279 93 323
152 148 386 124
152 106 132 225
152 192 500 188
152 167 500 278
152 201 374 444
152 18 258 854
152 267 435 452
152 228 494 427
152 104 163 593
152 250 248 978
152 12 60 403
152 103 205 806
152 175 83 969
152 268 106 233
152 270 14 539
152 81 351 1
152 10 443 608
152 134 374 569
152 171 1 859
152 273 200 136
152 268 363 1
152 250 394 539
152 190 184 859
152 85 38 743
152 28 178 86
152 26 214 575
152 157 208 317
152 210 36 426
152 186 469 379
152 195 281 342
152 105 131 1000
152 163 140 762
152 47 275 1
152 194 223 881
152 19 1 756
152 81 257 917
152 229 500 185
152 182 355 1
152 235 176 381
152 114 101 1000
152 22 267 890
152 76 500 316
152 282 241 81
152 147 308 703
152 15 293 988
152 28 385 356
152 12 281 267
152 262 97 274
152 292 251 1
152 229 124 746
153 154 13 443
153 124 123 749
153 31 371 98
153 5 173 762
153 46 79 912
153 208 500 337
153 1 500 241
153 296 187 178
153 145 247 954
153 56 63 834
153 52 1 805
153 7 179 281
153 129 182 716
153 296 196 589
153 65 329 661
153 17 215 1000
153 46 500 360
153 60 500 373
153 230 475 243
153 20 58 351
153 163 107 852
153 103 145 440
153 54 222 1000
153 32 500 186
153 87 338 590
153 96 4 596
153 258 228 771
153 39 322 780
153 143 381 636
153 252 192 456
153 210 202 157
153 138 341 1
153 45 150 351
153 273 488 141
153 131 183 435
153 125 1 563
153 71 452 508
153 233 353 1
153 218 328 72
153 244 57 1000
153 250 400 135
153 60 184 168
153 111 133 292
153 277 500 322
153 206 363 841
153 127 309 803
153 42 407 333
153 27 255 540
153 151 500 487
153 215 90 340
153 38 218 59
153 8 487 273
153 113 500 310
153 37 380 27
153 111 333 140
153 50 262 92
153 18 314 1
153 27 392 760
153 113 143 1000
153 232 283 896
153 242 100 696
153 136 495 582
153 90 217 1000
153 290 274 630
153 0 89 254
153 200 226 1
153 294 196 404
153 294 342 708
153 135 29 476
153 52 100 682
153 205 312 1
153 299 457 310
153 217 500 473
153 34 500 557
153 26 149 950
153 100 110 917
153 298 500 332
153 221 432 1
153 12 56 694
153 17 458 517
153 201 2 409
153 179 135 1000
153 174 500 273
153 282 258 83
153 135 285 1
153 49 207 579
153 56 121 902
153 135 474 232
153 254 180 943
153 200 1 690
153 65 307 310
153 54 1 790
153 282 167 1000
153 271 124 1000
153 148 316 273
153 247 315 1
153 204 270 1000
153 213 151 449
153 16 355 1
153 296 200 658
153 261 144 974
153 157 439 260
153 102 195 624
153 279 269 626
153 276 309 938
153 146 154 816
153 267 1 454
153 130 70 691
153 175 419 1
153 45 269 35
153 26 179 596
153 200 329 197
153 119 75 1000
153 2 232 484
153 101 185 847
153 155 270 844
153 17 1 700
153 13 64 1000
153 246 359 1
154 155 14 317
154 130 233 1
154 82 378 99
154 110 311 1
154 27 308 233
154 285 1 815
154 261 1 588
154 164 236 320
154 1 56 494
154 250 465 525
154 191 126 741
154 135 394 555
154 80 174 640
154 45 189 524
154 144 1 781
154 10 330 449
154 256 391 22
154 72 209 786
154 18 495 481
154 89 17 960
154 176 466 1
154 187 297 737
154 22 234 74
154 141 126 486
154 284 292 1
154 148 376 478
154 77 500 320
154 52 311 1
154 262 451 286
154 135 456 324
154 181 222 225
154 56 500 306
154 7 324 181
154 255 247 1000
154 255 496 107
154 160 338 531
154 267 365 190
154 254 128 724
154 276 197 838
154 161 111 884
154 170 204 149
154 68 407 1
154 23 77 747
154 263 219 230
154 17 252 399
154 57 55 435
154 180 291 1000
154 97 435 233
154 28 1 555
154 116 225 1000
154 41 408 681
154 206 339 140
154 122 256 309
154 39 290 57
154 285 45 1000
154 19 109 948
154 66 190 1000
154 253 500 306
154 139 395 307
154 17 13 671
154 278 219 282
154 40 220 330
154 23 63 1000
154 148 271 39
154 136 441 246
154 288 6 699
154 121 1 984
154 1 155 1000
154 136 48 478
154 3 231 955
154 50 413 11
154 122 343 615
154 80 124 980
154 200 116 995
154 264 269 72
154 268 108 821
154 104 460 1
154 40 96 754
154 208 142 709
154 134 500 148
154 118 118 890
154 189 291 12
154 265 446 379
154 248 5 569
154 244 243 435
154 250 500 293
154 28 1 521
154 267 182 626
154 251 444 237
154 136 298 603
154 97 1 606
154 144 180 662
154 297 35 958
154 9 279 289
154 149 373 221
154 57 1 747
154 29 158 1000
154 159 366 104
154 171 69 688
154 105 295 638
154 41 139 906
154 38 500 185
154 28 158 284
154 205 435 167
154 8 28 574
154 58 142 134
154 15 342 389
154 182 268 147
154 275 500 129
154 21 500 330
154 298 500 349
155 156 3 679
155 295 500 148
155 84 1 806
155 261 157 1000
155 142 314 225
155 37 400 130
155 240 224 433
155 209 209 519
155 13 401 646
155 41 1 743
155 276 30 521
155 104 442 615
155 125 226 1
155 283 420 1
155 136 45 616
155 85 14 384
155 195 135 680
155 223 100 800
155 49 202 1000
155 281 303 974
155 248 16 550
155 6 1 551
155 217 428 78
155 62 38 758
155 60 281 460
155 224 263 691
155 44 258 194
155 208 455 202
155 215 391 517
155 170 333 206
155 274 377 417
155 44 500 220
155 206 280 1
155 217 212 983
155 52 1 605
155 285 309 792
155 68 299 140
155 127 253 589
155 238 121 632
155 121 166 146
155 113 344 301
155 3 187 323
155 288 1 743
155 106 60 384
155 238 179 1000
155 298 399 621
155 235 239 862
155 256 5 393
155 32 118 686
155 294 411 402
155 215 134 707
155 148 119 177
155 158 224 892
155 35 1 833
155 254 103 382
155 139 87 703
155 194 260 547
155 16 500 469
155 191 108 1000
155 91 464 248
155 47 1 596
155 60 500 250
155 66 260 196
155 1 354 306
155 198 443 494
155 193 333 602
155 145 284 1000
155 31 254 695
155 137 91 934
155 132 417 56
155 110 60 517
155 41 444 572
155 241 87 1000
155 289 290 748
155 123 357 772
155 211 172 258
155 57 343 438
155 119 1 710
155 292 255 48
156 157 14 569
156 261 1 642
156 77 22 1000
156 20 482 508
156 121 163 210
156 276 268 445
156 264 205 358
156 152 323 144
156 237 247 798
156 49 299 1
156 175 157 484
156 45 500 529
156 5 479 36
156 70 500 238
156 260 86 687
156 169 337 1
156 64 402 693
156 243 278 1
156 72 61 994
156 290 339 665
156 57 291 647
156 80 120 1000
156 113 467 628
156 113 407 534
156 293 283 555
156 119 382 738
156 113 1 583
156 267 226 1000
156 81 493 271
156 137 65 824
156 37 389 665
156 281 1 585
156 82 337 411
156 132 364 111
156 257 221 1000
156 295 174 381
156 20 255 337
156 214 107 983
156 234 251 962
156 1 136 354
156 261 347 1
156 189 157 814
156 97 35 806
156 290 216 707
156 218 74 928
156 98 213 793
156 63 344 492
156 41 367 1
156 40 500 115
156 247 293 269
156 58 113 1000
156 194 181 146
156 78 137 886
156 187 500 37
156 81 373 154
156 216 11 942
156 54 295 338
156 45 238 51
156 186 215 160
156 11 214 908
156 90 500 329
156 196 387 196
156 24 1 569
156 50 160 945
156 134 75 920
156 297 151 819
156 132 84 1000
156 105 231 390
156 110 271 101
156 80 1 829
156 73 269 384
156 119 288 942
156 5 351 796
156 221 291 1
156 61 500 308
156 283 134 506
156 235 159 779
156 55 329 1
156 143 422 145
156 227 230 1
156 117 199 392
156 289 84 1000
156 229 406 668
156 62 250 808
156 140 1 799
156 289 263 236
156 26 107 537
156 123 30 607
156 221 407 631
156 96 490 104
156 5 477 264
156 256 1 759
156 168 58 738
156 50 267 804
156 38 129 1000
156 148 150 347
157 158 13 77
157 96 163 565
157 22 420 325
157 141 369 661
157 105 208 806
157 217 183 596
157 102 168 949
157 295 500 176
157 140 375 77
157 12 340 79
157 152 131 1000
157 155 414 546
157 142 121 474
157 258 42 1000
157 281 1 612
157 227 27 563
157 127 50 878
157 77 206 836
157 162 137 1000
157 98 2 676
157 258 57 687
157 134 1 775
157 50 500 420
157 7 85 671
157 53 115 192
157 183 357 170
157 55 403 273
157 223 317 88
157 280 346 642
157 36 399 62
157 298 409 399
157 79 6 790
157 155 379 649
157 167 75 446
157 288 220 1000
157 256 90 953
157 70 100 532
157 260 175 992
157 239 186 267
157 15 1 628
157 51 120 598
157 52 96 328
157 240 337 1
157 185 38 698
157 175 288 373
157 173 467 1
157 227 90 1000
157 235 169 1000
157 234 199 154
157 231 331 594
157 61 333 329
157 18 312 733
157 47 276 198
157 277 292 1
157 96 226 1
157 153 500 292
157 31 204 154
157 48 327 894
157 22 500 134
157 161 303 721
157 80 413 140
157 25 1 651
157 186 17 673
157 204 172 846
157 174 406 1
157 143 253 66
157 143 126 902
157 227 447 659
157 165 1 467
157 128 186 110
157 226 227 759
157 55 289 764
157 45 321 578
157 75 260 46
157 196 128 349
157 138 395 193
157 110 204 657
157 199 198 27
157 29 1 849
157 155 488 185
157 260 99 1000
157 8 450 470
157 224 375 78
158 159 16 760
158 269 1 934
158 205 200 846
158 51 137 1000
158 48 131 459
158 126 413 303
158 47 119 953
158 115 126 524
158 118 195 1000
158 290 137 357
158 201 152 1000
158 77 376 544
158 146 381 1
158 118 133 1000
158 125 424 1
158 104 63 405
158 200 213 871
158 220 500 309
158 267 332 1
158 149 397 487
158 70 413 458
158 82 291 21
158 290 318 869
158 27 68 1000
158 113 235 819
158 183 307 544
158 131 152 775
158 142 1 639
158 254 104 414
158 182 273 950
158 221 83 1000
158 171 153 651
158 165 78 1000
158 231 118 667
158 37 226 924
158 106 183 237
158 179 1 872
158 100 249 88
158 59 446 639
158 14 370 289
158 289 302 415
158 120 358 1
158 2 151 118
158 106 1 471
158 202 397 568
158 151 184 1000
158 288 238 1000
158 215 11 702
158 251 36 484
158 270 477 344
158 142 431 1
158 237 275 842
158 58 359 472
158 259 126 888
158 31 442 440
158 146 206 827
158 147 215 734
158 234 176 580
158 240 404 547
158 70 244 96
158 222 283 1
158 251 69 990
158 91 421 405
158 86 246 106
158 295 500 311
158 80 500 241
158 212 454 639
158 10 339 864
158 116 138 443
158 214 1 827
158 54 148 1000
158 135 130 187
158 12 476 161
158 24 382 1
158 249 299 134
158 37 497 551
158 299 198 772
158 217 374 502
158 73 179 726
158 213 40 457
159 160 1 657
159 146 162 909
159 189 478 370
159 62 446 496
159 221 362 841
159 149 301 122
159 201 330 159
159 46 144 400
159 166 104 823
159 156 266 321
159 250 341 1
159 166 371 1
159 109 136 623
159 218 302 592
159 9 429 407
159 84 284 393
159 95 294 1
159 217 1 597
159 177 102 1000
159 81 446 579
159 143 265 41
159 144 411 630
159 9 169 1000
159 292 330 74
159 239 500 468
159 186 71 460
159 67 174 568
159 114 460 269
159 79 423 83
159 221 228 1000
159 111 400 624
159 212 133 463
159 20 192 743
159 252 300 659
159 272 95 849
159 37 328 1
159 79 159 490
159 135 285 993
159 298 279 841
159 209 433 727
159 162 500 289
159 257 237 185
159 280 429 1
159 58 227 135
159 238 252 622
159 95 500 278
159 207 45 889
159 287 352 1
159 45 313 119
159 245 123 226
159 209 95 883
159 250 40 365
159 294 1 701
159 30 1 760
159 44 500 423
159 65 177 910
159 221 356 430
159 219 46 425
159 224 251 613
159 29 275 1
159 207 351 555
159 185 196 417
159 90 448 547
159 80 1 771
159 244 73 992
159 7 500 234
159 168 500 271
159 198 352 873
159 55 468 164
159 145 113 457
159 227 397 73
159 127 276 693
159 145 163 841
159 116 117 795
159 18 470 405
159 12 248 550
159 220 269 26
159 278 94 629
159 36 309 838
159 14 300 986
159 3 1 576
159 49 310 87
159 103 425 1
159 29 316 98
159 64 432 1
159 288 500 295
159 273 456 116
159 271 64 616
159 280 365 432
159 167 487 22
159 150 315 1
159 33 235 472
159 111 384 827
159 96 396 1
159 246 89 255
159 64 79 1000
159 82 316 284
160 161 2 572
160 222 380 421
160 284 270 375
160 9 101 850
160 144 153 578
160 133 111 635
160 295 3 972
160 16 403 666
160 45 298 901
160 81 149 728
160 263 453 294
160 111 16 573
160 265 415 213
160 63 349 1
160 21 135 1000
160 281 463 59
160 18 304 714
160 232 230 1
160 164 214 416
160 162 314 479
160 299 296 1
160 65 178 321
160 150 200 956
160 131 18 492
160 239 227 476
160 195 236 858
160 292 286 399
160 109 309 416
160 283 280 390
160 105 118 492
160 145 65 887
160 195 9 542
160 188 313 531
160 92 128 505
160 283 471 588
160 287 463 83
160 17 162 1000
160 175 175 972
160 20 402 432
160 263 188 497
160 64 500 219
160 146 284 501
160 162 248 888
160 12 4 871
160 22 186 314
160 214 479 325
160 159 253 440
160 180 500 301
160 53 500 39
160 99 184 1000
160 77 100 286
160 189 172 316
160 147 276 812
160 65 166 283
160 137 408 175
160 17 500 181
160 297 149 746
160 277 217 1000
160 142 80 308
160 26 99 1000
160 278 405 645
160 3 298 238
160 88 307 201
160 205 180 471
160 162 233 674
160 135 14 394
160 189 161 1000
160 152 343 143
160 109 267 825
160 138 284 808
160 251 425 1
160 99 58 663
160 95 1 506
160 173 151 695
160 146 92 1000
160 152 395 558
160 165 146 787
160 220 310 818
160 112 264 729
160 38 500 141
160 231 71 406
160 297 143 958
160 75 484 514
160 253 47 755
160 88 1 607
160 290 19 729
160 106 288 382
160 248 449 276
160 107 28 507
160 61 310 773
160 248 467 602
160 271 347 117
160 100 324 891
160 36 76 851
160 51 69 806
160 122 378 580
160 87 1 733
160 262 173 795
160 196 337 1
160 249 381 130
160 119 309 783
160 155 460 661
160 284 50 651
160 43 128 712
160 226 274 91
160 28 374 536
160 281 224 578
160 165 365 70
160 94 337 1
160 28 107 948
160 49 63 642
160 172 202 645
160 88 298 458
160 233 157 189
161 162 10 929
161 131 102 965
161 286 292 1
161 212 463 130
161 105 442 634
161 92 67 327
161 184 104 815
161 94 366 1
161 154 118 743
161 174 40 467
161 117 84 1000
161 279 422 512
161 38 139 1000
161 271 94 672
161 192 307 785
161 205 150 294
161 75 293 191
161 47 401 628
161 210 372 32
161 248 226 194
161 17 184 414
161 289 129 922
161 176 341 275
161 12 24 694
161 174 279 675
161 19 46 1000
161 125 222 219
161 197 1 820
161 285 500 152
161 287 411 13
161 116 1 657
161 259 1 710
161 38 59 813
161 28 1 756
161 110 193 1000
161 10 205 420
161 1 386 14
161 88 117 635
161 128 273 901
161 221 104 767
161 49 496 404
161 222 419 1
161 37 203 963
161 173 500 431
161 261 225 182
161 266 100 1000
161 106 189 212
161 97 300 250
161 40 263 1
161 75 5 425
161 238 228 1000
161 199 217 158
161 186 217 1000
161 266 112 719
161 9 390 710
161 9 324 282
161 263 128 951
161 117 202 327
161 108 423 131
161 215 434 413
161 204 500 235
161 246 237 985
161 194 500 305
161 156 106 469
161 14 369 13
161 190 91 948
161 132 242 961
161 85 1 752
161 35 401 650
161 120 85 1000
161 57 185 865
161 88 139 231
161 149 110 781
161 76 327 1
161 168 1 467
161 9 364 299
161 61 163 1000
161 268 395 348
161 204 134 838
161 45 314 253
161 112 255 547
161 284 361 565
161 72 242 654
161 139 186 336
161 257 500 251
161 86 198 453
161 73 155 850
161 52 280 813
161 187 260 96
161 154 67 690
161 74 75 440
161 239 314 1
161 182 463 96
161 31 394 414
161 98 479 401
161 24 144 1000
161 88 125 533
161 94 205 5
161 69 213 277
162 163 2 589
162 293 177 765
162 193 500 214
162 286 481 214
162 267 93 1000
162 232 1 804
162 195 178 891
162 76 441 432
162 262 175 722
162 31 368 618
162 248 168 443
162 151 119 492
162 57 191 657
162 43 1 701
162 262 436 1
162 25 117 660
162 257 296 672
162 159 136 1000
162 58 316 1
162 247 1 658
162 227 1 586
162 133 111 949
162 114 71 721
162 58 178 178
162 236 148 146
162 107 166 1000
162 287 290 30
162 135 1 597
162 276 124 287
162 192 1 632
162 26 133 496
162 161 256 387
162 171 184 1000
162 289 475 1
162 126 233 298
162 232 355 501
162 62 1 894
162 103 500 327
162 99 177 479
162 42 319 1
162 84 1 660
162 90 407 250
162 208 470 112
162 0 293 297
162 70 104 562
162 14 500 257
162 152 247 810
162 36 112 1000
162 74 174 1000
162 141 124 883
162 82 25 406
162 16 499 463
162 184 416 462
162 79 345 1
162 74 247 766
162 262 334 634
162 241 225 402
162 45 298 1
162 83 231 656
162 249 367 274
162 171 239 406
162 262 500 254
162 269 415 564
162 257 1 816
162 165 26 529
162 253 136 844
162 232 500 163
162 73 92 1000
162 44 500 347
162 78 307 292
162 112 322 263
162 103 472 67
162 157 500 98
162 112 356 1
162 147 133 1000
162 193 500 244
162 260 79 977
162 294 297 661
162 56 404 33
162 0 500 355
162 191 78 380
162 86 454 494
162 118 327 195
162 158 372 392
162 77 271 99
162 240 336 154
162 47 500 365
162 194 3 745
162 202 303 643
162 185 500 326
162 250 170 430
162 295 59 404
162 35 218 1000
163 164 4 430
163 157 500 58
163 265 242 116
163 29 235 1000
163 244 157 490
163 286 1 637
163 186 380 600
163 150 1 678
163 231 102 630
163 62 321 122
163 41 368 1
163 265 274 89
163 275 90 709
163 88 186 118
163 93 168 593
163 27 342 513
163 62 186 493
163 80 345 718
163 134 303 539
163 33 33 640
163 136 371 478
163 180 94 784
163 92 208 639
163 46 279 477
163 70 233 330
163 232 51 579
163 291 239 1000
163 194 62 288
163 241 464 50
163 101 217 310
163 18 139 855
163 232 137 166
163 62 345 410
163 254 187 1000
163 253 465 245
163 231 479 242
163 52 175 190
163 115 500 520
163 32 112 826
163 256 151 831
163 143 282 189
163 111 70 1000
163 46 146 540
163 173 121 399
163 242 110 973
163 120 323 1
163 206 500 506
163 171 316 3
163 299 380 76
163 61 1 853
163 37 190 1000
163 26 425 175
163 184 57 389
163 104 38 1000
163 217 136 236
163 196 1 522
163 226 314 1
163 27 178 905
163 207 215 1000
163 292 260 199
163 90 397 654
163 161 500 359
163 292 240 580
163 238 249 748
163 240 73 1000
163 17 312 1
163 12 248 1
163 254 231 179
163 156 500 251
163 122 247 909
163 286 1 798
163 36 270 370
163 152 299 470
163 219 500 379
163 262 346 481
163 172 233 943
163 232 310 714
163 248 384 351
163 169 500 145
163 26 218 319
163 293 465 127
163 19 362 1
163 48 146 400
163 156 143 200
163 153 500 71
163 287 223 775
163 108 317 708
163 142 161 210
163 252 453 284
163 32 154 1000
163 18 424 353
163 271 260 876
163 283 95 679
163 254 448 625
163 31 399 512
163 221 281 716
163 94 46 763
163 248 189 578
163 64 36 613
163 162 244 307
163 53 33 748
163 188 177 430
163 169 278 573
163 86 217 240
164 165 3 619
164 172 385 1
164 237 1 636
164 137 1 474
164 9 244 140
164 118 264 680
164 178 286 1
164 218 135 620
164 23 23 434
164 203 175 891
164 287 225 859
164 160 136 590
164 286 232 317
164 282 143 1000
164 112 497 309
164 179 402 691
164 116 500 239
164 205 431 384
164 293 402 94
164 273 1 563
164 6 189 234
164 147 213 1000
164 51 171 294
164 295 1 675
164 287 358 784
164 95 139 394
164 52 230 485
164 153 155 723
164 168 434 154
164 22 362 171
164 75 225 405
164 127 200 462
164 209 148 1000
164 179 500 48
164 283 1 588
164 125 344 1
164 215 134 702
164 261 210 612
164 236 1 544
164 272 168 406
164 244 415 1
164 11 387 33
164 237 163 617
164 188 478 161
164 10 39 639
164 21 460 304
164 31 124 1000
164 16 308 26
164 173 245 1000
164 173 338 741
164 134 208 539
164 96 84 516
164 51 500 239
164 100 479 623
164 209 447 236
164 221 1 665
164 97 273 1
164 34 1 519
164 225 1 754
164 142 100 1000
164 199 459 485
164 278 20 561
164 196 133 525
164 275 1 716
164 130 149 885
164 104 174 1000
164 106 38 1000
164 34 146 563
164 252 491 392
164 94 398 52
164 90 374 1
164 31 202 452
164 121 422 1
164 42 392 370
164 71 319 1
164 297 261 472
164 4 202 812
164 48 448 565
164 209 198 425
164 118 68 650
164 56 500 324
164 62 1 993
164 71 300 69
164 242 500 159
164 19 362 549
164 250 226 1000
164 278 251 898
164 10 9 626
164 207 1 734
164 97 301 29
164 38 272 413
164 249 223 764
164 177 10 969
164 239 296 570
164 257 271 1000
164 118 418 574
164 262 212 227
164 43 30 491
164 144 389 691
164 266 177 683
164 160 171 1000
164 236 389 1
164 69 373 703
164 0 14 1000
164 252 345 1
164 76 424 403
164 106 381 757
164 9 59 351
164 227 318 303
164 213 345 257
164 181 150 1000
164 286 198 30
164 132 208 338
164 19 116 1000
164 219 437 279
164 106 307 167
164 210 77 878
164 255 115 818
164 167 393 250
164 143 1 614
164 68 375 442
164 232 373 557
165 166 6 532
165 162 500 365
165 151 462 203
165 98 1 493
165 76 390 1
165 258 88 509
165 265 327 449
165 144 311 282
165 286 125 988
165 16 62 409
165 202 78 711
165 249 392 158
165 209 318 932
165 50 312 175
165 68 146 703
165 260 334 10
165 278 79 690
165 113 210 904
165 38 456 1
165 40 444 564
165 45 76 999
165 250 392 154
165 46 249 1
165 90 395 282
165 64 500 189
165 33 239 488
165 67 288 494
165 202 370 353
165 98 390 487
165 175 465 47
165 156 269 1000
165 299 500 280
165 280 500 120
165 24 1 641
165 230 281 222
165 260 347 1
165 283 486 208
165 234 500 338
165 240 309 438
165 218 488 234
165 110 500 201
165 65 100 460
165 175 192 486
165 151 69 1000
165 127 398 34
165 22 380 583
165 192 377 1
165 100 125 932
165 98 187 775
165 144 116 1000
165 244 500 467
165 1 163 633
165 88 1 869
165 170 373 756
165 154 28 746
165 191 473 228
165 111 353 295
165 32 281 124
165 297 1 791
165 197 1 621
165 172 146 951
165 225 398 270
165 27 317 222
165 109 260 974
165 237 496 419
165 183 134 416
165 16 51 625
165 236 462 319
165 55 60 411
165 120 1 744
165 31 277 383
165 31 118 325
165 187 183 720
165 168 163 580
165 14 474 465
165 169 305 476
165 162 1 689
165 199 417 280
165 28 500 124
165 104 150 393
165 272 229 978
165 74 327 69
165 178 88 268
165 284 409 1
165 296 355 341
165 175 385 430
165 223 269 615
165 47 250 815
165 103 105 500
165 270 450 675
165 222 152 361
165 38 471 336
165 252 13 836
165 10 500 432
165 80 68 488
165 176 399 1
165 150 431 375
165 26 420 482
166 167 16 981
166 159 217 946
166 13 493 92
166 64 309 473
166 108 85 452
166 217 476 218
166 298 353 719
166 44 79 791
166 10 96 1000
166 117 396 1
166 45 500 353
166 134 110 1000
166 284 168 391
166 157 252 392
166 3 51 1000
166 180 41 1000
166 221 151 1000
166 28 1 811
166 204 137 1000
166 107 367 713
166 239 145 1000
166 213 129 1000
166 208 440 61
166 50 274 529
166 280 93 755
166 26 58 707
166 146 274 849
166 298 228 58
166 77 338 850
166 185 47 486
166 203 181 741
166 153 316 450
166 0 390 160
166 27 74 343
166 97 309 1
166 219 317 197
166 267 56 767
166 33 77 295
166 125 171 291
166 195 387 537
166 244 390 152
166 66 106 343
166 272 500 287
166 292 246 567
166 104 111 212
166 190 3 508
166 119 241 1000
166 243 127 592
166 297 117 1000
166 95 94 1000
166 48 500 262
166 299 377 1
166 281 341 1
166 297 347 893
166 177 207 987
166 120 369 464
166 77 327 131
166 98 359 229
166 147 500 244
166 119 369 616
166 233 61 979
166 45 500 241
166 197 407 166
166 200 59 838
166 278 171 710
166 211 291 315
166 228 87 646
166 53 227 82
166 77 38 366
166 7 309 586
166 175 258 1000
166 61 499 180
166 14 500 422
166 80 37 389
166 260 159 994
166 283 270 639
166 234 1 461
166 163 360 538
166 67 1 690
166 13 102 419
166 125 41 1000
166 126 248 268
166 201 411 87
166 149 500 535
166 108 146 1000
166 54 373 491
166 235 1 744
166 8 114 731
166 292 420 351
166 64 307 357
167 168 13 287
167 112 381 830
167 52 112 1000
167 208 409 133
167 297 331 686
167 97 153 1000
167 26 486 506
167 293 371 1
167 157 102 296
167 285 250 844
167 13 47 451
167 113 312 344
167 74 1 690
167 135 33 773
167 134 157 1000
167 125 210 1000
167 269 51 538
167 94 500 481
167 203 2 492
167 212 202 75
167 31 229 916
167 188 433 286
167 70 206 800
167 22 116 501
167 71 500 168
167 202 246 165
167 9 43 687
167 227 482 501
167 99 76 825
167 158 147 405
167 250 499 440
167 294 173 330
167 199 1 707
167 26 351 322
167 119 302 881
167 121 135 547
167 80 389 794
167 145 320 506
167 181 126 652
167 171 87 1000
167 252 146 1000
167 33 1 881
167 236 168 621
167 212 459 342
167 71 245 165
167 80 340 1
167 128 313 304
167 270 341 1
167 132 483 634
167 223 248 56
167 130 127 1000
167 214 269 1000
167 103 500 278
167 179 214 187
167 90 288 1
167 286 131 1000
167 123 362 1
167 159 1 826
167 282 282 522
167 176 500 228
167 280 1 608
167 233 373 93
167 154 500 404
167 50 78 432
167 279 1 666
167 52 220 631
167 30 146 1000
167 166 193 509
167 207 500 257
167 161 475 65
167 162 282 759
167 135 165 487
167 146 76 268
167 140 205 793
167 216 177 978
167 263 358 1
167 28 218 1000
167 218 494 303
167 208 207 179
167 98 9 855
167 65 309 594
167 106 451 634
167 128 359 667
167 131 229 364
167 140 1 588
167 278 431 298
167 93 349 1
167 180 114 544
167 295 374 1
167 182 207 669
167 78 440 680
167 160 217 491
167 259 122 606
167 154 143 519
167 267 54 995
167 237 448 337
167 71 162 799
168 169 5 168
168 20 184 210
168 136 141 715
168 210 440 276
168 64 316 1
168 81 47 1000
168 254 236 318
168 291 500 451
168 41 203 1000
168 128 390 1
168 12 347 693
168 133 480 517
168 183 193 279
168 1 71 1000
168 237 363 635
168 256 1 898
168 200 25 739
168 21 222 138
168 106 103 552
168 171 241 299
168 150 97 558
168 88 453 1
168 264 80 1000
168 89 191 590
168 228 248 781
168 130 334 406
168 257 322 574
168 186 344 535
168 218 342 1
168 81 79 737
168 299 1 713
168 26 130 933
168 226 99 1000
168 116 95 286
168 205 367 1
168 257 246 582
168 49 447 1
168 284 235 1
168 173 294 508
168 151 150 1000
168 141 257 482
168 250 218 1000
168 105 117 1000
168 146 188 49
168 254 414 251
168 90 152 589
168 177 474 1
168 66 300 647
168 186 475 318
168 120 38 1000
168 295 190 995
168 212 358 396
168 189 409 115
168 15 261 1
168 49 1 578
168 175 348 57
168 38 51 310
168 137 312 122
168 222 323 236
168 287 448 370
168 173 1 809
168 25 417 508
168 288 322 925
168 163 446 450
168 232 350 557
168 24 332 561
168 224 351 1
168 221 444 596
168 173 56 624
168 33 1 654
168 216 221 721
168 106 1 631
168 127 291 224
168 181 30 802
168 283 399 1
168 41 483 155
168 16 119 478
168 23 31 720
168 291 438 583
168 290 356 20
168 230 78 553
168 230 1 646
168 267 341 288
168 275 86 695
168 209 341 587
168 280 77 589
168 158 60 1000
168 177 164 223
168 61 252 513
168 118 192 572
168 233 322 626
168 155 183 434
168 32 1 528
168 273 500 245
168 233 163 1000
168 25 221 308
168 152 297 1
168 127 1 697
168 63 133 1000
168 203 256 706
168 289 1 913
168 44 459 453
169 170 8 193
169 101 53 1000
169 159 425 176
169 216 19 396
169 242 287 610
169 258 292 114
169 232 30 907
169 255 256 296
169 129 78 1000
169 156 178 994
169 291 408 17
169 286 1 647
169 98 79 846
169 147 445 554
169 21 196 580
169 7 500 195
169 84 109 1000
169 54 101 212
169 220 216 368
169 191 292 170
169 186 100 218
169 190 191 1000
169 213 251 1000
169 144 395 549
169 67 246 1
169 285 246 123
169 151 500 90
169 217 101 846
169 164 151 379
169 111 277 679
169 157 391 77
169 221 195 810
169 93 500 277
169 53 274 1000
169 274 246 341
169 62 178 387
169 150 311 1
169 143 319 68
169 111 220 908
169 250 488 132
169 262 110 1000
169 248 380 722
169 2 464 1
169 156 361 301
169 200 277 301
169 109 147 466
169 257 134 1000
169 232 185 562
169 285 416 170
169 166 182 560
169 57 33 346
169 106 320 714
169 286 398 82
169 263 4 820
169 117 1 615
169 255 404 207
169 209 309 1
169 122 290 1
169 241 141 207
169 297 134 1000
169 168 46 890
169 20 446 654
169 146 97 845
169 202 239 902
169 58 31 775
169 86 162 1000
169 162 197 963
169 272 120 930
169 126 115 477
169 7 379 354
169 89 324 679
169 6 1 728
169 66 246 770
169 243 386 1
169 241 124 1000
169 125 133 721
169 159 167 270
169 79 174 592
169 139 300 927
169 126 393 203
169 87 68 685
169 33 285 902
169 102 212 337
169 298 474 218
169 10 2 661
169 46 288 21
169 89 433 330
169 200 224 201
169 85 132 696
169 80 265 169
169 65 280 107
169 181 396 758
169 35 320 181
169 102 24 425
169 275 322 338
169 259 500 525
169 116 1 741
169 53 313 586
169 43 393 600
169 38 110 1000
170 171 10 106
170 263 278 483
170 154 285 321
170 200 282 1
170 216 500 280
170 254 113 1000
170 83 42 564
170 13 420 202
170 158 1 511
170 42 300 185
170 104 97 997
170 100 471 397
170 128 323 195
170 198 337 700
170 278 44 391
170 111 269 80
170 0 500 305
170 150 241 134
170 268 201 1000
170 70 170 899
170 87 469 237
170 246 287 690
170 209 90 769
170 66 461 279
170 144 159 1000
170 267 225 1000
170 266 187 781
170 29 249 988
170 234 271 208
170 184 1 754
170 180 286 929
170 55 500 192
170 11 253 411
170 24 247 670
170 126 427 563
170 54 180 404
170 244 52 372
170 276 101 633
170 230 500 294
170 231 428 531
170 9 184 193
170 76 59 585
170 61 422 403
170 237 1 832
170 38 311 789
170 94 197 262
170 227 179 1000
170 249 133 1000
170 256 148 910
170 236 256 7
170 182 241 854
170 175 500 302
170 63 420 1
170 187 193 780
170 19 432 154
170 44 231 914
170 9 56 740
170 187 410 449
170 32 419 520
170 74 350 325
170 115 210 607
170 162 294 852
170 162 106 260
170 192 470 1
170 275 500 402
170 28 500 448
170 222 205 154
170 198 284 64
170 290 295 714
170 206 183 800
170 7 138 725
170 8 95 620
170 229 111 764
170 0 384 792
170 49 77 473
170 157 295 544
170 265 251 703
170 299 66 793
170 164 3 893
170 199 281 1
170 120 212 591
170 208 370 25
170 243 55 681
170 151 364 815
170 155 108 191
170 147 254 171
170 30 375 418
170 186 203 477
170 236 1 748
170 184 248 1
170 77 465 447
170 241 234 646
170 163 70 1000
170 10 165 968
170 1 442 218
170 39 354 329
170 68 1 653
171 172 3 77
171 26 387 1
171 150 213 218
171 276 267 364
171 260 182 676
171 65 393 1
171 58 293 539
171 84 420 198
171 43 1 758
171 292 1 716
171 286 336 1
171 53 227 875
171 5 366 603
171 253 1 688
171 156 319 697
171 162 140 475
171 30 500 286
171 48 171 70
171 274 1 488
171 143 170 474
171 248 487 389
171 94 345 661
171 281 50 788
171 285 163 103
171 57 288 151
171 58 386 666
171 159 414 108
171 142 218 833
171 10 365 857
171 95 76 1000
171 183 1 729
171 273 264 45
171 298 69 727
171 294 1 946
171 231 354 38
171 193 164 443
171 105 500 430
171 122 142 124
171 49 376 1
171 209 222 385
171 239 198 346
171 170 1 434
171 142 192 1000
171 86 385 1
171 54 454 410
171 188 135 930
171 227 409 281
171 215 221 436
171 58 230 790
171 204 103 269
171 299 1 630
171 91 14 946
171 228 499 501
171 150 315 655
171 296 231 161
171 225 65 733
171 31 180 583
171 252 477 608
171 260 344 1
171 179 133 1000
171 148 1 869
171 13 419 452
171 144 1 764
171 135 196 588
171 90 500 267
171 263 492 277
171 271 487 8
171 9 1 620
171 6 134 654
171 20 240 742
171 208 500 255
171 274 135 446
171 256 203 761
171 295 452 1
171 98 19 834
171 260 62 660
171 181 392 80
171 62 360 167
171 148 249 780
171 57 89 1000
171 78 149 594
171 222 500 449
171 292 116 1000
171 198 385 261
171 161 291 1
171 283 172 616
171 179 392 131
171 296 500 368
171 159 121 1000
171 147 482 489
171 74 33 660
171 135 312 688
171 244 168 1000
171 59 44 513
171 24 162 640
171 106 325 812
171 170 368 556
171 76 277 432
171 100 500 274
171 46 324 564
171 79 170 829
171 51 1 678
171 115 28 434
171 236 226 342
171 70 336 94
171 137 354 199
171 61 202 1
172 173 8 782
172 194 201 134
172 47 377 760
172 299 191 407
172 188 392 1
172 100 395 720
172 244 34 478
172 193 306 481
172 21 40 838
172 12 500 330
172 132 494 157
172 273 500 234
172 21 442 470
172 154 181 682
172 70 160 530
172 27 302 1
172 236 210 1000
172 9 398 730
172 288 500 446
172 169 247 119
172 115 335 895
172 143 282 162
172 69 185 593
172 30 500 178
172 124 77 482
172 167 1 766
172 4 380 189
172 152 300 915
172 232 273 1
172 185 436 650
172 218 209 65
172 124 302 464
172 248 54 407
172 244 116 1000
172 226 57 568
172 69 365 146
172 200 125 532
172 60 320 160
172 109 294 132
172 19 279 444
172 93 94 1000
172 163 495 262
172 97 260 909
172 265 1 692
172 81 415 685
172 12 348 309
172 180 377 352
172 295 98 1000
172 8 467 125
172 6 247 127
172 113 417 647
172 151 500 266
172 16 82 833
172 213 263 305
172 126 92 714
172 94 342 618
172 124 500 174
172 131 318 907
172 123 382 241
172 73 375 456
172 224 1 589
172 140 414 600
172 45 385 1
172 11 406 404
172 221 119 773
172 82 455 624
172 120 481 341
172 103 219 1000
172 92 37 874
172 267 266 369
172 32 207 1000
172 85 160 165
172 42 1 576
172 293 10 946
172 114 10 825
172 298 308 406
172 195 500 209
172 106 335 1
172 261 450 414
172 212 357 29
172 259 251 357
172 263 346 843
172 207 500 268
172 144 65 814
172 98 343 1
172 96 27 973
172 125 91 492
172 287 500 390
172 153 256 192
172 247 336 86
172 37 432 24
172 79 18 833
172 235 387 1
172 269 376 1
172 255 440 509
172 48 208 881
172 246 162 602
172 203 282 309
172 260 117 245
172 28 86 1000
172 116 278 434
172 150 181 572
172 35 472 442
172 286 500 513
173 174 7 541
173 69 427 279
173 104 76 948
173 82 130 287
173 18 182 1000
173 165 230 1000
173 62 478 285
173 129 255 241
173 85 362 96
173 89 285 294
173 38 79 904
173 234 441 1
173 15 167 449
173 282 146 515
173 166 137 886
173 71 185 228
173 158 135 1000
173 201 153 638
173 221 291 790
173 129 174 761
173 155 324 37
173 82 482 299
173 174 221 500
173 102 1 803
173 34 47 676
173 280 354 1
173 174 54 362
173 20 1 845
173 127 239 95
173 180 72 419
173 2 376 841
173 164 1 591
173 233 122 511
173 96 500 446
173 215 500 459
173 295 500 458
173 246 469 485
173 127 314 399
173 164 194 63
173 142 43 547
173 45 219 24
173 35 84 559
173 287 205 879
173 128 1 762
173 202 71 1000
173 27 450 604
173 67 249 1000
173 178 137 999
173 13 388 730
173 203 1 791
173 250 1 462
173 90 500 442
173 90 132 543
173 195 453 1
173 178 455 1
173 205 301 371
173 111 392 1
173 86 62 674
173 102 8 775
173 223 146 532
173 178 370 465
173 264 500 320
173 106 177 904
173 229 75 291
173 219 32 614
173 293 161 879
173 292 35 414
173 242 1 647
173 69 43 682
173 10 463 357
173 206 489 59
173 220 89 1000
173 157 35 362
173 171 89 277
173 182 1 790
173 65 161 889
173 152 290 985
173 242 378 524
173 6 386 1
173 51 125 187
173 186 395 385
173 65 253 740
173 163 52 1000
173 176 333 389
173 267 311 405
173 274 87 338
173 206 223 335
173 5 237 1000
173 282 203 745
173 85 90 298
173 181 35 487
173 248 232 151
173 43 164 791
173 177 97 478
173 59 38 376
173 120 312 871
173 212 481 230
173 256 249 765
173 116 1 468
173 58 23 831
173 38 429 39
173 122 236 940
173 102 209 1000
173 168 424 546
173 204 500 92
173 179 447 268
173 183 277 115
173 51 459 271
173 218 500 387
173 49 235 869
174 175 10 588
174 62 1 800
174 246 500 349
174 119 183 240
174 287 253 1000
174 29 175 951
174 80 182 352
174 54 112 617
174 234 179 880
174 103 393 673
174 213 292 678
174 287 500 432
174 91 500 165
174 81 159 1000
174 222 216 806
174 109 444 705
174 115 395 217
174 178 260 979
174 295 436 99
174 111 296 618
174 105 35 391
174 134 500 292
174 95 75 707
174 215 220 159
174 255 284 436
174 59 146 1000
174 117 300 1
174 196 216 290
174 9 425 671
174 106 301 480
174 70 1 539
174 189 338 102
174 19 267 1000
174 294 373 368
174 19 450 174
174 167 295 492
174 267 65 405
174 181 232 1000
174 285 173 68
174 159 438 438
174 121 1 735
174 112 419 697
174 282 230 188
174 38 454 392
174 41 125 195
174 278 404 172
174 232 349 541
174 207 200 122
174 120 241 1
174 158 390 373
174 138 330 478
174 62 315 601
174 1 1 689
174 181 30 568
174 290 1 749
174 51 417 214
174 152 254 619
174 89 237 577
174 57 305 564
174 291 126 497
174 265 74 263
174 160 76 251
174 297 268 829
174 20 251 199
174 187 232 688
174 58 129 1000
174 253 217 159
174 33 312 138
174 95 123 832
174 33 486 550
174 108 216 152
174 278 344 606
174 204 293 346
174 180 381 700
174 168 361 826
174 66 414 669
174 198 166 601
174 289 407 648
174 265 430 653
174 210 227 1
174 121 75 689
174 57 159 450
174 123 213 202
174 171 360 844
174 108 115 1000
174 229 461 231
174 172 262 120
174 237 376 694
174 138 77 363
174 28 225 360
174 149 392 775
174 135 327 1
174 273 134 972
174 32 417 718
174 118 418 518
174 176 73 394
174 33 265 424
174 16 364 1
174 156 15 479
174 147 37 1000
174 42 1 623
174 228 277 536
174 249 1 635
174 280 500 150
174 64 500 285
175 176 16 145
175 102 335 159
175 130 460 580
175 115 243 122
175 138 130 619
175 252 357 769
175 105 500 309
175 169 392 328
175 86 179 1000
175 177 461 222
175 204 307 812
175 287 311 1
175 136 83 906
175 220 1 641
175 187 295 908
175 165 499 186
175 256 358 99
175 278 109 516
175 148 1 883
175 281 124 368
175 120 500 596
175 279 95 1000
175 256 371 784
175 106 260 1000
175 48 347 854
175 29 1 588
175 279 424 510
175 0 272 5
175 139 1 475
175 194 50 932
175 55 473 496
175 30 316 180
175 42 31 447
175 25 358 171
175 287 167 261
175 244 366 704
175 101 366 1
175 142 1 825
175 195 82 1000
175 99 448 408
175 63 46 523
175 262 108 989
175 250 180 812
175 77 111 719
175 26 1 725
175 224 345 693
175 172 157 797
175 165 373 793
175 230 40 919
175 114 209 1
175 144 318 61
175 265 381 464
175 72 82 1000
175 115 275 1
175 126 1 566
175 26 1 726
175 159 434 169
175 52 440 503
175 118 332 875
175 148 300 129
175 247 132 771
175 296 213 192
175 113 1 707
175 165 1 584
175 224 364 317
175 91 166 574
175 98 232 876
175 170 1 801
175 136 224 98
175 290 144 1000
175 283 111 1000
175 270 97 241
175 114 204 170
175 39 107 1000
175 220 286 854
175 119 279 106
175 292 463 220
175 26 1 818
175 171 500 296
175 112 226 660
175 4 500 311
175 46 411 414
175 1 342 868
175 237 1 675
175 186 500 313
175 281 68 700
175 126 392 438
175 133 258 795
175 3 251 669
175 100 51 309
175 18 411 1
175 194 246 728
175 130 411 195
175 245 500 147
175 33 398 108
175 25 500 398
175 233 147 107
175 197 241 916
176 177 13 861
176 210 500 211
176 70 364 1
176 249 303 176
176 127 165 1000
176 7 413 108
176 156 500 115
176 165 480 532
176 245 295 778
176 207 8 644
176 98 374 1
176 273 4 786
176 217 1 714
176 81 248 789
176 299 26 1000
176 133 209 892
176 116 491 562
176 184 264 526
176 15 1 642
176 274 306 865
176 108 438 586
176 251 1 604
176 225 329 122
176 170 500 188
176 95 111 1000
176 121 221 918
176 130 33 467
176 218 338 821
176 142 390 208
176 79 1 736
176 47 467 464
176 15 276 313
176 112 91 957
176 143 126 192
176 54 21 440
176 278 354 1
176 26 322 1
176 260 1 702
176 296 277 1
176 3 284 704
176 186 22 992
176 58 500 345
176 22 343 29
176 236 392 810
176 241 353 854
176 48 472 377
176 91 226 463
176 2 256 281
176 186 339 645
176 144 500 149
176 222 396 204
176 109 409 234
176 103 1 591
176 97 173 818
176 171 307 213
176 166 120 1000
176 34 129 821
176 77 67 364
176 23 1 579
176 230 9 938
176 89 369 381
176 17 286 428
176 204 128 279
176 69 390 105
176 18 9 715
176 141 437 242
176 82 1 828
176 157 282 444
176 38 304 712
176 185 127 261
176 180 500 219
176 245 500 297
176 242 206 304
176 136 314 870
176 153 427 222
176 268 196 174
176 230 459 610
176 175 500 378
176 273 262 1
176 147 1 584
177 178 3 369
177 6 297 754
177 270 264 553
177 31 463 478
177 229 260 509
177 68 276 1
177 54 75 667
177 249 283 44
177 293 316 871
177 187 473 349
177 291 500 292
177 14 500 233
177 54 367 1
177 156 151 1000
177 52 500 101
177 81 94 322
177 123 1 882
177 48 334 273
177 263 405 83
177 191 280 470
177 162 322 1
177 240 266 238
177 99 240 1000
177 92 500 452
177 262 209 80
177 101 129 900
177 158 52 701
177 273 323 715
177 287 109 464
177 8 247 872
177 41 425 543
177 93 232 872
177 216 1 803
177 59 222 294
177 245 352 1
177 259 159 453
177 159 135 267
177 213 1 826
177 36 446 336
177 296 1 571
177 25 182 857
177 125 500 466
177 224 200 1000
177 255 413 1
177 1 304 7
177 47 250 219
177 199 277 322
177 113 374 695
177 273 166 1000
177 185 359 1
177 211 446 21
177 31 79 776
177 278 26 624
177 50 211 873
177 203 299 1
177 109 1 700
177 160 278 908
177 299 137 691
177 195 208 619
177 179 1 510
177 280 395 373
177 10 174 581
177 93 119 850
177 3 78 277
177 195 1 745
177 186 500 180
177 9 213 572
177 3 55 685
177 185 1 731
177 85 1 441
177 53 94 1000
177 196 152 821
177 294 1 610
177 107 500 410
177 29 25 354
177 107 253 500
177 3 303 974
177 294 195 413
177 134 165 1000
177 260 61 748
177 227 500 121
177 265 127 913
177 201 13 415
177 81 44 1000
177 3 469 527
177 258 484 242
177 179 13 708
177 128 212 384
177 217 61 730
177 229 480 14
177 197 16 935
177 106 59 1000
177 91 1 448
177 168 186 514
177 262 140 1000
177 73 1 827
177 50 36 902
177 280 1 686
177 9 500 257
177 260 1 731
177 244 284 95
177 261 276 722
177 204 170 963
177 161 133 662
177 146 162 1000
177 69 105 1000
177 156 181 856
177 54 214 551
177 264 256 841
177 175 241 772
177 14 416 574
177 261 436 536
177 78 270 1
177 95 343 659
177 40 359 413
178 179 7 170
178 165 181 189
178 90 336 558
178 151 129 324
178 281 86 731
178 151 387 707
178 149 500 513
178 98 500 322
178 218 418 18
178 28 366 1
178 116 174 875
178 299 39 923
178 211 19 524
178 197 209 273
178 37 112 362
178 44 76 596
178 7 500 317
178 169 79 601
178 141 479 5
178 96 1 676
178 153 70 666
178 165 176 1000
178 243 346 1
178 196 1 727
178 150 1 819
178 228 127 956
178 45 393 404
178 96 144 1000
178 236 409 1
178 75 216 588
178 154 431 30
178 39 424 624
178 203 65 285
178 65 34 1000
178 226 439 665
178 145 401 1
178 283 82 552
178 289 500 312
178 84 500 369
178 211 135 565
178 203 352 444
178 5 354 700
178 115 279 284
178 211 461 161
178 144 500 490
178 238 403 1
178 157 231 272
178 202 62 798
178 163 52 752
178 182 209 45
178 134 406 622
178 257 288 183
178 31 476 58
178 50 334 1
178 6 381 798
178 116 500 483
178 297 160 927
178 151 317 517
178 194 135 1000
178 298 179 685
178 180 235 310
178 295 1 633
178 7 306 480
178 176 297 844
178 156 323 637
178 267 1 523
178 204 214 257
178 105 217 1
178 187 499 49
178 166 274 59
178 191 1 543
178 261 381 1
178 79 194 40
178 19 171 1000
178 170 435 187
178 274 403 51
178 33 43 816
178 237 393 1
178 61 319 945
178 228 329 394
178 230 315 550
178 222 270 452
178 36 440 545
178 106 311 588
178 264 160 705
178 31 1 647
178 174 500 225
178 66 416 349
178 150 143 1000
178 46 105 586
178 110 149 692
178 150 244 505
178 96 500 554
178 118 29 972
178 54 117 669
178 228 309 471
178 63 66 484
178 248 285 366
178 115 482 51
178 234 267 994
178 257 334 660
178 22 255 982
178 192 275 1
179 180 2 562
179 25 101 656
179 165 1 524
179 155 7 627
179 224 471 607
179 132 268 895
179 160 116 1000
179 298 500 210
179 281 126 227
179 153 353 883
179 245 1 678
179 272 188 837
179 4 1 698
179 139 435 304
179 107 312 590
179 64 394 647
179 71 500 281
179 37 500 532
179 176 271 475
179 202 500 453
179 122 187 133
179 272 94 425
179 144 372 687
179 4 238 252
179 134 35 1000
179 104 161 820
179 195 362 302
179 222 383 586
179 42 136 1000
179 90 293 777
179 276 132 517
179 99 421 693
179 299 215 598
179 290 163 552
179 5 343 381
179 69 137 927
179 77 122 1000
179 182 254 1000
179 105 468 5
179 141 258 1
179 216 292 22
179 57 73 1000
179 75 13 913
179 182 254 1000
179 193 292 562
179 72 1 567
179 250 398 593
179 271 215 575
179 288 443 75
179 42 294 1
179 92 82 334
179 50 471 1
179 27 500 221
179 189 436 691
179 214 41 553
179 10 491 1
179 37 416 1
179 242 224 257
179 265 458 403
179 44 194 166
179 248 449 234
179 174 498 133
179 84 312 430
179 259 460 377
179 47 159 1000
179 95 134 688
179 292 220 305
179 142 388 1
179 258 430 1
179 93 372 368
179 24 465 217
179 135 172 1000
179 25 225 755
179 136 483 247
179 102 223 650
179 94 187 671
179 82 69 860
179 21 397 280
179 82 412 311
179 236 79 1000
179 146 380 1
179 69 1 625
179 89 72 285
179 86 335 859
179 73 367 39
179 146 1 775
179 118 175 1000
179 283 401 305
179 7 1 849
179 286 89 856
179 176 298 551
179 96 331 582
179 203 204 267
179 3 300 357
179 195 1 501
179 228 225 367
179 161 183 673
179 15 367 483
179 28 153 1000
179 260 15 682
179 95 143 1000
179 90 190 777
179 64 161 391
179 169 354 149
179 68 321 48
179 34 51 931
179 237 55 376
179 203 73 819
179 106 1 742
179 223 170 633
179 91 1 786
179 244 443 459
179 294 3 445
179 99 63 935
179 143 329 535
179 104 1 654
179 120 273 1000
179 145 13 740
179 285 336 252
179 247 54 490
179 138 334 1
179 26 293 777
180 181 2 866
180 211 223 418
180 256 500 498
180 185 466 280
180 280 1 753
180 211 114 487
180 20 16 526
180 213 416 225
180 29 269 1
180 255 436 1
180 30 216 415
180 80 406 387
180 95 290 515
180 208 245 779
180 293 314 826
180 151 500 223
180 157 496 140
180 19 226 146
180 71 1 636
180 3 57 853
180 293 3 827
180 24 1 815
180 234 126 519
180 222 246 2
180 177 500 336
180 137 275 1
180 225 447 1
180 65 1 630
180 72 140 458
180 140 359 1
180 100 168 977
180 119 70 903
180 294 422 1
180 67 455 217
180 262 199 107
180 50 271 211
180 152 438 218
180 290 500 516
180 288 199 370
180 219 495 195
180 47 112 503
180 61 77 1000
180 152 144 378
180 101 342 1
180 132 147 1000
180 33 183 721
180 5 1 454
180 176 314 1
180 138 53 377
180 155 49 935
180 116 150 573
180 32 450 310
180 298 100 757
180 245 39 850
180 225 60 1000
180 56 468 247
180 257 210 851
180 196 130 624
180 297 239 331
180 92 500 126
180 148 473 347
180 257 377 595
180 71 70 758
180 17 232 251
180 19 254 274
180 216 394 143
180 213 6 989
180 203 72 592
180 113 73 1000
180 171 269 1
180 292 178 325
180 105 237 253
180 79 183 58
180 280 317 118
180 240 121 816
180 115 280 860
180 23 261 48
180 252 366 781
180 137 19 964
180 116 35 490
180 211 488 160
180 152 168 1000
180 201 500 417
180 123 498 407
180 278 159 253
180 89 64 1000
180 56 66 297
180 286 271 769
180 189 383 668
180 252 421 543
180 62 469 120
180 102 282 289
180 264 500 336
180 266 105 194
180 295 1 743
180 147 266 958
180 9 366 204
180 233 218 739
180 207 349 142
181 182 1 811
181 167 21 575
181 163 243 658
181 262 98 364
181 189 1 746
181 169 42 906
181 153 110 894
181 201 216 759
181 91 286 1
181 272 310 1
181 228 138 1000
181 46 1 553
181 222 15 743
181 38 193 1000
181 247 247 526
181 283 75 735
181 270 106 1000
181 139 433 1
181 230 218 126
181 94 265 527
181 280 445 365
181 243 420 598
181 48 302 177
181 40 380 1
181 129 270 854
181 298 454 400
181 298 276 295
181 62 253 226
181 142 332 181
181 11 432 1
181 175 41 817
181 60 196 322
181 269 294 979
181 136 468 567
181 99 251 721
181 142 7 463
181 191 500 205
181 3 324 833
181 296 1 801
181 35 383 22
181 21 206 372
181 62 82 424
181 244 99 633
181 283 355 1
181 84 149 423
181 16 184 562
181 124 348 1
181 15 442 209
181 260 342 729
181 36 1 872
181 25 19 836
181 97 481 252
181 91 159 914
181 83 500 544
181 133 147 894
181 29 1 492
181 213 500 194
181 11 361 53
181 152 478 633
181 10 403 277
181 142 157 827
181 154 133 290
181 36 3 825
181 10 169 900
181 85 390 30
181 197 1 714
181 133 173 869
181 286 368 512
181 75 187 284
181 295 58 779
181 71 182 931
181 65 230 277
181 297 312 599
181 268 175 789
181 46 254 475
181 238 259 1
181 107 350 1
181 29 462 365
181 230 29 354
181 178 421 635
181 241 105 1000
181 72 500 323
181 184 239 384
181 177 21 849
181 219 278 683
181 243 451 505
181 152 99 780
181 244 316 200
181 73 139 686
181 68 500 574
181 76 280 295
181 262 213 823
181 26 180 374
181 177 286 304
181 235 25 498
181 73 346 782
181 10 500 458
181 3 26 578
181 255 491 513
181 165 308 593
181 99 357 870
181 28 434 724
181 206 395 188
181 261 257 692
181 18 412 52
182 183 4 706
182 21 266 328
182 111 442 360
182 4 319 312
182 254 500 240
182 59 500 307
182 297 278 147
182 38 163 1000
182 22 500 263
182 141 274 1000
182 250 203 611
182 299 185 832
182 220 113 946
182 275 213 911
182 114 223 811
182 146 296 644
182 170 416 605
182 18 500 233
182 161 438 707
182 253 77 854
182 43 354 767
182 68 308 955
182 120 480 408
182 9 500 335
182 143 500 303
182 132 163 1000
182 99 318 292
182 83 478 439
182 10 374 1
182 202 158 1000
182 38 30 679
182 90 338 550
182 116 223 807
182 97 1 819
182 102 78 245
182 187 364 314
182 156 136 594
182 65 1 835
182 29 383 1
182 40 153 277
182 69 294 893
182 286 177 1000
182 140 125 1000
182 52 122 746
182 172 257 167
182 210 216 668
182 260 101 1000
182 27 168 504
182 4 323 1
182 212 358 1
182 247 101 643
182 98 194 737
182 186 236 674
182 118 82 881
182 18 322 293
182 111 367 409
182 188 212 955
182 13 211 56
182 15 41 1000
182 34 251 679
182 80 420 1
182 15 500 273
182 175 75 446
182 104 1 705
182 68 40 919
182 235 458 459
182 279 28 419
182 49 1 562
182 145 147 492
182 243 477 123
182 133 429 620
182 187 275 1000
182 33 489 354
182 284 332 1
182 133 438 636
182 282 325 782
182 157 500 235
182 74 163 1000
182 91 116 234
182 157 368 851
182 214 201 287
182 96 270 10
182 70 455 464
182 137 14 799
182 185 500 304
182 17 394 702
182 157 185 80
182 112 117 464
182 242 318 387
182 246 500 122
182 204 232 666
182 155 245 142
182 6 319 146
182 198 251 121
182 280 65 965
182 20 152 276
183 184 1 646
183 117 260 725
183 220 141 1000
183 264 500 358
183 181 322 531
183 80 272 928
183 215 186 100
183 91 392 811
183 201 53 936
183 76 306 256
183 141 302 146
183 45 284 87
183 70 87 619
183 262 359 292
183 10 1 686
183 251 434 686
183 225 405 523
183 74 1 750
183 227 500 324
183 266 158 465
183 285 179 494
183 118 22 790
183 182 149 1000
183 64 500 395
183 123 500 417
183 152 229 1000
183 204 111 520
183 146 1 667
183 98 194 1000
183 24 85 752
183 19 186 617
183 109 193 492
183 1 337 1
183 113 500 533
183 286 391 745
183 23 199 1000
183 3 52 580
183 39 278 264
183 100 337 283
183 284 26 693
183 126 1 682
183 265 90 1000
183 88 69 928
183 21 198 340
183 282 390 389
183 119 277 1000
183 204 300 1
183 110 294 365
183 294 1 531
183 21 453 341
183 297 117 512
183 121 82 875
183 91 87 1000
183 178 447 509
183 185 81 545
183 272 200 1000
183 89 1 552
183 270 254 401
183 293 168 916
183 198 114 972
183 135 270 191
183 81 269 693
183 18 23 472
183 42 467 274
183 230 267 136
183 10 259 549
183 32 148 345
183 33 147 181
183 257 270 521
183 97 1 723
183 261 374 199
183 190 253 1
183 194 126 1000
183 193 354 467
183 254 343 775
183 227 320 438
183 267 221 1000
183 177 1 661
183 135 500 202
183 146 171 738
183 69 117 598
183 245 238 484
183 174 500 419
184 185 10 563
184 181 308 127
184 34 284 43
184 166 1 662
184 288 218 707
184 28 80 1000
184 99 1 496
184 206 303 308
184 96 157 230
184 86 451 1
184 112 48 600
184 135 168 404
184 25 1 664
184 147 43 653
184 11 367 841
184 117 182 667
184 237 267 801
184 263 236 1000
184 40 175 1000
184 193 32 729
184 25 1 538
184 290 50 555
184 130 394 712
184 156 157 1000
184 68 176 64
184 43 328 79
184 63 304 571
184 253 143 809
184 141 344 1
184 261 282 873
184 238 422 210
184 33 56 1000
184 256 353 122
184 139 78 1000
184 209 167 415
184 170 478 16
184 165 173 508
184 147 133 520
184 84 296 969
184 97 144 681
184 213 500 479
184 63 483 84
184 113 98 1000
184 0 235 144
184 161 500 427
184 57 433 390
184 142 1 792
184 89 500 326
184 147 102 213
184 244 231 169
184 187 83 830
184 185 75 755
184 119 68 592
184 101 179 323
184 120 137 819
184 247 198 394
184 144 383 789
184 148 299 745
184 215 43 757
184 138 390 1
184 195 363 474
184 105 327 328
184 285 101 612
184 194 120 1000
184 176 382 778
184 199 178 138
184 46 117 818
184 157 462 182
184 155 236 548
184 142 484 197
184 105 351 668
184 164 114 1000
184 25 220 677
184 103 330 896
184 45 445 151
184 43 1 676
184 12 300 7
184 150 327 378
184 229 418 1
184 53 300 164
184 279 159 460
184 141 215 173
184 219 100 581
184 146 340 1
184 61 211 927
184 108 82 259
184 79 435 133
184 143 251 62
184 291 351 1
184 81 500 115
184 172 181 477
184 55 109 990
184 296 428 1
184 9 328 1
184 292 500 219
184 53 412 466
184 172 1 876
184 161 500 254
184 73 237 1000
184 231 200 396
184 29 446 233
184 53 262 242
184 19 108 675
184 265 423 187
184 150 382 681
184 23 353 332
185 186 10 176
185 271 1 751
185 142 348 1
185 130 392 624
185 163 50 816
185 202 66 1000
185 52 313 382
185 58 500 209
185 145 17 818
185 235 105 841
185 294 458 438
185 214 12 439
185 278 278 597
185 265 471 348
185 208 500 314
185 160 118 310
185 2 324 1
185 243 54 734
185 25 438 374
185 80 405 503
185 75 463 448
185 290 59 1000
185 248 455 155
185 193 126 839
185 145 1 650
185 161 500 81
185 118 408 346
185 275 371 68
185 243 355 702
185 207 103 967
185 220 3 798
185 37 175 638
185 182 392 185
185 294 165 1000
185 267 490 207
185 4 500 118
185 241 222 1
185 271 254 684
185 251 138 752
185 90 315 151
185 211 1 757
185 237 1 676
185 289 134 1000
185 144 127 365
185 233 4 558
185 223 339 40
185 10 1 716
185 193 1 521
185 85 398 731
185 181 477 206
185 102 31 994
185 79 149 918
185 257 500 274
185 258 124 926
185 242 102 442
185 3 336 541
185 214 500 211
185 19 336 489
185 271 500 413
185 177 420 692
185 55 452 1
185 260 257 1
185 183 116 934
185 86 386 258
185 172 486 29
185 76 147 654
185 30 270 68
185 273 1 890
185 77 477 51
185 156 111 487
185 249 500 150
185 8 103 654
185 116 406 687
185 191 500 472
185 140 421 104
185 199 37 343
185 290 86 929
185 295 381 243
185 191 5 1000
185 98 266 85
185 235 418 76
185 122 89 762
185 96 239 197
185 158 310 450
185 295 1 858
185 92 1 645
185 131 1 510
185 295 384 770
185 126 152 649
185 161 332 191
185 261 500 293
185 144 318 205
185 72 137 1000
185 136 267 160
185 218 221 28
185 255 1 693
185 271 349 160
186 187 7 646
186 102 387 443
186 142 500 425
186 231 62 1000
186 188 81 655
186 292 103 632
186 12 108 383
186 277 60 669
186 292 464 517
186 48 124 1000
186 64 1 850
186 86 301 867
186 276 445 333
186 26 1 894
186 78 188 442
186 161 1 547
186 221 433 310
186 259 365 859
186 92 170 1000
186 293 230 247
186 55 434 730
186 204 138 1000
186 230 1 833
186 241 408 604
186 177 404 67
186 96 52 532
186 115 264 1
186 187 330 31
186 103 124 1000
186 128 24 383
186 91 1 702
186 203 455 200
186 246 34 906
186 135 440 1
186 17 165 1000
186 284 416 186
186 10 1 534
186 253 69 767
186 143 243 148
186 87 284 1
186 219 362 467
186 4 107 519
186 210 407 78
186 167 392 788
186 275 22 484
186 184 98 459
186 292 380 609
186 129 301 415
186 118 81 692
186 190 288 405
186 7 368 554
186 126 457 1
186 13 387 1
186 33 110 277
186 192 188 988
186 75 462 402
186 55 212 184
186 244 344 35
186 82 1 574
186 43 233 521
186 289 135 1000
186 17 500 440
186 217 308 716
186 292 110 621
186 18 226 306
186 82 254 565
186 272 500 225
186 38 500 558
186 92 189 384
186 176 361 304
186 39 354 1
186 238 18 436
186 172 131 1000
186 140 152 1000
186 246 260 514
186 183 168 465
186 213 191 678
186 84 500 355
186 75 1 729
186 54 294 1
186 79 500 362
186 100 381 352
186 110 259 1000
186 42 302 1
186 202 1 856
186 54 433 469
186 177 326 819
186 275 123 386
186 132 484 105
186 284 389 771
186 293 94 1000
186 268 181 559
186 134 1 726
186 72 280 518
186 282 343 65
186 39 202 681
186 161 323 669
186 169 1 735
186 167 500 357
186 233 228 765
186 156 427 325
186 41 256 850
186 204 135 808
186 163 423 118
186 188 110 1000
186 42 370 583
186 263 171 716
186 89 1 802
186 292 34 470
186 75 1 746
186 0 500 204
186 29 54 413
186 89 140 384
186 57 1 710
186 25 150 111
186 169 127 227
186 286 290 895
186 117 245 365
187 188 4 375
187 292 179 829
187 143 341 567
187 70 25 493
187 0 483 68
187 216 500 293
187 176 180 93
187 250 334 1
187 103 366 497
187 264 500 502
187 136 500 437
187 242 328 1
187 63 217 440
187 24 214 626
187 127 28 809
187 222 1 651
187 91 1 792
187 197 108 466
187 171 30 950
187 189 483 518
187 278 500 403
187 105 272 367
187 42 476 81
187 87 20 823
187 56 263 397
187 4 6 844
187 87 207 732
187 299 327 281
187 103 317 866
187 62 483 219
187 91 401 707
187 103 444 153
187 191 366 559
187 108 435 639
187 183 331 381
187 257 1 844
187 121 13 457
187 158 235 918
187 135 162 97
187 277 170 776
187 87 222 195
187 6 185 58
187 271 246 1000
187 60 198 177
187 34 348 452
187 267 158 225
187 16 102 652
187 49 263 1000
187 206 60 1000
187 16 500 432
187 151 1 484
187 289 128 975
187 207 348 1
187 151 417 1
187 265 116 360
187 69 298 1
187 83 188 1000
187 47 431 47
187 226 1 797
187 296 165 454
187 268 389 1
187 136 443 39
187 67 489 163
187 134 228 1
187 105 1 514
187 59 478 136
187 61 115 497
187 281 1 638
187 299 377 1
187 104 305 1
187 175 247 278
187 79 413 524
187 166 1 658
187 123 341 358
187 241 453 132
187 28 1 678
187 265 255 364
187 2 390 368
187 276 140 852
187 59 473 140
187 123 500 71
187 50 29 776
187 277 405 1
187 38 346 863
187 296 500 431
187 175 1 891
187 244 328 280
187 200 474 469
187 260 447 332
187 104 1 702
187 41 334 683
187 169 500 193
187 98 1 781
187 201 361 157
187 122 196 667
187 138 352 1
187 23 92 283
187 269 383 653
187 19 445 323
187 167 72 907
187 255 267 1000
187 244 301 2
187 161 500 169
187 88 76 1000
188 189 10 887
188 105 23 454
188 146 279 791
188 67 28 513
188 65 111 329
188 222 174 784
188 148 111 1000
188 165 500 195
188 150 111 877
188 248 268 954
188 73 484 1
188 71 27 383
188 136 228 632
188 164 405 442
188 145 365 69
188 260 79 1000
188 193 76 1000
188 161 241 881
188 268 496 96
188 120 223 1
188 161 316 154
188 107 126 224
188 23 346 890
188 247 140 191
188 225 256 416
188 150 147 586
188 13 161 322
188 35 322 1
188 99 238 1000
188 107 261 851
188 235 1 515
188 74 238 532
188 256 1 645
188 39 382 1
188 130 109 806
188 147 1 469
188 252 120 754
188 6 440 27
188 25 123 1000
188 144 1 618
188 96 370 1
188 273 57 293
188 127 1 802
188 120 314 535
188 34 406 327
188 145 1 810
188 204 224 1000
188 235 31 849
188 129 134 818
188 115 115 818
188 187 39 1000
188 270 372 743
188 102 171 1000
188 270 1 594
188 57 334 414
188 31 139 556
188 287 63 1000
188 253 139 1000
188 299 138 377
188 205 500 279
188 109 176 359
188 15 160 464
188 167 126 864
188 250 1 568
188 99 500 410
188 242 1 823
188 11 395 1
188 187 242 821
188 76 302 425
188 24 500 433
188 225 153 826
188 194 189 836
188 95 172 236
188 155 195 90
188 272 152 1000
188 154 470 340
188 278 117 1000
188 87 124 590
188 241 370 158
188 57 323 1
188 215 125 653
188 279 180 423
188 55 1 569
188 41 170 691
188 233 61 976
188 263 48 724
188 110 253 971
188 162 110 1000
188 85 175 724
188 179 436 1
188 17 251 134
188 277 386 195
188 167 434 486
188 179 204 432
188 77 116 756
188 22 76 1000
188 266 152 444
188 29 334 553
189 190 16 662
189 84 187 415
189 138 344 78
189 87 380 465
189 233 285 1
189 101 1 653
189 119 500 346
189 225 1 714
189 33 1 822
189 210 224 1
189 48 317 1
189 110 174 840
189 119 111 1000
189 167 161 239
189 204 500 34
189 252 451 652
189 19 500 468
189 153 500 378
189 41 212 508
189 131 492 332
189 277 39 641
189 192 335 56
189 147 320 334
189 268 94 362
189 293 373 351
189 149 447 479
189 292 281 240
189 86 385 312
189 225 200 187
189 233 289 819
189 24 197 908
189 200 500 474
189 293 235 885
189 163 401 166
189 196 63 1000
189 45 133 551
189 227 500 352
189 31 365 617
189 165 216 936
189 29 81 1000
189 151 412 454
189 110 387 1
189 66 263 1000
189 188 406 1
189 41 45 735
189 86 1 620
189 191 292 139
189 108 356 444
189 96 157 127
189 174 279 626
189 264 300 119
189 258 178 276
189 123 316 191
189 51 224 313
189 181 1 679
189 134 307 1
189 152 493 267
189 47 87 807
189 39 119 616
189 275 113 1000
189 122 406 1
189 82 343 430
189 134 500 395
189 49 1 569
189 182 376 391
189 218 183 669
189 134 296 1
189 250 1 887
189 95 500 374
189 194 1 941
189 133 432 282
189 209 215 1000
189 213 485 382
189 3 434 581
189 169 362 75
189 101 1 618
189 298 369 667
189 170 1 742
189 203 375 79
189 118 137 972
189 220 241 299
189 190 488 115
189 5 1 898
189 238 500 359
189 269 300 529
189 61 255 973
189 38 457 76
189 124 179 1000
189 45 334 1
189 92 500 474
189 19 500 187
189 49 322 555
189 174 193 1000
189 111 395 1
189 282 500 137
189 169 86 427
189 157 453 609
189 54 410 257
190 191 15 870
190 157 133 1000
190 41 158 650
190 151 395 383
190 74 95 380
190 158 64 655
190 197 21 426
190 217 476 67
190 21 118 744
190 92 355 645
190 17 149 1000
190 245 344 472
190 170 1 553
190 267 284 929
190 279 391 699
190 277 423 733
190 269 314 474
190 155 500 162
190 253 82 588
190 158 460 19
190 138 247 689
190 234 1 586
190 142 386 310
190 197 297 790
190 150 500 70
190 162 359 1
190 22 469 211
190 45 442 140
190 20 226 491
190 11 121 789
190 272 407 156
190 255 323 133
190 242 238 1000
190 265 16 846
190 12 366 191
190 290 284 710
190 137 86 854
190 296 500 302
190 40 396 486
190 94 64 331
190 218 87 680
190 106 298 474
190 192 217 334
190 178 419 288
190 101 302 74
190 265 251 496
190 294 500 405
190 51 323 1
190 288 342 25
190 49 1 647
190 53 189 1000
190 141 465 641
190 47 1 624
190 68 260 826
190 129 393 134
190 265 276 128
190 289 315 26
190 72 299 132
190 272 26 942
190 134 75 654
190 196 41 473
190 171 269 988
190 7 380 211
190 288 396 210
190 259 194 648
190 71 431 685
190 274 328 1
190 250 436 460
190 79 320 1
190 52 1 677
190 12 170 582
190 186 500 314
190 106 362 96
190 76 358 244
190 276 380 1
190 50 244 445
190 220 381 1
190 155 239 116
190 285 268 58
190 235 319 579
190 64 475 620
190 176 109 1000
190 201 500 425
190 152 215 1000
190 285 125 258
190 69 382 565
190 104 335 258
190 133 361 268
190 211 33 851
190 185 45 1000
190 217 98 478
190 43 1 807
190 82 374 635
191 192 7 771
191 235 146 396
191 85 251 37
191 249 424 217
191 213 19 585
191 203 302 184
191 187 500 219
191 244 216 1000
191 190 500 441
191 220 140 1000
191 67 241 458
191 192 398 261
191 198 136 731
191 204 141 738
191 123 444 218
191 196 369 1
191 12 227 779
191 79 1 796
191 26 69 947
191 32 120 801
191 130 500 389
191 110 379 20
191 288 351 1
191 134 336 160
191 141 1 494
191 112 53 902
191 236 163 1000
191 50 130 166
191 274 64 1000
191 146 388 118
191 82 411 427
191 77 399 96
191 25 169 1000
191 149 1 532
191 17 401 1
191 241 417 428
191 73 430 246
191 38 181 845
191 293 200 750
191 195 411 1
191 283 144 1000
191 64 18 624
191 201 9 560
191 78 132 400
191 281 365 422
191 29 347 272
191 4 151 875
191 97 337 201
191 41 500 482
191 52 500 143
191 199 457 69
191 207 500 343
191 90 1 457
191 112 500 377
191 121 454 485
191 247 449 402
191 89 500 411
191 180 278 1000
191 180 417 461
191 185 60 1000
191 12 107 520
191 217 289 209
191 264 383 612
191 210 329 1
191 8 239 921
191 174 500 384
191 152 75 913
191 232 269 299
191 60 265 430
191 121 428 693
191 25 169 1000
191 189 53 1000
191 140 9 646
191 66 243 502
191 279 272 84
191 285 317 746
191 194 158 1000
191 117 489 81
191 69 388 1
191 76 328 213
191 135 281 215
191 69 480 614
191 142 394 193
191 70 72 449
191 156 500 315
191 116 184 737
191 254 336 770
191 168 162 1000
191 106 464 621
191 21 87 1000
191 12 500 352
191 71 310 1
191 111 322 619
191 215 225 381
191 68 316 571
191 261 470 460
191 152 317 625
191 52 157 132
191 109 432 481
191 144 500 153
191 45 481 385
191 177 398 129
191 200 372 1
192 193 14 39
192 253 251 865
192 222 352 289
192 105 147 615
192 62 370 176
192 126 311 763
192 176 224 862
192 287 112 907
192 267 211 834
192 140 319 336
192 51 101 1000
192 7 284 1
192 153 253 391
192 35 335 295
192 287 500 233
192 292 500 438
192 76 1 515
192 252 59 576
192 142 128 212
192 243 58 699
192 193 1 714
192 119 137 1000
192 118 368 816
192 217 36 370
192 87 219 1000
192 75 496 142
192 37 32 670
192 45 452 374
192 96 226 493
192 178 266 1000
192 167 248 197
192 68 136 1000
192 266 1 719
192 177 244 162
192 5 211 580
192 250 87 1000
192 250 330 224
192 174 290 144
192 85 310 719
192 106 439 615
192 102 230 397
192 274 333 782
192 219 38 871
192 261 198 845
192 243 28 908
192 126 379 201
192 55 286 625
192 206 331 817
192 100 372 789
192 92 67 570
192 263 318 327
192 124 462 660
192 23 37 597
192 146 227 1000
192 47 188 242
192 0 223 264
192 186 206 602
192 28 10 813
192 147 368 264
192 78 136 1000
192 216 201 609
192 283 83 751
192 138 349 1
192 288 417 209
192 61 304 1
192 157 189 88
192 48 358 126
192 261 382 1
192 14 297 433
192 9 189 570
192 194 212 893
192 166 208 422
192 244 204 399
192 198 253 989
192 174 105 647
192 10 370 658
192 8 242 616
192 229 423 751
192 225 424 1
192 113 365 553
192 98 285 672
192 200 1 624
192 62 314 587
192 109 98 835
192 152 1 809
192 49 227 235
192 249 152 1000
192 283 500 472
192 102 416 421
192 80 196 210
192 292 203 385
192 246 136 848
192 244 329 22
192 209 500 104
192 272 222 1
192 120 48 322
192 229 500 422
192 269 1 776
192 110 500 206
192 291 1 535
192 193 291 1
192 170 262 51
192 89 413 566
192 202 473 544
192 272 38 721
192 212 300 101
192 164 82 718
193 194 4 388
193 262 289 809
193 159 206 333
193 166 154 914
193 256 1 731
193 74 166 699
193 249 221 67
193 118 364 568
193 252 409 1
193 55 160 1000
193 106 314 434
193 132 409 1
193 291 272 659
193 244 185 543
193 10 89 743
193 85 140 448
193 77 302 1
193 180 144 937
193 187 10 879
193 119 441 406
193 298 219 1000
193 113 65 568
193 125 295 1
193 129 410 129
193 251 192 38
193 253 221 546
193 37 163 165
193 50 480 637
193 89 397 802
193 171 310 406
193 226 1 917
193 9 500 524
193 255 297 887
193 243 38 751
193 105 69 959
193 208 78 580
193 87 388 311
193 128 384 197
193 162 81 543
193 297 110 707
193 192 1 713
193 70 1 709
193 152 425 323
193 115 156 1000
193 77 500 446
193 11 163 121
193 34 359 459
193 150 313 488
193 103 1 647
193 212 138 695
193 80 255 732
193 14 295 802
193 180 1 573
193 73 470 461
193 215 308 221
193 285 500 561
193 170 354 819
193 76 298 955
193 131 247 780
193 175 90 499
193 75 45 863
193 4 176 208
193 236 287 371
193 1 210 795
193 245 400 1
193 160 356 1
193 277 149 806
193 10 119 560
193 188 1 583
193 175 211 222
193 278 1 562
193 240 435 89
193 45 293 446
193 82 243 907
193 202 485 243
193 21 15 1000
193 236 121 889
193 200 1 927
193 123 423 23
193 126 166 946
193 140 19 796
193 276 435 587
193 269 500 210
193 165 5 1000
193 45 304 739
193 47 500 376
193 1 239 909
193 50 303 135
193 208 377 87
193 176 214 703
193 15 254 1
193 1 227 593
194 195 5 970
194 102 116 623
194 63 409 1
194 250 250 367
194 148 325 11
194 10 298 595
194 56 387 1
194 6 500 183
194 67 275 230
194 164 158 620
194 217 128 1000
194 242 117 747
194 211 317 793
194 283 467 437
194 135 37 562
194 41 248 489
194 298 328 1
194 34 273 864
194 174 3 481
194 236 352 776
194 138 500 154
194 53 500 301
194 258 409 55
194 28 500 371
194 52 307 773
194 187 120 656
194 102 389 461
194 298 403 119
194 235 1 741
194 225 221 108
194 74 56 371
194 168 381 242
194 138 1 902
194 25 58 999
194 42 500 185
194 225 1 869
194 240 1 628
194 166 401 320
194 79 164 1000
194 265 231 262
194 105 139 305
194 80 91 362
194 80 334 22
194 261 278 1000
194 155 281 1
194 147 394 782
194 176 438 611
194 105 500 155
194 172 1 749
194 78 312 1
194 165 53 588
194 30 242 335
194 45 47 315
194 26 253 773
194 290 288 443
194 148 353 201
194 108 500 199
194 87 60 869
194 64 140 920
194 290 128 723
194 113 445 644
194 24 123 544
194 157 193 283
194 247 331 524
194 73 239 1000
194 166 400 54
194 6 323 8
194 228 201 30
194 109 1 672
194 156 273 743
194 81 123 180
194 43 128 774
194 32 123 1000
194 104 222 1000
194 240 388 732
194 185 59 1000
194 111 49 561
194 40 97 490
194 169 500 427
194 71 254 979
194 143 31 536
194 218 412 1
194 133 189 105
194 262 263 54
194 53 441 631
194 138 54 563
194 152 419 334
194 45 500 149
194 131 1 641
194 20 255 635
194 228 140 430
194 199 41 334
194 241 364 1
194 32 195 68
194 42 340 1
194 72 182 538
195 196 6 765
195 197 47 734
195 53 61 514
195 280 138 1000
195 49 354 218
195 131 343 76
195 255 28 840
195 205 500 328
195 105 71 502
195 102 318 649
195 23 220 225
195 218 107 313
195 78 92 795
195 243 500 330
195 213 500 278
195 205 377 1
195 212 350 871
195 56 1 568
195 71 1 896
195 45 492 59
195 37 195 948
195 278 300 745
195 259 277 534
195 76 393 1
195 181 370 80
195 69 397 1
195 116 359 256
195 23 374 193
195 158 1 696
195 108 464 418
195 219 234 639
195 101 249 777
195 219 339 555
195 233 434 287
195 149 283 193
195 277 426 1
195 288 165 924
195 29 500 312
195 276 229 890
195 242 489 541
195 267 213 27
195 11 13 947
195 182 54 859
195 85 414 166
195 252 52 1000
195 30 360 673
195 94 341 624
195 39 1 671
195 30 500 295
195 279 358 810
195 50 500 379
195 150 316 174
195 21 474 1
195 218 75 895
195 36 430 323
195 75 78 976
195 157 318 855
195 21 91 739
195 262 500 79
195 90 366 851
195 169 1 641
195 19 379 7
195 3 210 542
195 107 196 850
195 228 150 760
195 91 147 1000
195 15 470 350
195 3 258 1
195 216 261 700
195 6 266 125
195 46 474 531
195 215 341 461
195 48 269 378
195 197 158 954
195 176 405 771
195 256 52 1000
195 179 275 317
195 7 135 1000
195 265 121 507
195 76 147 432
195 289 355 40
195 213 408 445
195 190 500 232
196 197 16 474
196 78 500 456
196 160 283 463
196 124 106 276
196 260 252 787
196 299 21 1000
196 205 96 1000
196 126 1 699
196 277 269 120
196 8 160 426
196 20 466 485
196 239 471 212
196 166 357 4
196 151 67 383
196 65 8 776
196 122 155 1000
196 274 271 325
196 68 474 27
196 39 354 141
196 187 26 794
196 290 89 774
196 186 419 693
196 141 148 196
196 0 424 143
196 24 410 638
196 203 322 870
196 261 414 486
196 209 500 87
196 125 29 756
196 236 110 604
196 194 366 13
196 200 376 1
196 4 257 954
196 177 1 852
196 90 337 62
196 113 500 263
196 79 414 676
196 74 352 337
196 54 161 550
196 194 254 129
196 244 192 708
196 108 1 712
196 80 236 135
196 18 164 324
196 122 263 589
196 100 72 1000
196 205 83 690
196 231 500 427
196 130 378 638
196 31 500 194
196 264 407 97
196 6 134 452
196 195 500 511
196 20 194 349
196 210 410 156
196 282 121 1000
196 151 500 176
196 74 163 157
196 96 450 206
196 246 156 374
196 135 500 303
196 8 375 1
196 299 1 712
196 255 208 130
196 234 48 903
196 183 197 1000
196 135 500 259
196 243 87 985
196 267 273 925
196 125 84 1000
196 64 239 79
196 16 459 557
196 153 288 1
196 208 222 780
196 262 268 91
196 77 1 803
196 133 374 190
196 32 1 693
196 280 175 717
196 27 195 761
196 96 278 208
196 247 500 177
196 96 395 371
196 118 500 196
196 185 441 638
196 278 222 437
196 179 117 935
196 155 227 51
196 178 1 634
196 138 301 551
196 95 10 616
196 13 249 425
196 173 1 673
196 192 326 174
196 61 90 924
196 249 40 763
197 198 7 657
197 216 191 541
197 88 117 757
197 249 440 1
197 41 110 1000
197 104 187 1000
197 274 337 242
197 28 79 645
197 179 163 794
197 102 329 579
197 290 473 57
197 242 447 62
197 104 500 170
197 87 330 621
197 40 232 181
197 249 435 678
197 56 58 474
197 236 134 1000
197 9 432 137
197 270 300 147
197 143 226 665
197 154 500 411
197 68 276 277
197 264 271 513
197 129 180 1000
197 46 98 1000
197 282 224 623
197 104 182 619
197 182 1 535
197 205 342 1
197 62 177 581
197 248 131 1000
197 241 200 305
197 77 406 308
197 246 188 153
197 181 59 447
197 152 132 679
197 47 336 22
197 189 1 653
197 263 51 431
197 130 328 1
197 77 500 460
197 124 500 238
197 124 335 219
197 156 458 283
197 34 46 591
197 174 119 1000
197 217 206 561
197 166 92 886
197 268 378 228
197 11 395 702
197 238 228 907
197 81 424 544
197 147 471 380
197 58 366 773
197 229 318 313
197 46 149 560
197 7 2 789
197 72 1 760
197 124 339 450
197 85 358 76
197 213 500 232
197 106 189 994
197 185 39 648
197 149 251 423
197 49 52 964
197 65 424 136
197 209 289 942
197 244 330 539
197 1 418 29
197 150 1 825
197 184 1 946
197 134 276 404
197 221 447 232
197 211 338 512
197 296 130 150
197 71 33 979
197 93 359 67
197 68 310 864
197 63 43 659
197 217 1 813
197 32 109 1000
197 132 85 472
197 38 1 809
197 124 336 438
197 169 117 307
197 280 429 636
197 257 344 342
197 183 418 258
197 68 500 246
197 1 1 770
197 111 384 69
197 64 483 233
197 83 51 651
197 75 345 829
197 144 237 640
197 239 49 579
197 157 321 38
197 114 191 751
197 35 366 841
197 48 145 973
197 167 400 1
197 292 77 618
197 247 353 1
197 115 500 173
197 179 200 128
197 79 287 413
197 71 1 956
197 278 1 724
197 5 485 615
197 192 111 884
198 199 12 507
198 178 1 649
198 279 406 593
198 43 389 37
198 43 146 184
198 161 62 574
198 264 184 523
198 277 321 121
198 133 389 809
198 118 293 1
198 220 291 826
198 92 172 1000
198 49 1 720
198 202 64 555
198 178 310 360
198 114 100 697
198 58 41 569
198 196 23 640
198 79 280 924
198 108 423 475
198 29 341 710
198 253 375 33
198 285 161 1000
198 191 250 447
198 252 56 598
198 204 1 708
198 253 224 1000
198 252 177 1000
198 199 219 824
198 169 240 289
198 202 257 113
198 206 353 418
198 28 16 650
198 139 281 604
198 237 74 279
198 140 1 687
198 58 442 649
198 263 240 157
198 28 180 985
198 210 101 1000
198 174 500 64
198 211 224 1
198 62 283 767
198 275 473 236
198 156 120 288
198 46 262 1
198 54 1 839
198 53 191 206
198 99 92 937
198 127 143 979
198 6 500 268
198 140 260 288
198 53 157 1000
198 89 286 509
198 262 15 574
198 250 315 791
198 265 42 627
198 29 352 590
198 181 271 952
198 93 198 396
198 26 71 618
198 224 1 763
198 172 435 499
198 84 129 945
198 155 301 721
198 184 173 73
198 136 320 890
198 41 99 283
198 267 173 585
198 114 68 972
198 137 123 631
198 22 274 35
198 178 350 235
198 122 249 596
198 205 379 116
198 135 212 109
198 72 219 923
198 176 1 703
198 24 149 1000
198 111 38 336
198 161 80 722
198 63 240 905
198 8 449 1
198 138 320 837
198 160 364 50
198 215 257 1
198 149 382 646
198 280 1 452
198 149 218 885
198 62 184 285
198 37 407 671
199 200 10 610
199 18 1 719
199 113 221 865
199 230 304 560
199 238 380 1
199 272 238 900
199 159 500 215
199 55 332 1
199 234 412 16
199 4 1 724
199 203 1 757
199 156 1 594
199 152 500 65
199 63 393 540
199 13 189 1000
199 124 117 1000
199 44 187 269
199 60 424 280
199 160 270 587
199 222 84 1000
199 183 249 691
199 43 417 766
199 86 210 392
199 145 499 210
199 144 175 713
199 205 325 847
199 41 500 344
199 124 500 277
199 109 117 1000
199 181 500 369
199 283 500 104
199 73 371 769
199 57 318 341
199 8 128 505
199 5 291 511
199 31 153 511
199 120 88 706
199 233 151 325
199 254 124 677
199 129 15 397
199 228 1 581
199 251 500 274
199 171 500 300
199 68 1 800
199 40 1 699
199 20 436 37
199 150 283 484
199 258 500 235
199 251 144 497
199 165 222 1000
199 272 128 381
199 109 368 300
199 76 104 304
199 259 36 407
199 99 237 880
199 263 310 129
199 5 115 797
199 36 71 674
199 47 413 161
199 129 418 445
199 110 215 761
199 53 279 1000
199 172 135 858
199 236 42 380
199 68 1 802
199 111 186 276
199 46 278 127
199 243 401 34
199 10 497 157
199 246 187 275
199 15 140 931
199 46 396 123
199 122 473 600
199 68 491 372
199 151 75 293
199 35 387 323
199 280 73 709
199 57 239 998
199 122 339 1
199 22 440 408
199 253 500 403
199 62 223 1000
199 174 441 542
199 161 308 788
199 30 436 356
199 218 287 615
199 2 55 639
199 55 29 822
199 3 140 616
199 195 168 837
200 201 3 508
200 174 143 1000
200 285 363 367
200 115 305 1
200 19 321 1
200 255 23 756
200 173 220 533
200 260 64 660
200 123 145 1000
200 118 154 1000
200 206 110 191
200 22 1 595
200 131 146 183
200 278 500 249
200 98 146 1000
200 65 316 685
200 278 435 75
200 33 500 225
200 259 356 1
200 149 388 587
200 284 222 129
200 104 375 431
200 134 357 1
200 228 360 670
200 130 244 896
200 51 442 644
200 219 500 19
200 40 147 890
200 283 204 125
200 259 200 718
200 259 500 155
200 135 283 602
200 81 147 1000
200 173 1 729
200 202 143 601
200 136 123 1000
200 247 279 362
200 239 311 767
200 295 193 883
200 77 353 1
200 218 53 677
200 48 283 797
200 107 398 384
200 147 112 350
200 123 392 385
200 292 427 315
200 128 500 225
200 187 370 512
200 185 248 409
200 217 325 1
200 256 477 624
200 74 413 1
200 245 137 778
200 148 412 1
200 67 24 473
200 251 1 747
200 286 380 107
200 24 394 777
200 296 264 154
200 77 21 446
200 111 462 85
200 237 20 950
200 55 463 324
200 9 391 339
200 237 200 71
200 56 298 170
200 239 488 243
200 171 300 93
200 49 1 644
200 238 489 445
200 182 35 953
200 13 255 706
200 184 205 313
200 228 500 194
200 57 288 1
200 295 157 276
200 179 371 583
200 216 208 382
200 147 400 325
200 171 352 579
200 31 1 669
201 202 16 44
201 228 209 695
201 151 183 892
201 184 81 389
201 234 443 203
201 65 474 454
201 115 379 1
201 125 90 598
201 58 472 126
201 248 250 1000
201 105 54 954
201 126 481 26
201 268 146 492
201 145 1 837
201 43 202 685
201 85 57 363
201 10 321 356
201 29 137 640
201 142 284 600
201 285 500 385
201 289 398 1
201 29 415 615
201 24 134 630
201 18 252 568
201 52 73 1000
201 271 457 556
201 136 46 381
201 226 189 930
201 232 223 853
201 260 55 913
201 181 368 1
201 165 495 37
201 181 82 513
201 103 229 52
201 64 159 699
201 205 87 783
201 232 268 771
201 233 500 390
201 59 1 483
201 5 213 800
201 223 500 316
201 199 49 679
201 269 94 264
201 270 392 1
201 209 461 188
201 54 168 152
201 225 69 600
201 203 48 313
201 15 206 586
201 261 190 1000
201 295 267 484
201 271 38 330
201 146 247 59
201 150 500 312
201 265 36 556
201 183 95 894
201 245 375 28
201 63 282 820
201 289 173 940
201 246 411 293
201 259 13 739
201 281 199 758
201 200 382 38
201 82 361 1
201 188 98 889
201 74 31 598
201 188 14 409
201 194 8 760
201 39 273 1
201 145 312 356
201 140 182 1000
201 220 200 469
201 210 227 998
201 166 39 425
201 283 465 1
201 73 400 197
201 18 91 393
201 25 1 895
201 143 112 1000
201 42 457 532
201 174 41 870
201 287 116 1000
201 217 350 1
201 6 350 159
201 43 213 1000
201 178 1 663
201 259 32 921
201 120 332 787
201 55 213 505
201 218 206 85
201 213 171 575
201 190 153 151
201 182 79 318
201 2 95 528
201 259 482 182
201 30 267 219
201 145 359 406
201 37 341 398
201 171 378 664
202 203 7 812
202 30 97 578
202 101 101 873
202 111 90 995
202 127 298 1
202 39 314 783
202 64 74 842
202 184 500 186
202 79 301 20
202 157 415 1
202 101 1 664
202 297 160 1000
202 127 500 426
202 194 64 919
202 192 233 133
202 280 1 549
202 219 159 1000
202 4 373 362
202 262 173 832
202 292 156 828
202 113 339 561
202 266 330 393
202 293 356 1
202 181 278 139
202 187 211 480
202 278 48 418
202 47 1 866
202 74 277 600
202 45 221 213
202 289 1 484
202 206 43 671
202 14 73 308
202 258 272 65
202 297 500 362
202 273 377 758
202 231 311 694
202 48 20 389
202 27 395 769
202 192 308 869
202 176 283 875
202 297 298 628
202 264 83 521
202 23 357 1
202 57 67 1000
202 145 123 440
202 32 230 594
202 77 500 362
202 28 58 702
202 227 330 927
202 270 326 529
202 222 63 1000
202 282 132 1000
202 62 264 847
202 152 115 1000
202 175 288 362
202 226 86 870
202 33 6 914
202 276 9 877
202 222 1 688
202 281 1 686
202 213 117 772
202 287 500 324
202 49 261 372
202 127 129 482
202 34 225 218
202 72 1 979
202 71 336 33
202 114 449 588
202 242 175 1000
202 0 215 383
202 129 7 755
202 68 156 1000
202 169 269 589
202 38 500 329
202 167 52 395
202 236 170 116
202 119 172 927
202 250 216 1000
202 145 289 657
202 54 79 674
202 280 262 879
202 101 285 211
202 153 141 481
202 229 174 1000
202 169 500 490
202 64 389 389
202 148 251 1000
202 242 287 1
202 125 500 488
202 14 70 436
202 274 277 419
202 63 413 341
202 259 1 688
202 94 500 324
202 147 500 309
202 108 138 282
202 208 463 94
202 167 156 400
202 171 1 530
202 213 404 414
202 250 49 933
202 264 9 676
202 39 1 576
202 164 425 315
202 133 29 360
202 140 482 291
202 269 498 417
202 103 141 864
203 204 14 663
203 291 1 498
203 137 1 840
203 116 425 450
203 144 191 254
203 132 479 452
203 158 113 191
203 32 58 896
203 49 500 239
203 292 166 1000
203 71 169 879
203 158 326 1
203 158 1 575
203 48 476 360
203 284 370 148
203 149 298 737
203 95 36 973
203 201 269 233
203 197 500 407
203 163 70 391
203 164 448 509
203 63 410 657
203 215 500 472
203 140 279 233
203 108 500 209
203 242 392 173
203 75 135 600
203 18 1 782
203 16 185 284
203 92 194 360
203 104 209 36
203 169 1 732
203 138 445 186
203 12 327 848
203 131 480 622
203 200 121 303
203 197 471 211
203 36 188 788
203 52 309 155
203 275 465 403
203 152 404 1
203 236 326 1
203 222 263 348
203 192 158 1000
203 128 194 1000
203 101 344 1
203 127 343 1
203 3 148 276
203 183 324 923
203 221 284 799
203 195 235 838
203 180 424 528
203 20 311 1
203 50 326 326
203 263 354 534
203 197 1 710
203 8 9 463
203 267 269 263
203 75 83 505
203 20 268 692
203 157 500 273
203 210 306 752
203 292 136 654
203 58 411 1
203 135 63 293
203 216 389 178
203 214 481 407
203 115 11 906
203 265 264 120
203 291 105 312
203 253 500 278
203 220 306 965
203 277 145 313
203 149 162 1000
203 51 135 1000
203 291 201 341
203 78 356 224
203 234 92 392
203 89 459 1
203 246 1 728
203 135 500 448
203 77 476 133
203 220 477 533
203 109 215 273
203 292 255 611
203 118 500 284
203 60 499 274
203 222 1 780
203 116 171 1000
203 26 489 124
203 24 38 1000
203 100 300 1
203 32 53 1000
203 55 243 679
203 197 270 600
203 247 1 798
204 205 2 893
204 142 111 1000
204 50 426 105
204 45 193 929
204 196 127 989
204 21 121 439
204 126 393 304
204 148 292 42
204 265 346 1
204 248 180 677
204 223 277 787
204 12 375 648
204 183 141 1000
204 273 404 733
204 235 113 830
204 271 229 1000
204 86 207 156
204 254 165 672
204 256 500 480
204 221 260 818
204 108 306 1
204 75 276 1000
204 239 417 649
204 32 297 37
204 237 281 23
204 176 99 1000
204 63 41 479
204 252 498 464
204 288 280 330
204 254 500 207
204 250 212 173
204 35 51 878
204 289 63 545
204 164 89 654
204 21 52 523
204 222 443 581
204 78 124 1000
204 54 416 528
204 239 500 188
204 250 446 148
204 32 150 1000
204 277 500 368
204 180 500 216
204 235 150 467
204 286 116 1000
204 159 440 1
204 56 115 571
204 56 377 615
204 255 500 284
204 226 500 179
204 284 372 1
204 112 278 332
204 27 250 330
204 94 327 944
204 297 223 1000
204 164 247 620
204 121 434 570
204 115 442 325
204 192 268 711
204 267 370 494
204 275 269 1
204 163 497 28
204 24 58 966
204 23 426 618
204 164 245 472
204 125 200 749
204 271 250 760
204 10 111 679
204 79 500 416
204 194 39 522
204 54 136 630
204 35 173 70
204 97 355 294
204 212 483 59
204 232 336 544
204 116 1 757
204 180 195 869
204 241 81 492
204 74 313 878
204 112 221 965
204 115 500 161
204 19 19 760
204 104 419 219
204 137 481 581
204 219 500 119
204 110 274 959
204 48 338 753
204 227 29 538
204 220 373 236
204 106 307 187
204 73 436 1
204 188 145 761
204 251 365 298
204 244 500 467
204 21 495 465
204 214 66 885
204 46 192 987
204 5 250 834
204 22 87 355
204 298 500 280
204 195 336 1
204 30 306 1
204 123 374 97
204 199 296 858
204 238 416 1
204 277 406 11
204 258 257 1
204 292 129 354
205 206 11 722
205 280 411 721
205 98 1 938
205 142 116 347
205 26 169 509
205 256 242 179
205 5 248 155
205 145 264 399
205 8 1 843
205 106 491 1
205 42 103 885
205 4 434 421
205 152 389 230
205 105 438 1
205 195 372 347
205 254 172 1000
205 61 221 1
205 130 366 498
205 153 428 254
205 91 1 663
205 28 228 1000
205 229 500 186
205 26 132 320
205 19 80 963
205 178 143 823
205 59 128 627
205 111 487 160
205 192 500 329
205 245 339 542
205 59 300 688
205 64 141 1000
205 83 54 1000
205 101 46 907
205 155 334 59
205 32 152 1000
205 209 98 357
205 146 223 144
205 109 253 1
205 108 150 424
205 32 268 498
205 174 18 816
205 185 230 813
205 232 1 774
205 16 375 72
205 75 115 187
205 139 372 166
205 200 258 198
205 52 326 812
205 285 306 788
205 253 329 428
205 124 335 1
205 84 103 341
205 110 466 602
205 197 459 70
205 10 500 169
205 20 394 184
205 39 116 933
205 288 1 761
205 200 490 24
205 6 202 820
205 6 261 1
205 174 48 441
205 178 223 1000
205 237 285 1
205 14 426 1
205 109 224 589
205 140 329 1
205 117 302 1
205 243 201 196
205 93 1 648
205 193 232 651
205 46 374 79
205 147 230 536
205 18 98 634
205 181 71 1000
205 66 498 47
205 13 480 568
205 234 98 464
205 92 398 1
205 55 212 1000
205 25 266 892
205 260 500 129
205 166 141 788
205 239 198 825
205 121 269 364
205 34 344 381
205 264 500 459
205 84 52 1000
205 221 144 339
205 272 200 1000
205 93 23 520
206 207 5 160
206 294 20 363
206 144 174 560
206 233 478 406
206 245 260 802
206 53 233 133
206 179 322 37
206 44 397 770
206 9 49 318
206 91 174 377
206 160 367 750
206 64 224 629
206 231 500 214
206 263 500 224
206 270 427 456
206 197 338 149
206 219 451 34
206 258 500 158
206 41 326 1
206 169 285 121
206 287 1 645
206 108 36 737
206 201 272 253
206 262 1 697
206 110 290 463
206 199 408 88
206 232 460 1
206 62 2 470
206 181 476 1
206 196 389 690
206 263 186 1000
206 52 143 165
206 240 500 214
206 169 396 266
206 39 169 1000
206 284 70 932
206 170 81 625
206 292 125 868
206 156 325 920
206 224 232 815
206 239 292 504
206 275 381 704
206 121 78 1000
206 273 60 520
206 214 137 978
206 218 35 1000
206 130 44 856
206 195 205 421
206 101 500 447
206 12 39 591
206 232 375 495
206 13 196 560
206 16 500 435
206 263 434 421
206 232 500 54
206 267 430 171
206 66 378 1
206 280 88 477
206 296 160 1000
206 238 338 701
206 247 118 906
206 110 411 748
206 76 325 398
206 18 17 559
206 167 75 371
206 103 133 939
206 237 1 850
206 291 396 516
206 180 289 313
206 225 393 457
206 263 209 866
206 113 500 141
206 216 500 462
206 33 1 846
206 244 1 666
206 100 355 394
206 96 351 788
206 209 297 209
206 135 308 536
206 92 242 450
206 172 429 358
206 104 32 975
206 45 183 907
206 237 1 806
206 8 202 97
206 29 1 641
206 152 298 278
206 160 259 1
206 246 1 649
206 71 209 674
206 52 135 1000
206 281 265 548
206 258 337 741
206 6 198 82
206 240 293 1
206 67 39 949
207 208 15 903
207 137 44 678
207 246 494 133
207 228 251 1
207 158 11 982
207 109 185 197
207 255 1 784
207 18 89 1000
207 18 236 723
207 51 189 788
207 141 171 1000
207 75 1 540
207 223 1 522
207 79 281 130
207 244 500 220
207 164 60 427
207 2 263 811
207 184 300 225
207 2 291 155
207 199 84 1000
207 48 495 260
207 293 162 514
207 166 417 538
207 116 53 735
207 270 418 150
207 17 77 466
207 162 44 802
207 104 467 47
207 234 358 46
207 250 12 733
207 287 97 903
207 257 209 454
207 279 171 98
207 194 354 52
207 13 229 794
207 154 143 932
207 290 242 901
207 191 299 660
207 278 268 43
207 182 368 595
207 43 376 1
207 181 229 426
207 146 391 172
207 252 390 472
207 20 82 748
207 256 130 263
207 45 432 478
207 211 179 322
207 3 65 937
207 22 255 928
207 159 408 308
207 161 170 752
207 191 1 739
207 26 500 291
207 156 203 770
207 122 118 953
207 102 314 242
207 91 305 1
207 108 294 595
207 37 500 351
207 11 395 291
207 1 78 1000
207 42 445 327
207 37 1 699
207 222 244 251
207 135 169 300
207 238 500 293
207 73 220 427
207 199 13 952
207 53 63 293
207 98 293 985
207 200 188 359
207 129 84 1000
207 118 109 698
207 209 63 552
207 136 12 886
207 129 161 291
207 170 278 226
207 96 500 349
207 218 1 710
207 60 285 492
207 241 334 45
207 83 389 337
207 161 283 857
207 120 500 227
207 107 434 622
207 44 187 457
207 15 500 147
207 94 500 385
207 175 323 672
207 150 241 904
207 77 412 766
207 246 142 717
207 5 117 233
207 196 199 292
207 146 315 1
207 24 353 1
207 279 352 1
208 209 12 829
208 154 348 520
208 89 256 1
208 177 168 654
208 89 96 780
208 231 233 13
208 177 1 640
208 136 63 687
208 134 461 117
208 159 423 622
208 76 131 202
208 184 1 786
208 203 500 99
208 268 192 310
208 248 201 735
208 56 417 660
208 35 1 653
208 137 200 316
208 257 6 506
208 149 199 115
208 53 495 498
208 215 57 801
208 168 315 63
208 210 98 838
208 134 500 253
208 120 31 869
208 76 500 300
208 17 386 219
208 189 317 539
208 201 416 1
208 135 1 960
208 224 318 726
208 64 386 487
208 100 27 1000
208 186 316 637
208 244 374 1
208 236 361 140
208 39 184 113
208 195 485 602
208 190 20 681
208 20 118 339
208 85 500 427
208 283 493 74
208 261 98 649
208 157 249 1000
208 291 442 1
208 118 344 729
208 58 155 984
208 186 500 534
208 156 500 37
208 81 146 654
208 112 257 1000
208 298 359 433
208 70 239 1000
208 245 355 312
208 100 61 715
208 259 451 1
208 266 480 214
208 279 1 680
208 58 289 1
208 219 291 337
208 234 1 869
208 197 180 307
208 61 142 1000
208 195 49 671
208 89 1 702
208 62 285 697
208 122 59 690
208 186 345 366
208 261 345 1
208 91 403 603
208 95 450 102
208 166 203 542
208 86 151 978
208 89 482 77
208 243 274 578
208 110 322 131
208 247 500 586
208 176 500 371
208 176 181 361
208 191 1 650
208 201 1 619
208 165 341 36
208 241 394 263
208 73 20 921
208 38 120 914
208 121 305 322
208 139 249 210
208 209 122 349
208 193 500 295
208 90 500 233
208 110 430 408
208 40 449 476
208 174 67 1000
208 136 500 465
208 267 41 369
208 19 194 957
208 196 46 654
208 263 424 638
208 223 500 392
208 237 339 81
208 282 299 618
208 132 212 538
208 163 81 674
208 31 244 809
209 210 13 31
209 154 11 546
209 124 479 21
209 95 168 587
209 25 371 514
209 106 494 566
209 45 500 172
209 137 441 1
209 167 1 648
209 152 1 659
209 107 55 946
209 98 445 180
209 117 310 1
209 199 174 984
209 122 500 121
209 289 237 857
209 224 73 870
209 296 184 918
209 265 253 509
209 219 146 385
209 144 252 1000
209 175 1 543
209 80 406 170
209 218 46 817
209 24 381 370
209 128 271 1
209 279 333 1
209 102 18 487
209 146 154 361
209 286 341 355
209 106 424 621
209 172 42 340
209 169 101 1000
209 155 172 989
209 130 308 892
209 260 131 732
209 201 154 228
209 48 500 446
209 249 195 27
209 54 258 693
209 156 4 471
209 186 258 1
209 213 152 887
209 1 500 335
209 205 259 1
209 257 500 314
209 1 369 550
209 219 91 973
209 200 219 1000
209 61 432 25
209 160 84 1000
209 204 438 501
209 11 266 453
209 13 351 1
209 251 470 309
209 187 479 381
209 146 66 456
209 30 223 997
209 171 133 392
209 21 90 818
209 17 204 1000
209 220 1 575
209 268 384 581
209 297 500 288
209 152 33 588
209 168 134 212
209 145 380 1
209 235 189 1000
209 136 399 674
209 73 258 50
209 11 219 1000
209 72 500 98
209 280 375 822
209 217 194 501
209 115 448 220
209 109 338 1
209 212 239 584
209 259 319 491
209 35 161 173
209 166 7 771
209 248 231 1000
209 186 173 712
209 86 459 585
209 179 442 1
209 225 166 160
209 145 166 603
209 229 58 523
209 218 204 930
209 247 200 100
209 272 310 890
209 266 404 1
209 8 344 691
209 164 155 648
209 118 495 316
209 231 42 630
209 151 500 287
209 112 113 404
210 211 12 66
210 76 358 1
210 64 14 552
210 21 500 374
210 47 120 538
210 122 96 925
210 80 500 299
210 11 249 275
210 221 500 219
210 22 356 278
210 172 1 817
210 16 235 392
210 267 110 326
210 145 66 516
210 214 88 994
210 9 138 244
210 78 308 300
210 73 1 765
210 10 439 609
210 226 370 90
210 214 1 782
210 257 295 779
210 119 74 340
210 60 401 180
210 274 251 597
210 228 405 689
210 222 464 306
210 247 333 901
210 96 367 791
210 30 440 354
210 264 61 538
210 140 1 730
210 229 430 292
210 231 181 729
210 128 1 803
210 154 200 401
210 139 10 866
210 194 194 533
210 146 369 858
210 147 188 993
210 196 94 581
210 146 279 347
210 272 358 408
210 127 500 241
210 88 431 251
210 219 26 573
210 286 236 537
210 67 244 958
210 95 433 1
210 7 294 864
210 282 5 986
210 110 194 64
210 263 433 584
210 281 418 558
210 18 127 488
210 15 469 1
210 61 148 1000
210 272 500 137
210 114 198 801
210 58 1 674
210 185 407 172
210 83 14 759
210 39 317 1
210 188 321 360
210 262 162 150
210 236 133 578
210 165 366 124
210 66 163 1000
210 259 489 178
210 178 471 349
210 295 500 470
210 220 500 560
210 83 224 154
210 254 169 321
210 102 414 173
210 125 142 408
210 150 187 291
210 50 500 552
210 153 173 661
210 281 254 659
210 7 32 749
210 11 500 253
210 109 237 388
210 41 456 74
210 189 1 689
210 154 121 804
210 134 1 858
210 73 294 243
210 233 199 273
210 111 258 1
210 227 155 169
210 1 1 794
210 61 338 1
210 77 138 544
210 193 1 716
210 193 268 363
210 32 51 827
210 190 500 331
210 168 290 605
210 10 71 1000
210 254 146 211
210 190 124 1000
210 149 272 955
210 152 142 515
210 264 495 173
211 212 4 449
211 57 244 179
211 156 242 104
211 129 381 226
211 292 496 28
211 73 146 433
211 299 203 225
211 181 500 281
211 273 188 1000
211 48 74 1000
211 249 135 331
211 299 283 734
211 238 118 777
211 61 155 699
211 53 342 1
211 278 443 1
211 14 1 576
211 244 151 605
211 208 355 692
211 26 399 123
211 240 386 1
211 134 128 1000
211 198 469 450
211 204 500 425
211 119 500 186
211 192 486 27
211 32 396 363
211 232 500 310
211 75 500 74
211 198 115 713
211 299 299 994
211 128 1 840
211 232 132 1000
211 120 500 234
211 89 103 323
211 278 289 80
211 89 435 724
211 175 397 227
211 214 166 308
211 227 500 301
211 86 114 1000
211 87 207 712
211 86 307 904
211 79 500 311
211 163 293 964
211 27 1 737
211 201 325 339
211 260 145 442
211 72 408 754
211 89 487 141
211 70 295 258
211 138 76 1000
211 104 389 668
211 212 4 958
211 178 262 1000
211 66 242 978
211 138 99 411
211 265 500 80
211 51 202 1000
211 197 42 693
211 226 239 239
211 38 35 425
211 228 405 607
211 172 500 179
211 46 97 262
211 288 173 1000
211 270 279 1
211 156 393 376
211 262 283 256
211 260 156 215
211 127 494 82
211 164 367 198
211 53 230 670
211 73 261 236
211 253 218 78
211 135 21 633
211 271 192 655
211 110 65 344
211 267 452 537
211 134 120 200
211 274 1 521
211 147 330 353
211 106 1 688
211 271 43 697
211 204 143 1000
211 132 58 673
211 126 25 891
211 102 83 764
211 104 391 716
211 15 256 47
211 234 259 963
211 194 416 152
211 182 250 506
211 82 282 975
211 255 500 343
211 198 2 901
211 243 198 603
211 32 471 17
211 57 440 250
211 15 122 998
211 87 69 357
211 127 105 219
211 271 174 404
211 68 32 971
211 91 153 206
211 207 425 427
211 11 242 1
211 195 1 800
211 252 500 286
211 116 251 710
212 213 6 889
212 177 191 454
212 102 1 626
212 66 158 526
212 285 310 319
212 64 314 369
212 24 234 106
212 60 239 64
212 209 139 1000
212 119 450 66
212 231 186 933
212 194 64 810
212 103 278 1000
212 16 298 629
212 290 500 423
212 211 116 894
212 59 237 146
212 166 1 791
212 7 319 684
212 281 1 536
212 233 411 229
212 144 406 187
212 96 51 776
212 244 486 598
212 202 37 463
212 23 150 121
212 131 153 128
212 254 432 114
212 33 409 644
212 293 223 612
212 176 362 1
212 120 286 1
212 47 238 893
212 128 173 959
212 128 183 37
212 56 378 421
212 267 338 819
212 124 258 893
212 245 127 902
212 23 203 538
212 292 67 428
212 141 191 745
212 3 1 427
212 25 164 550
212 160 500 388
212 216 333 1
212 247 500 297
212 266 500 343
212 239 463 565
212 220 336 1
212 11 164 1000
212 222 344 61
212 118 234 945
212 209 381 566
212 241 188 268
212 117 1 696
212 207 496 487
212 151 17 653
212 289 200 513
212 265 1 807
212 265 500 335
212 262 293 20
212 237 465 363
212 230 500 223
212 0 145 569
212 94 255 11
212 166 386 777
212 167 375 116
212 239 291 920
212 189 1 825
212 2 315 61
212 198 229 617
212 116 147 624
212 146 300 422
212 147 267 788
212 136 125 990
212 28 247 36
212 169 119 918
212 141 426 214
212 23 491 233
212 108 200 787
212 44 233 598
212 39 439 1
212 193 154 346
212 34 243 449
212 238 248 1
212 157 335 1
212 286 256 505
212 50 318 878
212 104 205 613
212 95 406 714
212 15 450 453
212 174 307 829
212 113 1 651
212 182 168 1000
212 273 313 682
212 83 154 1000
212 282 297 388
212 285 128 577
213 214 6 6
213 145 188 977
213 152 338 523
213 231 1 593
213 125 184 430
213 190 99 595
213 79 315 40
213 168 226 794
213 264 475 437
213 106 279 895
213 145 107 1000
213 40 178 778
213 259 500 298
213 43 500 321
213 224 500 166
213 145 323 464
213 17 224 997
213 79 89 1000
213 53 500 282
213 35 403 1
213 202 293 1
213 93 404 649
213 68 367 1
213 85 266 410
213 275 329 106
213 80 198 394
213 87 49 730
213 211 450 520
213 77 319 1
213 247 407 178
213 61 380 774
213 244 186 666
213 58 500 211
213 285 264 522
213 91 112 1000
213 277 500 154
213 38 213 836
213 212 22 729
213 55 276 947
213 188 444 584
213 25 473 595
213 216 405 1
213 245 436 543
213 44 437 506
213 53 258 866
213 63 269 1000
213 231 106 669
213 234 308 774
213 123 368 1
213 57 1 647
213 132 160 1000
213 15 245 81
213 287 38 1000
213 221 261 452
213 155 105 1000
213 249 461 637
213 63 354 687
213 46 481 440
213 126 426 81
213 290 500 194
213 33 48 1000
213 299 50 791
213 284 210 896
213 51 1 593
213 186 155 312
213 268 444 362
213 89 282 148
213 134 371 232
213 242 135 809
213 192 265 822
213 145 47 778
213 167 253 731
213 71 1 734
213 211 462 404
213 245 396 628
213 77 119 422
213 67 185 499
213 233 237 358
213 293 305 152
213 281 123 621
213 96 141 1000
213 3 436 159
213 137 19 972
213 54 316 93
213 11 164 298
213 292 86 234
213 276 328 520
213 218 1 664
213 52 1 824
213 178 379 249
213 152 2 725
213 68 46 575
213 230 500 400
213 53 360 1
213 67 248 1
213 275 224 1000
213 30 279 1
213 103 245 864
214 215 12 5
214 6 244 201
214 74 486 447
214 147 112 763
214 163 359 746
214 93 239 47
214 290 500 288
214 146 299 1
214 199 180 837
214 43 125 525
214 147 1 701
214 282 98 286
214 100 65 287
214 153 334 153
214 91 330 791
214 263 465 611
214 76 409 264
214 108 500 362
214 41 141 470
214 228 287 384
214 132 369 58
214 48 171 415
214 196 500 391
214 183 230 612
214 233 96 288
214 262 169 411
214 222 500 105
214 154 478 403
214 298 50 874
214 86 495 279
214 237 284 421
214 136 1 741
214 259 102 1000
214 94 83 1000
214 133 114 965
214 131 388 289
214 196 339 105
214 38 248 1000
214 202 264 185
214 116 1 605
214 196 314 178
214 279 320 620
214 56 153 1000
214 20 136 665
214 122 238 1000
214 262 181 192
214 207 220 634
214 121 76 999
214 47 338 1
214 147 386 820
214 30 140 682
214 66 148 289
214 163 162 1000
214 244 493 103
214 9 361 495
214 134 322 900
214 94 138 571
214 294 246 793
214 289 391 756
214 22 205 176
214 294 178 1000
214 82 178 399
214 95 306 383
214 137 340 355
214 24 309 280
214 144 420 83
214 234 140 769
214 59 500 445
214 48 180 716
214 135 500 359
214 102 393 1
214 269 500 467
214 0 293 615
214 43 155 1000
214 64 1 740
214 119 394 151
214 114 255 656
214 58 317 452
214 280 168 1000
214 154 500 373
214 17 391 373
215 216 12 253
215 73 56 826
215 208 216 50
215 198 331 1
215 167 397 1
215 9 1 721
215 164 290 903
215 267 314 47
215 175 107 278
215 291 125 248
215 225 87 677
215 56 124 921
215 179 29 421
215 114 257 1
215 240 421 1
215 137 264 86
215 170 452 11
215 257 350 877
215 26 230 224
215 174 500 374
215 158 228 1000
215 138 234 1
215 51 1 816
215 218 102 576
215 283 274 770
215 19 361 589
215 80 185 967
215 87 226 723
215 20 1 416
215 225 373 315
215 231 500 400
215 14 412 1
215 5 407 369
215 132 296 871
215 205 382 1
215 228 283 1
215 116 420 436
215 166 229 1
215 55 106 311
215 219 316 858
215 52 393 206
215 246 480 612
215 88 49 772
215 11 177 1000
215 177 132 249
215 39 34 389
215 196 278 332
215 271 1 506
215 189 193 200
215 85 95 974
215 37 394 312
215 2 135 1000
215 286 470 623
215 122 168 153
215 291 385 640
215 65 135 1000
215 22 68 804
215 170 176 776
215 51 294 721
215 10 482 204
215 188 195 797
215 220 265 169
215 46 500 394
215 98 370 829
215 261 359 474
215 232 172 499
215 245 384 216
215 40 211 260
215 30 94 1000
215 269 500 144
215 54 426 704
215 206 400 335
215 117 327 725
215 61 189 990
215 211 272 277
215 201 364 281
215 192 275 498
215 67 377 1
215 160 382 277
215 241 282 561
215 209 316 118
215 47 319 1
215 71 161 389
215 228 242 972
215 246 258 17
215 290 417 1
215 76 1 654
215 2 321 1
215 190 265 139
215 16 83 890
215 184 250 785
215 172 457 367
215 44 482 445
215 247 419 125
215 8 338 1
215 28 408 179
215 253 364 1
215 165 500 288
215 168 25 1000
216 217 11 256
216 227 1 657
216 212 463 64
216 103 491 507
216 160 1 776
216 192 159 859
216 119 500 343
216 291 141 396
216 192 292 550
216 182 270 186
216 225 5 415
216 0 1 463
216 49 252 809
216 222 1 684
216 170 1 740
216 172 339 491
216 257 182 518
216 94 1 755
216 161 248 391
216 274 203 166
216 62 317 1
216 119 500 298
216 232 257 924
216 29 88 447
216 113 428 349
216 204 412 545
216 173 184 1000
216 202 370 376
216 164 1 490
216 186 295 435
216 228 69 322
216 293 429 522
216 140 194 596
216 205 389 298
216 185 500 194
216 49 1 558
216 45 1 795
216 12 487 178
216 257 500 404
216 23 208 865
216 139 324 776
216 154 17 714
216 112 433 67
216 189 238 629
216 144 100 298
216 247 500 110
216 130 1 589
216 140 500 265
216 246 1 818
216 153 150 496
216 77 252 315
216 191 1 623
216 284 61 498
216 188 500 408
216 88 267 7
216 138 87 563
216 19 162 1000
216 5 256 95
216 272 422 606
216 241 1 818
216 85 305 90
216 53 328 801
216 70 290 13
216 138 338 465
216 96 224 739
216 257 273 359
216 179 31 568
216 270 475 90
216 128 97 848
216 267 332 389
216 120 136 285
216 145 278 756
216 94 354 637
216 119 86 504
216 35 132 751
216 101 1 611
216 178 367 582
216 113 35 560
216 118 238 1000
216 210 320 124
216 99 8 626
216 170 500 392
216 203 500 429
216 214 68 540
216 202 297 461
216 29 289 512
216 41 129 980
216 7 358 1
216 209 1 867
216 75 120 432
216 205 29 995
216 46 44 448
216 24 296 1
216 181 451 621
216 132 406 231
216 207 333 151
216 196 461 557
216 283 285 402
216 82 267 441
216 119 1 488
216 115 116 1000
216 231 455 568
216 5 106 898
216 91 500 446
216 171 500 397
216 97 98 394
217 218 14 25
217 247 246 419
217 213 17 662
217 227 193 366
217 247 229 1
217 274 455 215
217 62 339 598
217 76 477 93
217 278 183 1000
217 282 205 1000
217 7 290 1
217 226 185 117
217 10 500 346
217 124 350 51
217 90 500 256
217 52 384 1
217 140 374 325
217 187 361 737
217 280 44 855
217 210 119 903
217 71 336 289
217 137 500 215
217 141 443 403
217 253 481 462
217 94 1 862
217 43 272 82
217 233 103 1000
217 239 1 817
217 293 360 1
217 239 500 242
217 188 328 382
217 185 1 675
217 193 93 1000
217 239 27 618
217 34 332 163
217 141 255 238
217 119 156 261
217 222 1 823
217 107 484 23
217 18 293 1
217 166 243 189
217 135 500 286
217 20 233 1
217 208 250 1000
217 178 1 739
217 4 80 819
217 26 149 921
217 123 374 833
217 80 484 604
217 143 435 415
217 268 199 1000
217 120 212 515
217 115 226 763
217 203 214 1000
217 163 424 372
217 129 233 508
217 136 176 405
217 57 290 212
217 259 49 481
217 254 500 305
217 57 354 164
217 266 221 359
217 133 107 482
217 209 122 225
217 207 351 1
217 269 73 740
217 9 191 992
217 226 500 411
217 238 366 1
217 267 1 457
217 9 365 718
217 258 375 805
217 71 218 118
217 109 402 217
217 157 358 710
217 251 109 221
217 156 306 919
217 116 335 490
217 148 117 1000
217 299 167 1000
217 66 1 721
217 291 202 1000
217 48 262 802
217 296 114 338
217 88 176 662
217 53 90 605
217 104 279 260
217 185 264 393
217 121 407 318
217 117 1 742
217 219 359 835
217 24 50 1000
217 131 269 11
217 63 500 24
217 38 320 804
217 227 40 822
217 290 368 1
217 81 6 660
217 156 500 78
217 298 500 245
217 126 385 587
217 149 306 725
217 219 403 591
217 232 398 264
217 188 423 590
217 149 35 696
217 182 341 651
217 152 1 867
217 270 240 972
217 199 324 838
217 59 246 184
217 262 144 366
217 294 378 671
217 131 411 144
218 219 13 573
218 116 214 761
218 202 478 162
218 88 263 674
218 17 141 879
218 196 91 1000
218 17 338 748
218 26 63 687
218 55 293 1
218 78 21 633
218 1 224 978
218 15 12 759
218 259 383 66
218 179 164 795
218 161 300 261
218 251 29 454
218 144 202 342
218 173 1 604
218 266 131 676
218 263 413 410
218 296 324 1
218 80 500 191
218 4 342 220
218 43 242 357
218 191 434 227
218 299 347 625
218 171 190 1000
218 138 434 693
218 54 325 1
218 124 52 322
218 206 1 608
218 210 347 1
218 196 418 195
218 132 251 722
218 287 40 495
218 233 452 143
218 51 62 505
218 28 389 97
218 261 57 676
218 156 296 748
218 92 403 701
218 117 302 197
218 7 241 1000
218 185 244 54
218 49 288 555
218 272 87 729
218 9 106 1000
218 195 99 802
218 139 431 372
218 194 244 217
218 144 260 805
218 295 351 53
218 237 16 423
218 49 277 89
218 172 242 171
218 225 60 927
218 247 265 465
218 1 258 1000
218 123 114 531
218 261 380 1
218 242 109 766
218 53 111 686
218 25 310 876
218 189 500 141
218 161 1 439
218 252 102 432
218 54 228 41
218 287 379 327
218 265 170 440
218 277 325 44
218 66 114 204
218 188 500 550
218 182 480 212
218 259 33 624
218 224 379 676
218 118 110 617
218 74 152 450
218 253 90 838
218 57 361 1
218 37 1 650
218 61 259 1
218 294 267 804
218 24 471 229
218 12 315 1
218 193 30 726
218 147 86 314
218 129 348 751
218 243 336 1
218 197 247 45
218 188 167 209
218 42 33 669
218 298 1 693
218 54 142 882
218 279 9 562
219 220 16 542
219 188 235 279
219 51 1 726
219 245 495 154
219 228 100 303
219 154 481 425
219 79 500 441
219 165 266 1000
219 178 236 761
219 191 345 866
219 82 371 821
219 128 147 604
219 118 157 323
219 47 252 761
219 233 483 162
219 168 255 765
219 203 8 480
219 220 365 296
219 279 222 957
219 206 359 380
219 259 141 757
219 295 307 87
219 71 69 383
219 252 388 251
219 271 128 1000
219 118 274 951
219 69 57 707
219 250 320 324
219 156 343 1
219 190 397 285
219 189 162 1000
219 114 452 159
219 232 369 697
219 88 1 780
219 10 380 1
219 172 356 437
219 58 437 411
219 207 224 571
219 53 209 122
219 54 1 608
219 270 246 394
219 280 286 124
219 278 178 464
219 278 319 517
219 264 369 1
219 8 319 1
219 11 163 503
219 66 244 391
219 269 28 963
219 15 299 1
219 285 95 806
219 52 119 538
219 296 500 340
219 15 412 71
219 296 222 93
219 15 102 364
219 63 22 757
219 231 330 427
219 224 339 122
219 140 19 511
219 213 243 1000
219 168 454 514
219 242 494 580
219 44 410 676
219 51 184 935
219 123 207 737
219 265 146 443
219 37 466 177
219 269 149 526
219 84 265 775
219 100 224 233
219 51 403 685
219 80 204 966
219 47 212 943
219 32 1 669
219 91 84 836
219 42 403 232
219 101 177 620
219 83 499 509
219 255 224 532
219 34 500 249
219 73 4 933
219 27 87 614
219 213 159 928
219 49 500 237
219 38 35 966
219 232 66 709
219 271 168 605
219 215 186 197
219 38 286 1
219 194 187 787
219 27 1 908
219 19 177 1000
219 152 296 428
219 165 7 467
219 245 148 239
219 271 1 674
219 251 59 379
219 222 414 141
219 165 101 238
219 128 395 258
219 121 438 32
219 104 1 758
219 7 214 555
219 223 85 1000
219 246 198 474
219 156 1 798
219 246 139 824
219 191 287 202
219 102 418 563
219 12 307 917
219 175 453 169
220 221 1 495
220 21 135 908
220 127 14 699
220 157 164 541
220 65 416 655
220 159 500 561
220 265 203 132
220 56 427 14
220 91 199 807
220 136 500 272
220 205 451 1
220 15 341 205
220 290 342 692
220 279 311 569
220 52 165 416
220 198 192 57
220 221 78 1000
220 172 379 342
220 258 400 447
220 178 1 775
220 55 413 247
220 2 217 989
220 152 165 851
220 217 375 509
220 123 79 1000
220 265 416 597
220 143 424 243
220 7 283 633
220 106 304 198
220 34 325 74
220 248 141 1000
220 205 109 520
220 113 20 535
220 57 81 253
220 204 87 443
220 233 413 1
220 265 181 85
220 71 480 275
220 252 489 73
220 239 355 111
220 213 189 1000
220 228 500 76
220 101 254 500
220 271 180 636
220 108 500 158
220 260 398 369
220 2 418 598
220 170 113 345
220 135 167 884
220 242 424 113
220 242 456 14
220 167 387 87
220 50 375 786
220 67 91 724
220 168 441 1
220 136 176 539
220 174 176 248
220 43 280 1
220 81 279 638
220 194 152 542
220 288 265 271
220 225 363 1
220 295 133 847
220 85 126 1000
220 217 373 1
220 136 374 1
220 49 357 692
220 254 284 1
220 221 261 763
220 11 247 759
220 52 444 28
220 231 194 420
220 50 121 1000
220 113 423 1
220 48 500 356
220 222 285 781
220 256 385 291
220 277 190 99
220 102 201 939
220 79 257 870
220 0 348 416
220 187 239 617
220 177 30 805
220 277 1 731
220 204 357 273
220 65 1 565
220 44 31 936
220 121 500 527
220 200 441 705
220 242 115 754
220 263 223 959
220 1 248 60
220 194 433 365
220 26 132 907
220 299 118 958
220 164 150 294
220 137 267 75
220 32 131 848
220 210 367 574
220 23 301 1
220 132 199 109
220 223 408 1
220 293 146 1000
220 208 355 1
220 85 1 414
220 203 136 773
220 7 481 504
221 222 12 522
221 265 182 472
221 2 364 1
221 290 407 1
221 290 112 965
221 153 343 277
221 127 195 826
221 177 432 1
221 213 87 770
221 121 1 483
221 8 256 114
221 3 500 255
221 137 277 90
221 11 363 776
221 151 391 523
221 122 299 704
221 280 255 82
221 126 239 245
221 153 312 776
221 269 450 1
221 261 173 856
221 6 431 553
221 33 213 252
221 161 56 457
221 127 423 180
221 187 127 887
221 135 178 921
221 90 154 185
221 130 147 196
221 103 209 73
221 80 1 660
221 15 1 795
221 33 252 573
221 267 80 795
221 260 202 232
221 56 500 334
221 190 400 320
221 275 350 208
221 152 1 694
221 5 139 932
221 194 139 1000
221 63 327 248
221 227 359 452
221 299 174 635
221 273 500 436
221 10 500 44
221 29 468 45
221 184 150 837
221 297 87 1000
221 14 462 293
221 210 1 703
221 82 187 49
221 156 62 315
221 12 382 1
221 71 29 490
221 277 230 898
221 122 448 29
221 291 462 18
221 70 126 759
221 261 400 269
221 30 411 622
221 185 116 997
221 58 288 733
221 296 1 819
221 82 204 949
221 59 500 309
221 205 238 740
221 50 378 8
221 206 372 815
221 30 500 210
221 232 188 952
221 63 293 1
221 105 254 179
221 15 53 589
221 163 237 1000
221 290 307 844
221 273 500 296
221 132 495 596
221 297 462 448
221 50 38 614
221 142 120 863
221 280 147 1000
221 24 291 942
221 183 279 1000
221 80 11 785
221 287 470 206
221 26 199 351
221 106 500 163
221 102 51 592
221 33 223 758
221 128 367 78
222 223 10 689
222 225 1 620
222 245 384 1
222 111 1 711
222 99 332 316
222 119 92 474
222 211 333 1
222 101 214 391
222 299 215 381
222 50 149 886
222 98 140 409
222 60 301 132
222 230 180 881
222 133 35 802
222 53 314 466
222 72 303 295
222 20 190 1000
222 63 441 611
222 169 500 407
222 105 1 835
222 33 500 175
222 181 415 497
222 294 216 826
222 150 450 209
222 194 137 283
222 225 45 834
222 138 1 642
222 112 314 1
222 67 277 1
222 56 116 927
222 236 270 448
222 176 1 811
222 51 139 218
222 218 387 14
222 139 500 359
222 208 1 634
222 210 321 793
222 146 219 861
222 14 179 800
222 25 342 280
222 68 315 450
222 100 427 1
222 273 372 114
222 197 262 11
222 221 209 891
222 11 500 113
222 280 420 742
222 131 333 683
222 35 202 1000
222 236 162 626
222 128 218 349
222 173 161 379
222 19 355 26
222 28 80 368
222 23 386 1
222 109 500 278
222 206 50 933
222 227 231 1000
222 142 265 232
222 42 5 672
222 36 178 213
222 136 118 1000
222 72 430 176
222 69 282 1
222 147 110 249
222 243 121 1000
222 207 380 217
222 99 1 602
222 162 352 283
222 204 106 679
222 177 124 1000
222 171 388 723
222 184 412 1
222 148 267 262
222 291 166 996
222 161 327 42
222 279 388 1
222 229 500 475
222 265 500 497
222 185 42 889
222 3 477 479
222 103 342 1
222 55 284 150
222 43 316 45
222 75 400 363
222 0 1 564
222 141 407 582
222 272 435 1
222 231 135 384
222 126 291 423
222 103 222 687
222 56 1 523
222 121 231 509
222 102 86 965
222 63 62 709
222 0 166 1000
223 224 13 469
223 164 130 247
223 50 98 275
223 211 186 1000
223 53 199 659
223 240 332 861
223 271 270 100
223 128 500 110
223 120 232 577
223 24 451 423
223 213 183 594
223 14 391 36
223 254 386 589
223 121 1 640
223 17 254 494
223 98 500 246
223 41 294 903
223 185 496 264
223 253 1 825
223 194 233 766
223 64 226 934
223 37 363 557
223 231 153 617
223 66 240 46
223 228 500 240
223 58 30 950
223 78 474 641
223 113 450 355
223 251 97 1000
223 257 109 524
223 126 1 492
223 41 96 865
223 2 123 522
223 193 201 535
223 137 185 513
223 164 151 1000
223 100 397 1
223 15 224 795
223 266 205 398
223 227 1 715
223 268 308 1
223 133 106 993
223 150 445 447
223 71 400 737
223 287 2 703
223 228 234 989
223 147 102 642
223 270 226 1
223 72 279 70
223 192 204 786
223 269 500 270
223 282 334 896
223 197 139 373
223 137 264 1
223 180 399 233
223 144 500 550
223 51 312 1
223 224 46 953
223 281 103 564
223 85 1 570
223 100 379 557
223 24 145 794
223 112 90 612
223 164 331 1
223 121 254 371
223 100 190 939
223 224 133 547
223 17 271 325
223 241 84 406
223 168 179 84
223 188 221 326
223 103 266 1000
223 22 463 502
223 265 329 661
223 112 145 114
223 124 378 195
223 293 176 1000
223 40 449 1
223 170 1 512
223 114 200 618
223 294 15 836
223 81 500 246
223 274 38 601
223 134 140 788
223 41 500 381
223 218 264 461
223 182 217 695
223 208 248 95
223 89 124 843
223 79 209 270
223 77 424 637
223 83 409 1
223 286 285 1
223 273 256 137
223 55 190 305
223 110 413 161
223 225 157 317
223 275 1 863
223 98 94 812
223 188 343 672
223 256 471 465
223 22 1 868
223 250 115 268
223 142 457 1
224 225 9 324
224 70 414 333
224 62 241 961
224 222 276 226
224 130 1 624
224 161 148 391
224 189 491 32
224 165 378 1
224 83 69 469
224 7 238 886
224 13 351 774
224 202 163 248
224 47 216 1000
224 231 386 192
224 279 415 517
224 260 426 694
224 71 370 1
224 214 288 719
224 88 101 358
224 151 275 93
224 128 391 77
224 222 141 476
224 118 159 632
224 55 104 1000
224 164 164 341
224 81 215 639
224 166 40 324
224 13 268 862
224 292 87 433
224 16 240 260
224 229 500 436
224 135 175 251
224 228 204 249
224 22 25 409
224 37 84 986
224 25 313 414
224 190 236 260
224 207 500 488
224 170 195 239
224 130 401 1
224 48 236 390
224 293 404 672
224 199 1 773
224 129 500 469
224 220 271 1000
224 92 385 806
224 148 421 1
224 290 280 343
224 141 416 384
224 283 199 1000
224 195 338 552
224 141 27 408
224 210 438 424
224 54 84 405
224 228 1 804
224 114 97 984
224 191 1 427
224 223 1 708
224 123 432 28
224 175 85 1000
224 202 482 1
224 213 178 248
224 259 446 161
224 103 58 1000
224 124 372 109
224 267 351 399
224 56 106 753
224 84 138 717
224 40 256 531
224 273 361 300
224 72 13 774
224 46 113 277
224 167 169 228
224 33 310 532
224 263 445 180
224 261 440 135
224 155 191 693
224 188 234 874
224 159 330 1
224 278 136 682
224 87 16 694
224 281 73 370
224 10 153 263
224 189 150 671
224 68 335 437
224 63 1 744
224 297 263 249
224 199 380 106
224 102 258 708
224 55 256 174
224 154 273 647
224 267 500 480
224 156 184 970
224 206 1 780
224 8 1 754
224 9 29 429
224 149 179 1000
225 226 5 966
225 65 1 687
225 82 405 690
225 254 312 394
225 172 362 1
225 252 313 1
225 86 322 536
225 139 437 562
225 108 294 658
225 110 28 1000
225 189 1 726
225 293 139 443
225 269 137 806
225 8 327 343
225 3 62 1000
225 279 4 483
225 34 236 919
225 64 462 266
225 155 500 552
225 286 275 488
225 63 313 597
225 54 397 508
225 274 206 1
225 43 263 842
225 192 352 391
225 138 212 366
225 61 249 1000
225 95 426 688
225 117 431 132
225 6 185 415
225 185 327 1
225 20 244 431
225 100 500 271
225 109 401 254
225 222 112 641
225 264 1 548
225 234 307 644
225 17 220 839
225 25 500 197
225 284 1 605
225 124 1 978
225 80 458 472
225 100 141 960
225 174 27 409
225 29 500 275
225 290 157 463
225 75 500 249
225 20 214 526
225 280 1 548
225 247 105 976
225 63 5 503
225 10 209 124
225 228 1 723
225 12 299 835
225 278 342 407
225 55 1 607
225 69 403 212
225 10 59 885
225 224 377 355
225 173 484 1
225 179 319 291
225 207 494 98
225 293 244 613
225 35 473 159
225 211 110 258
225 260 414 92
225 108 261 911
225 155 197 902
225 179 1 659
225 223 318 867
225 256 1 902
225 119 350 641
225 226 183 1000
225 202 436 217
225 25 360 1
225 120 1 751
225 63 435 582
225 70 266 588
225 253 500 459
225 185 253 1000
225 267 212 784
225 100 154 533
225 47 377 416
225 80 80 678
225 190 151 1000
225 208 257 21
225 269 373 1
225 5 392 455
225 244 275 696
225 253 355 1
225 234 465 1
225 13 409 1
225 192 424 464
225 88 223 58
225 16 350 1
225 226 379 701
225 28 57 773
225 73 61 465
225 241 134 879
225 120 500 303
225 13 380 572
226 227 12 472
226 18 85 398
226 191 210 273
226 270 500 157
226 181 124 901
226 259 500 232
226 55 435 74
226 288 239 429
226 181 500 97
226 285 385 533
226 1 449 666
226 24 51 336
226 65 75 892
226 292 49 396
226 212 250 721
226 104 123 341
226 260 393 1
226 148 195 821
226 250 355 323
226 294 53 561
226 167 363 131
226 114 428 474
226 45 172 637
226 43 263 947
226 210 160 640
226 64 13 629
226 272 500 252
226 106 245 542
226 257 61 833
226 253 1 569
226 174 53 700
226 108 362 845
226 27 500 153
226 119 174 1000
226 36 1 582
226 269 310 183
226 284 97 1000
226 181 400 1
226 31 51 577
226 116 116 890
226 142 390 487
226 296 205 479
226 133 497 287
226 125 412 554
226 219 420 188
226 151 423 203
226 171 379 1
226 192 153 153
226 176 404 25
226 24 338 237
226 20 331 274
226 239 88 1000
226 217 210 567
226 18 1 937
226 173 1 747
226 259 484 248
226 22 249 1
226 247 1 809
226 160 199 976
226 250 184 705
226 66 350 432
226 104 500 62
226 174 335 514
226 152 474 482
226 212 427 1
226 179 186 320
226 142 274 998
226 250 500 351
226 114 104 874
226 280 38 747
226 168 296 647
226 105 1 639
226 204 135 763
226 3 120 164
226 174 312 970
226 270 500 451
226 203 244 449
226 213 37 943
226 48 249 347
226 60 91 991
226 181 215 200
226 0 64 665
226 82 1 717
226 91 183 766
226 113 167 782
226 147 397 1
226 192 424 378
226 81 112 723
226 130 432 453
226 36 219 968
226 185 1 831
226 87 224 1000
226 68 107 1000
226 57 390 698
226 281 131 685
226 211 298 887
226 229 324 34
226 182 310 231
226 219 191 489
226 241 319 1
226 264 136 282
226 104 350 1
226 124 500 176
226 244 189 924
227 228 12 346
227 132 133 661
227 118 1 745
227 197 122 1000
227 276 265 211
227 283 319 1
227 68 270 557
227 80 200 148
227 3 239 668
227 97 100 999
227 5 1 875
227 213 465 501
227 137 500 230
227 89 47 817
227 195 500 344
227 178 229 221
227 169 1 942
227 157 397 600
227 125 484 51
227 160 84 763
227 243 1 666
227 15 428 710
227 256 443 78
227 51 1 718
227 111 122 331
227 100 130 1000
227 257 348 141
227 117 339 1
227 68 159 334
227 126 82 671
227 243 74 944
227 239 1 746
227 97 296 188
227 287 1 770
227 114 253 904
227 36 470 524
227 260 86 674
227 213 1 674
227 195 286 787
227 157 424 522
227 164 298 179
227 216 14 508
227 260 297 771
227 97 347 600
227 92 394 727
227 178 162 1000
227 138 298 1
227 295 267 25
227 202 90 1000
227 120 1 695
227 272 244 776
227 71 14 427
227 38 263 636
227 168 159 97
227 283 213 879
227 15 274 195
227 161 372 367
227 226 313 443
227 120 360 863
227 186 11 557
227 295 151 314
227 21 335 125
227 41 171 952
227 175 86 794
227 133 241 68
227 195 243 270
227 280 242 934
227 188 1 771
227 107 342 722
227 58 320 1
227 296 160 217
227 176 500 211
227 34 359 632
227 243 1 585
227 192 260 1000
227 123 77 360
227 201 315 252
227 258 8 535
227 10 320 1
227 83 391 414
227 23 172 308
227 174 467 149
227 275 245 565
227 62 365 1
227 57 217 701
227 231 207 208
227 52 150 456
227 257 478 577
227 140 405 1
228 229 4 41
228 30 41 905
228 187 303 693
228 243 500 206
228 297 293 977
228 172 1 876
228 165 500 50
228 66 62 548
228 146 195 201
228 40 443 711
228 218 165 1000
228 133 500 362
228 87 128 561
228 220 500 316
228 119 88 362
228 176 415 171
228 273 1 652
228 254 303 539
228 223 1 542
228 65 63 639
228 38 389 1
228 209 219 1000
228 185 429 678
228 186 64 1000
228 14 350 1
228 182 175 1000
228 2 500 383
228 268 158 943
228 5 39 557
228 142 445 674
228 245 287 32
228 284 193 245
228 220 500 376
228 280 247 1
228 134 157 445
228 128 500 247
228 51 1 775
228 197 328 875
228 217 169 702
228 120 97 642
228 109 5 552
228 103 115 530
228 283 41 644
228 245 150 1000
228 30 480 386
228 63 396 70
228 60 437 304
228 160 288 975
228 107 14 781
228 262 396 319
228 94 500 197
228 222 182 168
228 157 261 452
228 5 256 852
228 212 332 776
228 94 92 537
228 268 500 34
228 237 366 1
228 39 410 444
228 38 1 594
228 268 1 805
228 189 480 99
228 92 292 713
228 270 94 234
228 157 371 460
228 164 1 595
228 219 365 798
228 137 44 387
228 268 325 806
228 282 136 547
228 191 1 716
228 189 500 337
228 197 129 642
228 206 373 710
228 19 329 105
228 6 261 757
228 204 185 114
228 259 402 602
228 63 500 499
228 237 57 712
228 123 470 63
228 132 381 530
228 287 500 276
228 283 197 250
228 287 500 503
228 140 288 369
228 255 500 485
228 248 328 1
228 13 425 386
228 229 56 574
229 230 8 656
229 244 101 1000
229 294 99 1000
229 289 304 307
229 133 448 246
229 122 495 489
229 205 456 1
229 165 106 1000
229 132 263 1000
229 99 500 390
229 174 71 375
229 228 43 918
229 162 1 746
229 91 407 45
229 217 79 518
229 143 500 318
229 109 367 1
229 162 196 1000
229 76 1 627
229 296 74 530
229 149 388 28
229 245 94 962
229 111 146 1000
229 116 1 865
229 192 196 752
229 155 420 389
229 32 415 1
229 179 119 919
229 261 140 1000
229 10 249 99
229 80 1 638
229 97 62 1000
229 31 81 499
229 2 256 701
229 187 152 465
229 70 298 474
229 101 488 242
229 99 10 695
229 83 144 370
229 52 402 777
229 184 240 964
229 241 327 1
229 90 500 58
229 245 264 1000
229 167 500 319
229 22 1 941
229 278 500 236
229 82 59 617
229 275 351 467
229 188 351 1
229 187 331 276
229 47 484 1
229 65 84 506
229 165 338 725
229 232 269 391
229 233 281 626
229 104 290 961
229 264 314 563
229 60 343 1
229 11 1 577
229 59 165 357
229 254 485 431
229 56 1 644
229 292 67 691
229 40 93 621
229 177 40 1000
229 215 53 1000
229 71 1 639
229 85 419 193
229 244 500 108
229 267 500 512
229 261 500 400
229 5 1 965
229 250 244 653
229 29 500 284
229 79 26 457
229 82 28 596
229 144 449 195
229 241 333 640
229 16 470 1
229 167 63 467
229 226 370 1
229 126 334 126
229 248 255 809
229 135 216 1000
229 166 293 260
229 4 360 277
229 172 365 543
229 235 338 338
229 7 500 447
229 130 377 743
230 231 2 500
230 81 419 1
230 253 220 672
230 65 155 1000
230 149 379 712
230 197 271 932
230 77 257 736
230 0 52 660
230 181 292 635
230 125 250 10
230 285 1 637
230 122 420 172
230 5 478 606
230 18 500 335
230 232 296 558
230 256 256 922
230 219 311 975
230 283 84 1000
230 192 100 773
230 12 132 507
230 127 444 152
230 298 500 193
230 29 397 1
230 75 292 22
230 100 192 627
230 102 321 177
230 201 1 754
230 157 458 212
230 216 1 548
230 58 424 300
230 80 106 564
230 52 94 412
230 93 432 666
230 227 322 191
230 181 364 1
230 297 228 36
230 227 363 230
230 250 202 668
230 38 151 173
230 105 291 888
230 273 346 575
230 274 324 835
230 174 241 1
230 102 156 361
230 282 1 731
230 60 169 463
230 207 138 389
230 64 428 496
230 239 167 1000
230 191 241 645
230 140 398 83
230 255 1 593
230 220 64 1000
230 53 245 602
230 202 336 166
230 27 10 772
230 259 139 1000
230 177 273 842
230 39 180 575
230 219 1 856
230 147 250 729
230 84 454 309
230 188 381 1
230 57 146 433
230 105 237 595
230 41 58 471
230 243 186 551
230 239 246 581
230 78 1 868
230 80 171 498
230 31 477 173
230 251 251 674
230 266 86 1000
230 148 233 564
230 102 395 288
230 126 262 274
230 259 258 960
230 112 249 786
230 285 86 664
230 220 224 168
230 142 330 440
230 224 500 271
230 255 288 701
230 201 357 581
230 65 32 395
230 256 220 793
230 173 470 109
230 200 133 201
230 265 331 1
230 296 1 793
230 117 32 453
230 291 198 591
230 83 349 362
230 240 432 1
230 21 500 551
230 65 231 1000
230 97 1 726
230 154 264 1
230 30 225 335
230 247 1 636
230 74 189 1000
230 202 500 383
230 81 204 1000
230 251 237 563
230 129 1 609
230 267 500 411
230 154 1 576
230 214 287 988
230 71 256 1000
230 72 356 565
230 180 201 54
231 232 8 953
231 27 500 341
231 27 500 475
231 131 128 936
231 295 161 553
231 110 188 648
231 163 176 303
231 256 448 419
231 182 216 63
231 217 293 942
231 18 388 378
231 138 197 111
231 10 399 638
231 196 251 183
231 73 145 705
231 291 139 378
231 48 392 18
231 140 32 459
231 102 362 437
231 287 1 748
231 2 1 841
231 92 225 117
231 70 240 221
231 160 290 558
231 122 263 562
231 222 31 481
231 25 165 589
231 291 173 353
231 294 1 594
231 80 93 940
231 234 251 154
231 34 341 755
231 158 1 761
231 79 203 1000
231 140 348 770
231 129 394 739
231 135 364 239
231 228 51 629
231 136 500 269
231 177 416 438
231 177 377 122
231 225 301 101
231 197 277 617
231 60 101 322
231 109 273 262
231 148 400 1
231 26 443 102
231 92 256 63
231 169 346 322
231 100 152 632
231 172 373 178
231 167 273 32
231 147 399 428
231 230 156 897
231 91 54 964
231 178 126 261
231 185 24 1000
231 84 295 837
231 33 215 274
231 110 258 892
231 251 451 524
231 78 148 794
231 77 447 509
231 15 340 573
231 63 379 35
231 232 349 73
231 171 214 795
231 220 349 15
231 22 24 488
231 46 489 200
231 277 500 312
231 280 500 363
231 148 125 1000
231 83 324 106
231 258 254 486
231 103 1 720
231 184 201 393
231 267 270 517
231 255 170 1000
231 207 296 843
231 93 228 1000
231 99 200 914
231 227 306 593
231 276 445 1
231 174 359 301
231 78 500 192
231 240 320 146
231 184 437 487
231 87 500 344
231 292 28 530
231 98 176 1000
231 255 434 105
231 56 483 80
231 44 285 380
231 198 381 640
231 7 500 340
231 210 447 438
231 139 29 1000
231 27 500 174
232 233 12 442
232 257 300 251
232 188 500 556
232 34 298 9
232 153 320 327
232 220 247 1000
232 123 35 447
232 256 418 1
232 241 101 1000
232 46 279 473
232 121 177 1000
232 99 93 988
232 255 428 283
232 218 368 624
232 24 16 816
232 249 359 1
232 157 500 27
232 246 116 1000
232 77 491 117
232 170 74 741
232 30 155 535
232 294 63 489
232 251 109 372
232 253 447 124
232 153 140 189
232 29 439 695
232 49 408 278
232 206 206 910
232 176 312 1
232 92 200 1000
232 74 415 1
232 177 370 162
232 2 500 209
232 37 145 429
232 77 373 1
232 128 388 794
232 176 169 837
232 135 352 446
232 63 266 1000
232 226 101 279
232 185 315 284
232 173 318 917
232 41 402 473
232 289 498 482
232 231 249 69
232 257 1 681
232 133 160 383
232 137 75 281
232 224 125 840
232 240 128 479
232 168 404 445
232 256 136 166
232 207 322 1
232 240 222 649
232 293 234 982
232 153 16 430
232 272 373 309
232 54 343 1
232 62 1 733
232 92 414 401
232 149 313 55
232 30 1 698
232 233 442 241
232 35 86 809
232 47 143 1000
232 134 462 247
232 100 335 767
232 286 211 1000
232 170 10 586
232 101 218 420
232 17 189 764
232 199 404 266
232 237 1 781
232 7 158 998
232 38 317 1
232 206 491 599
232 144 256 173
232 65 500 220
232 201 142 1000
232 95 374 1
232 186 178 415
232 191 418 701
232 66 251 974
232 145 140 526
232 141 180 948
232 285 275 284
232 85 390 1
232 196 1 942
232 196 345 295
232 149 388 88
232 123 316 693
232 23 45 1000
232 144 1 670
232 183 85 448
232 161 1 595
232 86 245 707
232 224 131 646
232 14 89 766
232 199 475 435
232 228 175 1000
232 260 404 185
233 234 3 796
233 142 500 304
233 170 417 741
233 121 471 38
233 202 200 856
233 185 151 220
233 112 276 1
233 269 1 591
233 34 213 233
233 14 284 212
233 29 264 1
233 21 387 818
233 249 500 232
233 168 383 27
233 33 58 592
233 28 191 145
233 234 156 640
233 47 221 853
233 87 426 1
233 59 363 192
233 26 262 1
233 153 500 241
233 37 223 706
233 279 500 295
233 251 7 394
233 150 500 344
233 131 1 787
233 52 411 1
233 163 500 105
233 182 194 830
233 271 296 234
233 195 419 55
233 180 1 844
233 279 329 838
233 253 377 414
233 135 332 21
233 39 408 460
233 39 500 390
233 132 1 716
233 268 44 369
233 88 167 1000
233 134 352 715
233 201 395 804
233 1 278 1
233 261 65 547
233 153 332 371
233 26 384 1
233 2 1 527
233 34 207 302
233 81 139 418
233 296 114 825
233 182 479 639
233 229 1 780
233 242 231 627
233 103 459 147
233 289 500 224
233 99 98 605
233 177 452 167
233 235 316 218
233 151 1 621
233 40 500 377
233 10 29 879
233 198 171 833
233 128 124 323
233 138 1 517
233 201 358 865
233 78 500 44
233 144 316 70
233 264 346 394
233 173 443 394
233 36 139 591
233 216 6 721
233 110 76 1000
233 82 500 189
233 47 471 223
233 250 189 837
233 51 279 451
233 94 98 559
233 150 264 573
233 73 1 628
233 276 371 8
233 258 280 1
233 27 214 997
233 159 27 353
233 47 1 800
233 174 380 224
233 9 264 87
233 8 325 1
233 97 213 792
233 139 315 904
233 80 99 971
233 217 275 275
233 145 34 457
233 57 386 355
233 264 423 396
233 192 64 932
233 105 221 288
233 7 500 426
233 44 500 429
233 247 361 241
233 284 379 514
233 156 400 252
233 137 498 550
233 282 288 786
233 283 1 711
233 209 1 592
233 226 213 253
233 69 366 751
233 224 313 69
233 107 123 1000
233 57 384 111
233 203 1 561
233 271 1 872
233 70 71 984
233 120 254 24
233 291 283 171
233 9 413 609
233 186 216 924
233 90 346 1
233 72 168 1000
233 168 232 375
233 211 500 460
233 89 349 609
233 238 1 480
233 58 313 1
234 235 11 314
234 153 355 440
234 238 206 842
234 163 216 194
234 188 405 243
234 199 500 390
234 278 343 1
234 93 167 243
234 108 500 513
234 280 240 250
234 157 103 308
234 53 335 1
234 200 199 1000
234 219 344 249
234 58 285 214
234 154 271 944
234 171 356 282
234 26 267 1
234 23 79 541
234 49 312 603
234 84 432 1
234 263 206 731
234 7 228 21
234 147 174 410
234 216 66 733
234 107 349 667
234 72 88 700
234 114 389 445
234 175 98 748
234 280 151 1000
234 178 277 1
234 186 1 805
234 258 365 82
234 250 1 773
234 292 500 374
234 156 142 895
234 231 18 534
234 151 199 94
234 114 432 682
234 184 1 448
234 261 329 340
234 95 300 649
234 238 42 1000
234 226 365 78
234 172 454 50
234 123 123 931
234 138 130 435
234 90 103 494
234 265 477 206
234 165 240 568
234 40 202 58
234 58 357 661
234 10 400 1
234 208 438 93
234 250 443 281
234 284 289 1000
234 43 302 1
234 224 491 327
234 261 500 221
234 271 500 184
234 265 165 738
234 126 51 742
234 104 285 599
234 251 1 782
234 59 66 339
234 29 249 76
234 243 472 616
234 172 198 40
234 32 174 784
234 81 500 132
234 211 96 418
234 162 500 369
234 86 195 939
234 138 500 76
234 172 214 841
234 167 436 700
234 203 435 33
234 220 92 725
234 281 1 532
234 145 340 168
234 138 60 559
234 73 76 742
234 270 441 358
234 221 82 647
234 128 231 1000
234 195 97 1000
234 141 339 731
234 252 306 639
234 122 477 111
234 162 500 172
234 206 250 378
234 290 500 144
234 240 262 954
234 289 181 763
234 153 1 833
234 157 101 760
234 170 8 692
234 157 171 1000
234 6 79 874
234 63 342 1
234 183 397 567
235 236 3 712
235 164 1 814
235 265 302 453
235 74 182 780
235 51 141 505
235 103 100 1000
235 293 500 226
235 269 69 272
235 86 295 120
235 179 209 713
235 192 419 200
235 239 181 971
235 285 114 1000
235 106 440 597
235 270 81 636
235 22 271 407
235 207 117 865
235 188 385 790
235 32 472 272
235 203 119 683
235 72 68 1000
235 266 262 344
235 79 269 50
235 59 92 799
235 206 116 398
235 135 363 868
235 51 500 171
235 6 437 497
235 151 500 207
235 26 295 526
235 177 381 1
235 223 321 870
235 290 475 533
235 62 1 718
235 208 375 429
235 53 378 515
235 138 362 171
235 201 145 203
235 94 1 708
235 266 276 570
235 15 31 446
235 173 118 467
235 174 197 458
235 83 408 744
235 35 154 492
235 145 352 818
235 38 134 358
235 229 60 528
235 225 262 9
235 232 213 486
235 180 1 729
235 67 332 59
235 158 87 905
235 17 217 957
235 228 302 1
235 126 410 49
235 279 117 938
235 204 316 626
235 74 406 507
235 292 444 143
235 38 175 870
235 151 6 548
235 143 356 478
235 19 208 895
235 225 157 292
235 138 21 843
235 203 283 645
235 162 214 704
235 16 304 302
235 133 414 74
235 14 472 161
235 238 371 73
235 44 1 704
235 145 500 375
235 250 500 314
235 131 94 408
235 107 68 1000
235 60 420 4
235 212 500 418
235 246 171 786
235 225 375 275
235 88 142 732
235 227 351 345
235 24 400 57
235 163 39 694
235 220 418 313
235 236 411 1
235 226 295 476
235 10 398 274
235 181 135 1000
235 236 272 1
235 124 282 671
235 286 328 1
235 164 500 260
235 5 229 495
235 57 42 458
236 237 6 168
236 6 79 1000
236 188 1 741
236 257 500 290
236 200 211 1000
236 40 189 126
236 270 76 700
236 67 17 383
236 267 1 783
236 266 101 903
236 244 500 356
236 3 264 25
236 37 465 317
236 159 165 941
236 18 129 797
236 183 1 685
236 192 123 1000
236 229 1 880
236 43 197 245
236 295 343 355
236 263 423 503
236 134 500 176
236 298 56 693
236 169 45 498
236 200 208 841
236 146 219 1000
236 207 57 797
236 26 206 588
236 13 1 805
236 153 346 235
236 218 295 372
236 13 99 658
236 255 1 797
236 239 327 1
236 82 500 250
236 19 1 619
236 42 252 474
236 270 443 1
236 224 415 333
236 46 373 1
236 246 246 145
236 177 1 704
236 209 186 671
236 25 292 488
236 164 366 1
236 90 333 287
236 38 500 272
236 22 438 548
236 233 318 58
236 117 60 1000
236 200 459 608
236 26 27 655
236 73 241 387
236 275 281 533
236 129 126 436
236 286 203 172
236 296 1 622
236 260 221 262
236 123 44 549
236 118 144 1000
236 122 95 858
236 23 187 852
236 33 278 991
236 239 417 535
236 259 292 286
236 54 193 198
236 177 383 782
236 234 1 711
236 119 127 560
236 51 265 855
236 260 1 845
236 126 386 96
236 160 500 486
236 193 305 524
236 191 299 285
236 205 73 505
236 182 430 662
236 297 355 553
236 146 1 494
236 62 317 594
236 117 79 306
236 103 5 915
236 118 69 864
236 177 248 1
236 224 29 354
236 161 492 611
236 221 355 503
236 228 1 658
236 112 220 628
236 64 341 1
236 263 83 1000
236 292 165 674
236 55 390 424
236 81 157 489
236 67 230 679
236 296 359 552
236 127 176 583
236 3 45 648
236 186 451 26
236 87 120 925
236 55 153 190
237 238 2 388
237 243 445 587
237 230 291 821
237 293 328 1
237 282 431 310
237 156 232 441
237 153 253 875
237 229 82 572
237 114 482 203
237 21 356 1
237 120 290 1
237 152 287 339
237 173 449 1
237 142 114 975
237 120 214 387
237 186 94 658
237 272 353 119
237 260 249 345
237 119 74 396
237 250 81 429
237 168 20 874
237 110 312 380
237 236 231 1000
237 51 237 545
237 276 330 739
237 267 18 838
237 284 349 1
237 46 500 192
237 277 297 42
237 283 109 344
237 81 500 332
237 247 227 447
237 186 1 502
237 251 276 502
237 9 311 206
237 118 345 515
237 132 470 44
237 126 417 710
237 127 78 914
237 56 163 108
237 129 333 465
237 232 280 247
237 224 411 56
237 152 1 716
237 112 107 699
237 31 69 804
237 156 500 282
237 10 238 822
237 159 374 624
237 224 28 463
237 212 196 275
237 232 225 943
237 294 373 1
237 171 123 763
237 46 500 487
237 267 28 373
237 102 192 1000
237 17 438 509
237 203 227 369
237 206 196 303
237 115 244 1000
237 74 500 453
237 38 206 659
237 293 396 84
237 50 371 1
237 184 354 711
237 96 1 680
237 24 116 416
237 13 273 697
237 294 62 1000
237 247 329 781
237 117 347 284
237 116 5 824
237 149 168 876
237 112 219 962
237 108 290 6
237 6 486 318
237 51 256 448
237 67 375 215
237 104 286 977
237 93 19 366
237 28 308 717
237 87 288 20
237 263 80 992
237 275 1 751
237 56 1 722
237 23 132 1000
237 213 242 767
237 109 467 172
238 239 12 129
238 202 234 1000
238 75 423 325
238 225 300 442
238 0 191 936
238 218 13 778
238 202 96 931
238 256 331 1
238 86 165 377
238 20 312 380
238 87 433 1
238 25 495 324
238 28 500 257
238 89 61 874
238 165 15 478
238 188 210 875
238 66 247 534
238 287 377 492
238 258 500 217
238 34 197 282
238 23 494 432
238 228 2 608
238 113 435 206
238 87 246 742
238 209 390 551
238 286 160 1000
238 250 289 351
238 102 153 1000
238 3 313 609
238 41 198 271
238 191 71 859
238 87 1 718
238 245 29 368
238 45 277 234
238 1 158 157
238 93 126 478
238 19 1 763
238 140 214 1000
238 30 270 159
238 117 1 856
238 252 17 740
238 117 266 735
238 250 226 1
238 254 229 789
238 181 397 753
238 86 79 259
238 98 500 401
238 61 141 1000
238 70 1 720
238 239 339 155
238 140 55 993
238 114 123 374
238 65 373 737
238 215 500 212
238 86 211 36
238 230 178 791
238 18 338 791
238 80 231 381
238 225 338 469
238 150 290 1
238 290 385 342
238 132 174 269
238 105 449 1
238 102 206 903
238 81 1 882
238 290 282 545
238 121 269 1
238 10 90 869
238 115 1 713
238 66 145 1000
238 229 199 877
238 264 309 516
238 144 267 933
238 79 500 284
238 48 15 441
238 8 161 168
238 94 361 703
238 16 261 795
238 259 324 531
238 67 207 516
238 41 50 1000
238 177 267 954
238 109 1 520
238 95 381 92
238 48 402 590
238 197 342 576
238 241 52 1000
238 279 92 1000
238 218 343 876
238 71 247 574
238 110 1 568
238 17 1 615
238 107 22 1000
238 146 131 1000
238 212 111 183
238 42 254 738
238 187 119 1000
239 240 13 963
239 132 7 764
239 145 239 163
239 67 349 1
239 273 267 910
239 81 120 1000
239 221 401 545
239 103 304 428
239 6 326 646
239 89 299 1
239 263 337 606
239 220 483 36
239 248 256 1
239 11 343 696
239 224 100 807
239 128 17 433
239 44 226 470
239 123 1 563
239 55 412 446
239 12 68 588
239 164 252 109
239 215 388 306
239 261 325 313
239 280 281 650
239 4 417 144
239 299 1 624
239 29 355 1
239 143 31 456
239 221 14 698
239 192 113 1000
239 167 127 1000
239 26 138 1000
239 155 124 574
239 106 340 1
239 148 126 1000
239 242 304 302
239 148 20 947
239 250 189 668
239 295 446 594
239 66 101 1000
239 97 343 342
239 47 120 559
239 89 307 1
239 285 302 42
239 289 308 1
239 167 63 849
239 22 43 858
239 123 105 1000
239 140 195 815
239 142 322 329
239 255 167 959
239 274 110 701
239 243 1 770
239 275 485 556
239 214 195 401
239 75 163 675
239 139 200 1000
239 245 472 511
239 182 467 644
239 216 1 754
239 55 1 742
239 91 127 1000
239 65 345 322
239 94 500 399
239 23 191 761
239 29 485 22
239 76 1 827
239 209 250 91
239 261 301 638
239 98 439 507
239 285 336 906
239 33 65 765
239 32 455 1
239 77 500 434
239 142 66 701
239 124 1 654
239 207 321 1
239 0 339 837
239 62 65 548
239 152 19 885
239 284 406 122
239 166 447 82
239 271 351 548
239 34 445 348
239 268 201 476
239 31 111 958
239 167 500 415
239 48 11 954
239 144 305 1
239 299 1 695
239 210 500 135
239 169 500 207
239 189 500 117
239 102 122 1000
239 131 500 317
239 12 500 531
240 241 6 88
240 201 500 112
240 121 500 407
240 201 158 196
240 191 485 1
240 63 372 96
240 278 248 1000
240 138 483 148
240 99 187 255
240 150 36 827
240 241 74 308
240 133 300 112
240 81 11 465
240 296 106 340
240 237 152 631
240 203 179 650
240 297 329 558
240 59 327 585
240 55 36 590
240 165 116 535
240 270 313 640
240 85 500 445
240 213 197 884
240 75 331 761
240 258 457 525
240 34 457 556
240 157 465 615
240 43 170 518
240 278 200 1000
240 99 39 870
240 72 291 1
240 235 262 95
240 136 112 1000
240 200 268 261
240 76 211 947
240 43 54 511
240 141 399 478
240 153 116 684
240 188 204 370
240 140 448 479
240 267 313 181
240 113 350 599
240 23 489 5
240 161 276 146
240 60 322 944
240 73 398 602
240 29 217 437
240 178 233 950
240 148 429 1
240 97 285 19
240 128 413 582
240 69 26 444
240 105 298 955
240 203 118 224
240 126 43 735
240 226 316 589
240 5 188 295
240 98 358 67
240 37 500 176
240 19 448 229
240 158 1 828
240 115 166 162
240 15 454 377
240 62 115 950
240 117 426 443
240 191 104 357
240 79 66 1000
240 94 129 794
240 150 390 1
240 92 34 983
240 32 403 294
240 40 155 821
240 276 327 744
240 250 52 752
240 141 357 617
240 231 314 608
240 1 27 896
240 246 500 342
240 227 500 284
240 248 384 795
240 20 403 1
240 176 387 1
240 133 298 62
240 215 189 434
240 215 454 323
240 109 71 504
240 81 222 605
240 170 255 896
240 230 500 282
240 16 392 533
240 275 310 53
240 154 119 261
240 128 100 709
240 61 94 424
240 227 98 269
240 92 6 663
240 275 194 1000
240 101 96 454
240 244 500 253
240 65 139 668
240 90 449 261
240 184 401 1
240 275 452 1
240 27 249 948
240 229 208 1000
240 292 408 187
241 242 4 14
241 236 229 291
241 209 260 976
241 10 332 660
241 184 177 157
241 39 500 233
241 289 395 735
241 58 346 1
241 156 500 155
241 299 230 529
241 46 500 44
241 147 227 547
241 263 75 782
241 291 1 587
241 267 278 778
241 261 101 1000
241 259 353 607
241 20 340 55
241 67 194 892
241 166 364 244
241 140 198 1000
241 49 373 691
241 250 328 413
241 147 340 1
241 207 267 720
241 212 348 62
241 257 435 581
241 161 82 682
241 274 18 730
241 118 37 432
241 185 428 182
241 221 312 392
241 126 494 189
241 217 1 624
241 29 295 184
241 66 1 626
241 288 172 1000
241 220 500 147
241 151 255 1
241 90 1 618
241 254 16 670
241 16 500 185
241 197 271 918
241 292 98 548
241 114 137 350
241 86 488 275
241 86 111 843
241 248 223 157
241 154 98 1000
241 149 317 188
241 271 359 398
241 143 195 68
241 169 108 454
241 217 1 925
241 184 1 907
241 230 269 382
241 56 90 307
241 288 81 741
241 121 189 406
241 252 447 179
241 31 222 181
241 196 500 375
241 55 67 1000
241 293 154 545
241 200 258 1
241 119 245 1000
241 213 323 24
241 85 211 779
241 275 341 515
241 87 111 871
241 51 500 306
241 271 275 489
241 206 495 533
241 57 373 452
241 35 404 683
241 109 102 906
241 224 124 725
241 211 208 359
241 191 343 1
241 213 392 344
241 90 259 745
241 2 404 656
241 228 1 495
241 101 115 1000
241 261 231 1000
241 23 171 710
241 171 321 46
241 57 433 554
241 55 264 689
241 250 277 468
241 4 235 687
241 151 372 1
241 87 454 631
241 55 250 383
241 5 217 1000
241 197 81 911
241 135 153 479
241 74 1 653
241 168 95 631
242 243 4 964
242 207 312 635
242 25 268 240
242 175 225 486
242 245 360 1
242 46 62 989
242 190 115 680
242 117 379 1
242 92 154 450
242 239 217 1000
242 180 290 1
242 207 139 1000
242 245 500 300
242 234 500 223
242 240 129 1000
242 109 218 972
242 37 93 937
242 27 13 758
242 196 417 189
242 38 354 1
242 177 168 145
242 235 86 569
242 164 261 806
242 152 222 698
242 9 410 238
242 174 379 323
242 63 500 425
242 67 493 398
242 42 17 423
242 176 380 583
242 84 200 124
242 35 377 536
242 178 1 680
242 115 500 454
242 117 458 571
242 119 417 448
242 256 273 676
242 22 191 514
242 160 8 648
242 44 240 449
242 79 162 972
242 272 314 453
242 163 71 951
242 155 356 776
242 174 385 817
242 122 399 767
242 238 325 524
242 19 135 748
242 187 368 1
242 174 300 505
242 240 313 384
242 78 210 590
242 169 357 427
242 153 415 288
242 127 83 680
242 85 61 370
242 205 135 326
242 16 477 304
242 178 289 533
242 200 500 187
242 132 157 615
242 69 295 46
242 51 259 171
242 134 274 122
242 157 291 58
242 258 405 1
242 196 315 785
242 157 334 612
242 52 261 815
242 61 259 44
242 97 162 696
242 50 408 362
242 220 114 917
242 132 1 913
242 102 290 1
242 283 1 868
242 238 100 499
242 163 286 117
242 80 321 3
242 157 18 758
242 216 338 574
242 65 155 288
242 172 244 698
242 213 209 944
242 168 127 190
242 221 352 789
242 249 250 326
242 189 127 897
242 29 329 883
242 44 234 1000
242 217 265 212
242 115 111 258
242 151 100 599
242 170 252 583
242 9 287 228
242 282 291 198
242 108 79 349
242 218 76 396
242 56 458 114
242 83 246 503
242 150 324 735
242 254 105 496
242 67 500 130
242 187 260 521
242 179 458 444
242 92 439 533
242 16 1 771
242 165 285 33
242 172 207 827
242 272 245 305
242 25 144 274
242 199 415 171
242 87 500 159
242 31 417 208
242 9 104 387
242 254 201 1000
242 268 101 884
242 62 272 413
242 263 318 59
243 244 12 412
243 83 400 629
243 291 128 1000
243 217 388 613
243 187 1 630
243 147 500 31
243 111 123 839
243 127 338 169
243 103 236 1000
243 126 161 823
243 126 16 588
243 85 208 449
243 14 447 295
243 99 80 368
243 224 287 370
243 160 25 610
243 145 463 422
243 87 257 530
243 291 1 804
243 221 1 819
243 29 179 925
243 274 26 998
243 230 206 665
243 141 1 591
243 64 153 653
243 176 291 872
243 6 279 1000
243 275 238 684
243 110 392 596
243 42 245 753
243 2 165 893
243 217 450 44
243 41 232 13
243 181 84 774
243 127 106 793
243 3 372 356
243 180 48 770
243 198 185 510
243 238 1 732
243 289 393 107
243 159 429 362
243 215 404 499
243 221 229 1
243 168 213 773
243 283 353 795
243 239 365 868
243 178 242 37
243 71 61 802
243 259 110 1000
243 174 127 392
243 110 232 213
243 248 96 1000
243 129 255 254
243 18 302 1
243 141 357 166
243 24 194 796
243 259 500 510
243 282 44 673
243 34 105 254
243 245 500 551
243 269 244 4
243 217 500 147
243 19 237 251
243 221 48 429
243 280 187 834
243 102 500 430
243 288 364 668
243 192 147 661
243 240 18 845
243 152 419 494
243 12 500 276
243 141 1 564
243 274 305 577
243 286 51 877
243 246 355 541
243 198 327 141
243 189 1 615
243 222 1 444
243 88 372 554
243 151 1 586
243 110 121 906
243 2 423 461
243 231 484 240
243 272 220 396
243 289 333 446
243 197 441 111
243 201 290 970
243 221 55 664
243 222 453 156
243 286 500 340
243 91 211 291
243 147 167 390
243 233 283 151
243 144 255 59
243 209 106 205
244 245 13 491
244 35 500 282
244 200 413 128
244 41 45 733
244 8 173 92
244 37 500 119
244 133 479 577
244 10 420 361
244 126 500 274
244 77 148 606
244 220 180 948
244 89 263 909
244 241 500 217
244 140 67 502
244 0 500 347
244 143 397 201
244 241 242 364
244 203 162 401
244 117 321 924
244 230 500 428
244 269 342 1
244 277 383 1
244 210 329 317
244 40 404 1
244 18 368 825
244 12 1 706
244 233 203 1000
244 270 49 485
244 156 1 725
244 28 228 218
244 51 14 444
244 131 208 551
244 60 305 954
244 265 126 472
244 67 361 1
244 86 166 1000
244 238 464 490
244 77 500 317
244 45 342 655
244 130 30 606
244 51 478 500
244 81 1 930
244 239 311 806
244 64 127 316
244 212 308 540
244 30 1 856
244 224 400 738
244 277 335 844
244 224 1 930
244 38 299 258
244 98 427 684
244 193 497 340
244 118 226 1000
244 72 128 384
244 163 2 941
244 146 75 983
244 243 359 496
244 151 318 810
244 77 285 895
244 70 47 518
244 51 209 803
244 62 150 436
244 293 1 895
244 35 268 798
244 96 394 150
244 106 203 703
244 297 298 653
244 183 230 442
244 36 500 132
244 59 500 160
244 49 310 145
244 205 1 438
244 71 1 854
244 44 324 897
244 83 374 1
244 213 1 659
244 297 18 850
244 12 83 880
244 204 89 420
244 72 132 201
244 150 306 365
244 167 164 326
244 10 81 597
244 164 373 396
244 24 206 575
244 103 368 192
244 249 324 483
245 246 16 676
245 138 1 626
245 146 72 477
245 197 109 1000
245 223 212 419
245 128 292 946
245 233 238 326
245 297 262 854
245 262 500 109
245 54 208 663
245 107 319 804
245 255 48 620
245 4 349 820
245 280 341 590
245 76 248 929
245 125 500 181
245 18 289 858
245 82 456 537
245 28 30 551
245 77 228 748
245 56 330 1
245 103 97 492
245 167 363 456
245 271 500 223
245 223 195 981
245 93 447 628
245 286 31 942
245 152 479 313
245 68 425 624
245 177 320 929
245 136 500 382
245 233 500 503
245 233 42 552
245 252 250 338
245 10 195 64
245 107 354 1
245 197 275 400
245 265 1 607
245 292 500 82
245 66 191 1000
245 66 77 654
245 104 372 851
245 249 1 689
245 147 195 1000
245 72 202 558
245 88 379 346
245 197 200 390
245 111 208 411
245 141 173 490
245 75 1 513
245 286 281 599
245 269 349 161
245 29 330 230
245 40 79 427
245 141 247 1000
245 259 115 390
245 18 224 742
245 0 82 492
245 179 500 346
245 99 201 160
245 35 38 992
245 125 184 804
245 59 326 809
245 242 108 395
245 166 72 784
245 237 333 365
245 108 372 111
245 55 345 1
245 199 297 275
245 62 2 1000
245 31 241 224
245 104 190 367
245 84 111 262
245 190 157 462
245 93 138 583
245 56 500 163
245 220 379 106
245 244 128 615
245 135 187 216
245 70 290 1
245 32 154 1000
245 191 250 937
245 272 267 745
245 185 270 234
245 110 263 1
245 143 431 223
245 196 339 364
245 89 262 1000
245 100 500 323
245 145 129 883
245 47 235 172
245 50 227 151
246 247 12 201
246 273 47 767
246 224 500 302
246 222 408 44
246 196 397 6
246 161 427 689
246 97 350 692
246 159 104 1000
246 47 457 595
246 200 301 195
246 78 156 521
246 161 365 1
246 121 478 627
246 187 355 573
246 278 406 122
246 70 189 284
246 29 392 60
246 229 263 652
246 141 1 709
246 97 106 207
246 214 319 686
246 280 81 460
246 225 483 554
246 31 500 280
246 43 294 714
246 71 402 170
246 31 280 45
246 140 421 475
246 173 357 1
246 0 205 167
246 168 500 333
246 14 500 285
246 186 133 961
246 170 369 519
246 95 433 120
246 147 465 543
246 280 10 620
246 191 268 942
246 254 500 290
246 66 85 395
246 181 122 379
246 126 265 665
246 106 48 729
246 150 314 200
246 278 29 433
246 137 260 1000
246 116 195 259
246 31 500 98
246 283 181 784
246 226 473 271
246 13 50 966
246 199 219 1000
246 95 342 566
246 60 481 1
246 20 500 487
246 256 205 670
246 51 500 514
246 219 1 731
246 150 299 886
246 159 263 727
246 39 298 38
246 35 253 934
246 136 459 158
246 59 500 468
246 132 248 582
246 247 25 588
246 254 233 876
246 184 1 766
246 210 212 726
246 122 1 576
246 152 1 819
246 199 9 553
246 270 479 480
246 225 108 220
246 190 183 764
246 199 431 370
246 122 2 791
246 58 353 1
246 194 181 1000
246 108 112 1000
246 198 204 181
246 72 1 667
246 115 1 736
246 66 154 338
246 261 442 643
246 109 371 321
246 276 500 343
246 91 360 424
246 236 244 796
246 237 1 740
246 278 178 87
246 177 137 354
246 2 420 1
246 39 75 608
246 132 67 554
246 63 396 800
246 10 386 302
246 169 100 1000
246 292 328 515
246 73 223 678
246 112 27 652
246 97 423 179
246 298 197 821
247 248 16 280
247 27 341 724
247 36 436 426
247 285 78 839
247 198 83 855
247 229 51 728
247 14 92 323
247 212 500 170
247 35 93 298
247 190 296 211
247 25 500 322
247 153 264 626
247 84 295 499
247 255 18 860
247 125 1 662
247 204 161 1000
247 299 111 908
247 279 231 870
247 204 1 762
247 16 141 359
247 96 373 234
247 111 117 1000
247 56 130 172
247 87 77 801
247 114 309 1
247 8 1 754
247 38 1 630
247 129 418 646
247 299 1 493
247 12 285 86
247 20 78 307
247 262 336 263
247 179 185 1000
247 269 207 729
247 31 1 439
247 178 163 728
247 7 392 1
247 261 1 819
247 43 411 453
247 261 1 765
247 292 302 933
247 27 399 500
247 90 91 989
247 203 122 598
247 227 500 289
247 1 471 82
247 201 56 732
247 30 165 827
247 4 398 392
247 24 288 104
247 231 267 644
247 157 182 734
247 21 198 1000
247 14 437 324
247 216 308 165
247 43 453 1
247 267 355 810
247 2 270 1
247 79 500 547
247 126 500 412
247 93 1 614
247 67 478 444
247 176 134 426
247 117 368 1
247 90 121 1000
247 61 138 428
247 214 303 80
247 108 211 282
247 182 1 707
247 201 123 333
247 213 315 381
247 239 63 780
247 73 237 785
247 279 342 905
247 224 46 528
247 183 163 1000
247 285 61 403
247 249 16 1000
247 146 429 512
247 149 401 1
247 258 500 81
247 220 297 966
247 154 1 841
247 162 117 266
247 263 500 91
247 166 500 163
247 85 461 388
247 15 1 789
247 282 129 275
248 249 8 75
248 246 451 368
248 21 223 720
248 50 1 655
248 166 158 810
248 269 86 506
248 41 171 302
248 174 228 545
248 257 210 40
248 290 239 127
248 4 316 1
248 17 337 275
248 32 224 831
248 33 260 475
248 77 500 266
248 253 129 1000
248 253 384 38
248 110 315 621
248 75 1 729
248 74 126 532
248 73 364 648
248 167 214 737
248 211 500 375
248 194 160 422
248 112 228 42
248 245 139 894
248 207 119 280
248 296 117 329
248 185 79 976
248 147 455 159
248 226 162 678
248 194 1 867
248 133 162 1000
248 134 1 570
248 213 500 221
248 200 273 45
248 64 316 63
248 116 156 419
248 116 356 358
248 21 1 569
248 77 316 469
248 39 466 219
248 145 247 331
248 288 1 801
248 170 248 284
248 86 258 1
248 200 382 700
248 85 406 646
248 197 310 517
248 80 494 1
248 223 284 39
248 279 199 899
248 160 17 870
248 176 1 598
248 118 167 1000
248 218 95 755
248 223 296 697
248 1 351 178
248 144 491 224
248 53 1 688
248 273 160 1000
248 143 127 316
248 18 70 289
248 169 380 153
248 117 169 990
248 100 32 809
248 252 500 473
248 230 409 414
248 158 1 688
248 61 406 290
248 111 98 598
248 140 235 628
248 175 1 608
248 86 233 587
248 243 500 254
248 51 310 1
248 254 386 512
248 137 49 355
248 192 462 247
248 78 426 626
248 279 1 601
248 298 1 614
248 280 1 621
248 281 1 661
248 273 40 620
248 275 224 125
248 41 500 354
248 5 178 407
248 169 99 521
248 267 1 615
248 7 83 307
248 265 197 67
249 250 16 613
249 278 190 106
249 271 122 770
249 36 163 619
249 204 67 1000
249 190 184 196
249 113 195 1000
249 226 308 708
249 253 1 922
249 180 155 631
249 235 179 1000
249 21 337 852
249 183 109 881
249 172 109 254
249 241 64 1000
249 90 60 477
249 59 142 124
249 256 442 167
249 171 405 1
249 55 103 784
249 54 96 270
249 215 377 380
249 213 1 650
249 206 137 377
249 29 126 1000
249 136 376 1
249 130 170 156
249 21 49 632
249 77 1 757
249 243 500 102
249 143 1 803
249 280 142 1000
249 46 499 419
249 23 372 660
249 180 415 15
249 182 209 452
249 172 54 868
249 187 381 1
249 29 301 151
249 219 500 299
249 209 164 155
249 183 155 878
249 72 372 477
249 65 500 312
249 288 158 544
249 145 191 913
249 41 500 425
249 52 226 1
249 75 500 193
249 248 454 29
249 0 71 499
249 15 25 616
249 214 437 43
249 175 360 146
249 265 10 897
249 55 396 602
249 95 420 96
249 89 260 667
249 266 311 1
249 206 270 484
249 189 422 523
249 238 14 792
249 14 1 766
249 240 500 132
249 137 253 40
249 241 102 801
249 227 266 569
249 119 370 1
249 203 211 927
249 111 439 186
249 293 15 520
249 9 273 82
249 142 1 779
249 144 369 1
249 268 282 974
249 224 103 284
249 95 89 901
249 93 417 327
249 55 35 967
249 134 143 263
249 182 108 308
249 109 370 584
249 144 176 975
249 92 202 400
249 133 386 1
249 207 176 306
249 63 483 225
249 147 63 830
249 8 455 484
249 235 449 68
249 267 164 733
249 211 85 672
249 299 408 1
249 107 232 222
249 93 240 866
249 194 402 243
249 63 1 690
249 172 68 1000
249 299 1 518
249 56 39 426
249 105 96 221
249 50 404 271
249 61 321 499
249 229 178 768
249 203 500 456
249 86 1 439
249 68 471 270
250 251 2 933
250 288 43 1000
250 12 500 401
250 151 367 801
250 35 316 931
250 90 296 566
250 290 206 947
250 22 351 724
250 297 500 182
250 67 20 806
250 49 81 596
250 222 353 651
250 3 500 366
250 66 219 1000
250 284 358 460
250 200 173 458
250 167 192 296
250 184 97 282
250 65 75 886
250 228 276 811
250 274 77 1000
250 161 384 89
250 177 408 1
250 142 1 653
250 22 180 532
250 28 230 595
250 41 116 501
250 221 222 897
250 281 500 220
250 138 98 264
250 94 183 1000
250 223 362 439
250 94 405 1
250 229 223 779
250 156 176 101
250 74 380 347
250 59 157 1000
250 163 1 509
250 115 389 1
250 149 113 651
250 232 372 1
250 39 500 476
250 4 94 1000
250 63 324 810
250 233 300 1
250 27 1 699
250 224 284 297
250 103 132 716
250 160 214 345
250 44 193 400
250 201 437 159
250 178 1 453
250 293 500 215
250 187 433 123
250 298 500 229
250 84 57 677
250 152 3 959
250 142 70 508
250 118 53 615
250 257 99 333
250 131 1 726
250 207 500 476
250 26 500 383
250 273 342 1
250 231 87 1000
250 86 368 1
250 230 113 1000
250 35 307 1
250 160 431 456
250 285 394 1
250 105 43 795
250 136 500 317
250 108 358 552
250 24 224 214
250 16 500 56
250 144 497 204
250 230 173 852
250 265 137 398
250 89 210 358
250 22 357 93
250 258 181 1000
250 178 145 770
250 233 370 454
250 82 1 810
250 142 107 859
250 2 202 1000
250 80 300 301
250 190 1 882
250 298 500 440
250 294 422 692
250 213 259 917
250 32 407 1
250 260 286 305
250 46 1 554
251 252 1 157
251 76 163 836
251 17 198 234
251 101 233 904
251 94 1 723
251 114 61 572
251 145 500 202
251 50 172 592
251 267 47 920
251 204 378 40
251 187 5 703
251 48 106 377
251 76 279 1
251 294 91 432
251 111 129 824
251 91 169 1000
251 189 211 186
251 68 201 256
251 289 370 242
251 105 133 160
251 68 364 500
251 14 76 426
251 42 448 451
251 143 144 1000
251 48 353 692
251 196 168 225
251 282 137 343
251 218 42 762
251 26 72 374
251 29 378 123
251 25 500 304
251 50 423 226
251 196 283 825
251 37 500 184
251 48 117 765
251 66 33 456
251 38 500 280
251 213 65 434
251 215 212 620
251 179 228 1000
251 32 461 370
251 78 500 212
251 222 1 894
251 111 459 658
251 54 382 650
251 295 388 793
251 85 352 206
251 219 1 658
251 262 82 855
251 71 64 675
251 43 403 503
251 74 368 825
251 5 155 105
251 145 1 771
251 113 455 599
251 86 1 591
251 34 1 470
251 72 261 265
251 18 486 364
251 228 74 332
251 264 104 995
251 121 188 744
251 71 381 695
251 128 460 509
251 253 236 199
251 84 155 1000
251 19 145 348
251 242 105 709
251 183 468 8
251 252 434 453
251 137 249 604
251 59 431 462
251 131 221 535
251 195 341 129
251 38 199 665
251 254 303 764
251 254 83 1000
251 173 500 285
251 8 381 1
251 233 183 43
251 105 101 1000
251 132 437 1
251 51 4 508
251 244 433 639
251 66 139 695
251 262 359 1
251 284 132 702
251 81 1 701
251 207 386 396
251 218 37 416
251 44 316 1
251 160 485 587
251 245 26 880
251 226 238 8
251 180 143 1000
251 183 218 602
251 32 285 761
251 249 249 53
252 253 6 317
252 122 161 126
252 32 90 1000
252 61 243 811
252 38 202 131
252 169 1 590
252 64 196 1000
252 137 373 1
252 47 183 650
252 144 47 874
252 134 500 464
252 126 1 714
252 283 171 630
252 43 353 290
252 129 498 507
252 209 345 133
252 72 428 413
252 79 88 658
252 207 183 1000
252 9 225 1000
252 150 335 686
252 81 235 14
252 34 453 312
252 226 439 1
252 144 245 364
252 190 1 887
252 260 1 843
252 62 1 858
252 154 1 484
252 268 305 456
252 290 486 495
252 269 251 398
252 132 430 462
252 122 1 722
252 214 500 235
252 198 91 342
252 282 231 725
252 147 322 456
252 264 323 184
252 39 252 1
252 153 434 457
252 188 180 955
252 282 189 360
252 272 403 403
252 41 315 915
252 242 324 897
252 72 281 1
252 136 267 809
252 130 223 65
252 234 193 410
252 289 313 655
252 177 363 335
252 138 199 539
252 132 500 382
252 145 228 374
252 217 372 1
252 118 248 392
252 265 147 335
252 208 224 821
252 64 368 1
252 31 87 488
252 40 487 505
252 216 260 1
252 233 199 202
252 142 458 677
252 282 1 573
252 150 474 68
252 166 223 906
252 8 284 1
252 289 141 1000
252 264 266 32
252 281 291 856
252 53 170 203
252 17 176 565
252 135 301 626
252 21 154 429
252 227 500 350
252 236 318 826
252 168 184 793
252 299 40 622
252 85 1 518
252 228 384 1
252 148 424 129
252 64 34 546
252 93 387 1
252 263 48 888
252 117 192 218
252 234 63 332
252 98 333 827
252 272 446 598
252 259 420 399
252 158 14 636
252 128 113 845
252 44 422 140
252 140 284 3
252 265 209 23
252 95 246 996
252 33 500 286
252 189 41 506
252 260 134 1000
252 134 340 630
252 264 1 563
252 104 1 704
252 163 458 679
252 31 97 340
252 167 500 303
252 157 206 477
252 94 295 433
252 4 500 233
252 148 344 1
252 205 78 402
252 200 104 1000
252 109 341 617
252 227 500 87
252 297 74 1000
252 259 306 287
253 254 11 924
253 185 244 1
253 38 373 1
253 97 172 1000
253 138 213 663
253 205 177 460
253 156 127 813
253 158 67 1000
253 80 1 650
253 136 237 748
253 99 413 258
253 232 126 1000
253 149 167 786
253 3 142 899
253 169 273 1
253 107 219 401
253 109 442 681
253 43 1 649
253 85 415 526
253 267 362 188
253 61 300 517
253 292 86 575
253 228 339 64
253 23 285 142
253 204 391 173
253 61 500 243
253 88 262 703
253 69 331 265
253 106 235 1000
253 39 124 593
253 137 361 434
253 183 66 899
253 256 411 453
253 2 367 45
253 214 154 637
253 74 194 1000
253 204 109 1000
253 191 500 387
253 41 338 600
253 289 422 674
253 264 302 370
253 125 410 770
253 65 186 928
253 184 499 228
253 28 124 168
253 187 414 746
253 5 309 835
253 141 158 445
253 124 158 590
253 39 397 392
253 284 47 759
253 67 211 1000
253 7 44 440
253 46 500 568
253 195 93 918
253 142 201 503
253 226 334 7
253 19 500 402
253 203 108 319
253 61 324 104
253 204 220 269
253 141 256 855
253 110 379 471
253 41 131 870
253 217 414 528
253 206 266 608
253 296 366 588
253 106 233 859
253 267 451 1
253 151 414 248
253 214 114 527
253 81 179 813
253 92 264 801
253 292 500 136
253 271 266 969
253 199 460 132
254 255 6 494
254 299 140 1000
254 169 477 612
254 78 332 289
254 158 413 56
254 151 30 404
254 232 401 453
254 175 161 332
254 38 81 846
254 202 1 807
254 132 282 298
254 191 500 367
254 44 199 48
254 195 426 1
254 203 102 1000
254 206 418 704
254 249 208 26
254 53 251 998
254 89 199 838
254 193 316 662
254 250 1 795
254 264 295 860
254 184 189 1000
254 200 118 1000
254 205 500 509
254 240 440 1
254 134 496 175
254 2 333 16
254 203 500 216
254 66 500 295
254 44 384 536
254 238 237 278
254 115 288 1000
254 164 500 355
254 33 35 781
254 37 500 121
254 222 143 903
254 289 158 1000
254 204 444 419
254 119 220 109
254 115 328 1
254 158 334 1
254 178 116 904
254 250 354 442
254 111 1 685
254 202 500 383
254 289 500 92
254 283 98 680
254 290 314 314
254 214 500 543
254 99 348 1
254 91 1 821
254 182 164 372
254 128 429 356
254 136 181 1000
254 237 308 19
254 244 24 717
254 276 1 716
254 91 1 683
254 97 391 395
254 128 319 1
254 266 351 258
254 208 467 445
254 45 266 508
254 156 113 763
254 99 194 282
254 96 339 183
254 203 119 314
254 199 255 805
254 175 261 502
254 200 186 439
254 83 1 695
254 111 351 751
254 49 263 807
254 233 144 758
254 271 186 453
254 142 91 759
254 123 267 648
254 119 246 915
254 43 113 1000
254 275 432 149
254 23 467 409
254 133 461 88
254 229 331 721
254 36 233 363
254 170 219 723
254 239 212 486
254 99 203 567
254 233 388 310
254 94 464 360
254 185 484 9
254 64 266 459
254 8 266 768
254 144 450 302
254 60 43 482
254 225 160 1000
254 6 257 629
254 188 500 381
254 82 345 424
254 253 429 200
254 249 442 59
254 18 59 301
254 226 97 267
254 151 335 191
255 256 10 292
255 196 437 391
255 246 279 222
255 271 305 617
255 75 141 316
255 142 500 101
255 30 1 684
255 101 313 328
255 37 161 981
255 107 299 937
255 292 213 974
255 121 1 693
255 135 1 503
255 211 66 795
255 250 500 359
255 125 338 39
255 60 129 220
255 184 170 248
255 43 415 1
255 47 232 45
255 141 500 278
255 75 83 584
255 235 1 738
255 17 1 417
255 68 57 377
255 190 1 629
255 6 130 661
255 181 403 690
255 105 105 242
255 171 154 237
255 165 500 102
255 242 500 345
255 229 328 851
255 103 331 381
255 44 202 36
255 81 153 1000
255 20 240 31
255 278 500 176
255 39 175 464
255 9 1 777
255 212 186 771
255 269 361 378
255 261 436 8
255 19 57 800
255 27 47 876
255 202 500 33
255 298 285 324
255 142 379 237
255 158 500 390
255 196 254 558
255 243 500 175
255 277 254 410
255 58 342 1
255 270 298 237
255 64 420 701
255 71 500 394
255 134 223 798
255 105 10 630
255 27 33 588
255 243 280 71
255 286 101 1000
255 180 347 569
255 162 500 209
255 84 500 223
255 70 166 193
255 69 246 238
255 126 85 884
255 159 280 977
255 99 295 622
255 105 84 751
255 95 1 773
255 133 233 190
255 186 364 139
255 240 1 893
255 250 293 294
255 62 44 532
255 299 228 110
255 48 326 96
255 6 391 1
255 140 459 615
255 146 226 443
255 133 2 626
255 276 421 426
255 82 354 1
255 56 171 297
255 69 473 625
255 284 259 311
255 22 500 230
255 101 500 435
255 94 84 781
255 41 151 1000
255 78 500 519
255 9 375 591
255 9 377 644
255 207 436 385
255 120 379 474
255 257 148 498
255 8 348 1
255 243 500 213
255 1 184 236
255 188 1 486
255 152 195 1000
255 235 368 384
256 257 7 860
256 290 208 1000
256 105 469 234
256 147 1 900
256 190 251 828
256 211 21 1000
256 169 476 245
256 44 9 917
256 171 438 696
256 118 178 955
256 281 215 862
256 41 159 1000
256 252 10 448
256 196 483 573
256 90 94 711
256 169 181 361
256 156 116 335
256 223 380 563
256 7 351 1
256 222 396 563
256 16 357 1
256 226 16 950
256 188 452 502
256 37 1 698
256 226 374 656
256 60 289 76
256 246 10 1000
256 149 1 933
256 277 227 106
256 125 274 956
256 103 500 321
256 59 340 691
256 47 319 895
256 135 178 877
256 10 195 792
256 218 361 1
256 182 500 207
256 37 406 279
256 82 141 686
256 153 367 371
256 44 255 615
256 161 1 602
256 212 120 685
256 225 351 662
256 36 500 461
256 237 500 216
256 61 179 1000
256 149 271 202
256 37 269 596
256 184 228 335
256 260 247 279
256 284 318 852
256 287 490 57
256 174 279 1
256 119 414 124
256 61 239 423
256 116 444 352
256 86 115 642
256 188 1 857
256 58 413 1
256 272 500 328
256 66 1 833
256 64 215 192
256 118 441 711
256 126 205 214
256 118 283 1
256 82 14 809
256 276 309 259
256 71 149 179
256 257 245 792
256 140 299 172
256 49 130 949
256 151 499 414
256 164 147 406
256 28 1 716
256 6 6 960
256 33 1 640
256 3 183 520
256 11 261 511
256 187 464 103
256 7 400 220
256 137 290 386
256 111 266 964
256 268 111 501
256 21 3 842
256 290 452 1
256 105 157 923
256 259 203 86
256 238 500 255
256 8 130 1000
256 62 410 758
256 134 365 466
256 282 500 180
256 166 387 1
256 3 282 231
256 238 173 409
256 24 219 821
256 234 396 39
256 104 302 501
256 252 275 150
256 252 228 603
256 0 380 812
256 36 328 882
256 173 314 369
256 55 234 315
256 243 74 333
257 258 7 256
257 23 406 787
257 63 265 141
257 265 113 895
257 221 321 298
257 180 273 77
257 6 119 170
257 47 212 998
257 288 1 691
257 132 475 233
257 111 500 330
257 168 265 899
257 173 20 407
257 239 149 981
257 221 203 284
257 271 412 1
257 118 195 982
257 59 500 78
257 178 403 427
257 149 45 390
257 155 83 1000
257 194 159 240
257 265 317 450
257 47 500 340
257 262 500 286
257 21 135 199
257 166 231 57
257 191 211 818
257 46 1 840
257 9 298 1
257 224 314 1
257 3 1 936
257 188 143 579
257 230 457 220
257 40 1 656
257 228 1 685
257 295 1 453
257 116 453 125
257 63 267 625
257 135 1 616
257 117 154 641
257 139 401 672
257 211 51 518
257 141 316 281
257 52 500 369
257 274 121 281
257 259 118 1000
257 167 1 597
257 266 276 301
257 60 1 626
257 246 100 816
257 128 205 54
257 118 375 306
257 4 280 465
257 73 275 107
257 251 243 103
257 117 162 292
257 245 314 294
257 123 159 907
257 131 213 1000
257 138 4 759
257 195 444 1
257 103 138 295
257 289 499 311
257 244 1 518
257 58 500 102
257 82 187 543
257 166 204 1000
257 18 1 551
257 221 163 88
257 256 276 71
257 21 340 242
257 216 500 175
257 74 386 1
257 255 22 639
257 4 1 823
257 100 299 1
257 2 261 1
257 236 178 324
257 97 126 573
257 120 195 1000
257 254 8 618
257 227 451 20
257 103 178 471
257 58 1 879
257 178 30 699
257 226 310 1
257 180 129 965
257 202 324 948
257 142 276 1
257 162 233 166
257 66 500 464
257 14 285 899
258 259 9 224
258 244 383 603
258 90 17 599
258 44 488 461
258 299 268 786
258 259 500 172
258 29 500 195
258 246 380 504
258 33 382 1
258 33 231 587
258 217 152 1000
258 103 6 688
258 100 435 138
258 72 84 350
258 41 1 830
258 274 125 182
258 51 29 532
258 240 500 254
258 29 465 343
258 62 380 66
258 84 205 592
258 172 19 784
258 227 41 645
258 270 411 291
258 98 102 224
258 191 8 776
258 275 478 205
258 215 478 382
258 45 268 429
258 127 124 174
258 116 500 196
258 180 151 408
258 237 455 316
258 255 1 765
258 282 141 525
258 19 391 312
258 265 500 443
258 37 500 127
258 48 29 631
258 216 182 709
258 59 1 781
258 166 132 663
258 281 373 544
258 271 216 937
258 153 38 865
258 190 114 587
258 172 421 494
258 241 182 781
258 270 51 662
258 292 441 143
258 109 306 84
258 33 1 631
258 139 1 659
258 141 61 304
258 174 19 729
258 167 159 1000
258 216 1 528
258 173 304 1
258 254 212 1000
258 9 131 487
258 205 437 1
258 52 337 426
258 35 232 10
258 132 500 335
258 212 169 1000
258 48 357 1
258 252 448 219
258 126 187 933
258 62 102 850
258 223 500 284
258 282 274 664
258 13 211 1000
258 177 450 427
258 142 107 240
258 129 327 752
258 225 135 305
258 156 327 474
258 288 302 328
258 161 381 1
258 282 417 366
258 82 136 912
258 170 196 203
258 98 79 540
258 122 215 343
258 225 389 397
258 235 313 770
258 77 237 493
258 156 284 970
258 7 94 725
258 5 500 397
258 299 43 1000
258 213 420 297
258 132 97 975
258 36 189 300
258 150 1 703
258 245 68 650
258 135 1 443
258 85 1 534
258 281 323 260
258 265 1 758
258 30 336 679
258 99 80 1000
259 260 6 609
259 250 35 694
259 138 162 592
259 298 235 948
259 95 231 144
259 235 204 869
259 207 58 768
259 156 1 732
259 268 135 1000
259 276 500 321
259 225 86 576
259 280 415 710
259 296 402 576
259 98 220 300
259 138 447 583
259 72 302 500
259 16 461 236
259 94 1 786
259 235 389 434
259 80 443 286
259 182 1 843
259 25 164 852
259 227 500 307
259 77 306 846
259 129 1 496
259 75 187 645
259 10 274 412
259 10 185 1000
259 258 130 432
259 274 276 1000
259 104 356 817
259 217 110 1000
259 265 213 730
259 147 8 909
259 225 266 198
259 9 215 52
259 200 439 708
259 195 177 63
259 96 455 184
259 78 142 644
259 119 375 1
259 118 335 1
259 184 166 337
259 86 500 217
259 161 365 789
259 144 500 40
259 180 417 555
259 261 244 973
259 286 167 1000
259 24 299 240
259 186 164 197
259 213 110 1000
259 251 428 200
259 127 476 194
259 201 355 500
259 73 349 493
259 102 500 268
259 85 233 380
259 194 243 378
259 251 348 514
259 228 155 1000
259 254 409 37
259 45 57 564
259 62 365 46
259 10 500 556
259 92 500 387
259 71 478 91
259 289 189 515
259 226 290 183
259 93 356 126
259 211 18 981
259 229 107 764
259 285 424 732
259 83 500 304
259 143 223 534
259 100 59 918
259 298 54 387
259 40 148 177
259 252 349 663
259 162 21 838
259 98 500 238
259 224 154 633
259 184 500 254
259 174 75 1000
259 36 370 341
259 281 468 466
259 174 161 1000
259 51 68 719
259 263 327 748
259 295 209 170
259 29 138 1000
259 11 301 532
259 75 102 587
259 122 210 22
259 155 267 1000
259 190 235 18
259 125 271 420
259 170 93 460
259 90 438 137
259 256 341 213
259 119 165 127
259 102 10 438
259 20 284 497
259 292 289 713
259 254 372 689
259 198 219 305
259 258 387 411
260 261 12 637
260 249 274 86
260 110 195 576
260 75 186 722
260 173 444 174
260 87 500 163
260 51 353 482
260 45 131 245
260 62 1 793
260 101 1 802
260 294 500 415
260 125 73 710
260 11 500 374
260 231 84 916
260 39 301 940
260 212 240 510
260 222 302 108
260 61 154 922
260 224 459 32
260 252 402 736
260 193 258 159
260 258 26 410
260 175 145 1000
260 154 294 117
260 210 490 63
260 267 484 470
260 147 159 508
260 66 236 458
260 191 338 545
260 274 333 725
260 139 169 271
260 235 500 395
260 203 301 722
260 104 245 714
260 36 377 724
260 265 62 368
260 153 371 1
260 140 500 128
260 54 500 244
260 40 36 1000
260 64 470 582
260 38 67 689
260 1 449 90
260 108 240 43
260 93 447 656
260 162 1 826
260 46 109 841
260 122 474 231
260 218 323 409
260 81 302 1
260 164 261 684
260 226 236 1000
260 242 500 332
260 183 109 507
260 219 56 482
260 63 316 312
260 66 319 158
260 4 244 239
260 78 403 171
260 243 495 498
260 121 186 813
260 62 500 358
260 279 448 425
260 126 89 1000
260 160 495 421
260 296 106 338
260 115 197 244
260 141 70 648
260 24 500 323
260 192 349 445
260 190 185 458
260 155 135 1000
260 149 387 190
260 224 227 549
260 247 282 1
260 243 331 364
260 116 1 920
260 243 237 8
260 63 129 454
260 104 180 882
260 170 483 549
260 176 343 1
260 160 179 143
260 18 241 389
260 80 1 812
260 72 236 702
260 18 253 203
260 270 416 293
260 138 477 416
260 245 474 219
260 194 437 252
260 273 500 49
260 67 457 77
260 184 350 309
260 206 370 767
260 21 358 1
260 4 52 309
260 286 475 6
260 74 272 522
260 161 148 1000
260 194 496 111
260 84 180 855
260 59 112 686
260 28 347 1
260 181 338 704
260 43 210 105
260 223 148 289
260 127 175 248
260 284 232 118
260 251 434 129
261 262 13 374
261 288 119 834
261 100 346 567
261 45 207 1000
261 270 327 157
261 247 147 700
261 157 104 840
261 207 198 501
261 60 466 402
261 1 338 605
261 72 144 805
261 43 363 1
261 215 175 890
261 87 128 855
261 216 337 760
261 113 248 1
261 148 227 74
261 215 406 1
261 282 1 585
261 64 473 215
261 153 500 439
261 249 223 1
261 185 313 1
261 12 1 701
261 119 72 278
261 4 253 540
261 58 487 300
261 150 332 198
261 234 59 522
261 17 456 126
261 43 160 876
261 188 203 226
261 246 429 1
261 236 136 505
261 226 226 357
261 237 64 391
261 135 121 1000
261 190 1 727
261 144 153 344
261 148 39 742
261 217 296 414
261 287 260 6
261 122 500 402
261 5 86 284
261 273 384 351
261 188 106 1000
261 143 331 789
261 39 436 382
261 291 342 906
261 241 176 519
261 146 500 255
261 13 1 660
261 62 362 1
261 268 260 1
261 121 271 93
261 79 58 326
261 122 287 1000
261 2 500 81
261 165 500 284
261 94 349 268
261 189 274 823
261 103 204 606
261 55 435 709
261 266 485 493
261 216 255 227
261 173 221 925
261 148 1 726
261 122 143 887
261 263 418 658
261 37 400 508
261 136 347 14
261 180 202 219
261 249 1 791
261 187 264 624
261 195 195 33
261 297 338 790
261 183 33 516
261 239 357 674
261 67 328 424
261 240 163 836
261 180 1 952
261 252 179 557
261 72 291 579
261 11 142 1000
261 43 140 421
261 118 166 279
261 289 315 931
261 8 412 1
261 281 346 408
261 202 348 1
261 38 246 661
261 110 223 135
261 274 429 307
261 32 186 266
261 0 54 321
261 119 1 645
261 207 110 522
261 99 373 3
261 206 377 1
261 103 147 119
261 74 255 547
261 249 133 946
261 96 262 1
261 226 197 555
261 259 434 565
261 226 452 250
261 42 19 685
262 263 1 383
262 137 61 922
262 100 154 382
262 238 310 473
262 64 404 357
262 165 199 506
262 24 462 132
262 18 290 753
262 282 1 849
262 197 1 779
262 10 500 284
262 248 408 157
262 160 162 487
262 251 500 501
262 54 92 1000
262 50 472 267
262 136 364 811
262 285 364 156
262 67 256 716
262 256 108 339
262 35 337 117
262 81 500 298
262 189 366 1
262 283 374 703
262 166 294 200
262 3 157 255
262 204 328 465
262 280 81 745
262 83 237 101
262 196 35 708
262 56 225 750
262 194 312 790
262 95 102 518
262 154 243 579
262 10 73 638
262 299 74 649
262 79 280 968
262 118 310 877
262 87 355 569
262 181 476 557
262 290 360 848
262 237 391 738
262 138 332 22
262 178 1 727
262 254 20 940
262 142 284 909
262 221 15 520
262 241 1 719
262 104 197 562
262 255 13 992
262 200 1 665
262 204 197 254
262 255 381 1
262 67 203 446
262 182 299 914
262 89 1 598
262 251 346 566
262 242 153 1000
262 12 239 487
262 234 386 394
262 77 41 837
262 125 407 470
262 43 1 734
262 128 477 283
262 242 402 541
262 246 274 1000
262 152 305 1
262 107 3 427
262 292 500 124
262 271 70 309
262 110 73 549
262 147 347 898
262 239 237 511
262 89 500 583
262 176 22 678
262 130 99 235
262 42 206 797
262 111 295 929
262 129 215 863
262 92 318 646
263 264 11 912
263 257 227 689
263 57 281 657
263 291 402 46
263 97 500 538
263 126 329 267
263 237 149 183
263 265 49 643
263 218 92 314
263 152 192 585
263 296 309 6
263 176 57 1000
263 54 72 869
263 190 39 632
263 182 1 707
263 188 190 23
263 27 56 652
263 206 273 1
263 49 409 494
263 23 46 422
263 187 15 969
263 70 281 712
263 69 315 487
263 288 338 170
263 101 500 209
263 172 347 646
263 102 195 559
263 47 170 498
263 199 204 169
263 226 150 334
263 142 182 976
263 55 291 257
263 268 346 1
263 184 218 1000
263 145 455 373
263 127 433 610
263 272 198 231
263 164 331 551
263 136 434 1
263 111 36 474
263 63 289 584
263 284 231 923
263 132 376 95
263 234 376 1
263 53 136 640
263 151 257 777
263 78 1 888
263 187 248 396
263 43 310 82
263 156 142 823
263 35 139 326
263 13 423 1
263 61 119 778
263 81 120 1000
263 125 348 536
263 114 126 293
263 212 253 204
263 36 98 484
263 157 402 1
263 143 394 1
263 12 387 398
263 128 370 210
263 295 402 514
263 219 486 159
263 60 411 659
263 44 364 767
263 178 126 838
263 48 280 131
263 11 222 565
263 289 418 546
263 217 189 1000
263 174 245 568
263 174 471 615
263 118 188 752
263 286 74 613
263 10 173 422
263 211 500 300
263 72 141 126
263 61 91 311
263 245 158 1000
263 65 167 414
263 195 386 92
263 88 174 1000
263 99 213 873
263 86 269 14
263 214 433 1
263 148 455 603
263 289 471 185
263 225 1 542
263 163 1 558
263 168 418 1
263 30 308 798
263 52 440 196
263 19 1 851
263 110 357 1
263 40 1 598
263 224 238 88
263 161 272 98
263 262 341 514
263 151 186 796
263 120 119 1000
263 125 135 455
263 190 279 1
263 177 201 1000
263 14 1 760
264 265 11 894
264 39 500 346
264 265 159 377
264 30 368 81
264 98 345 82
264 203 402 266
264 151 284 328
264 293 328 752
264 260 308 886
264 108 259 61
264 11 224 573
264 292 500 321
264 149 306 429
264 224 431 502
264 93 324 914
264 202 1 781
264 150 246 3
264 171 22 509
264 67 174 464
264 250 1 732
264 33 51 530
264 81 456 287
264 141 291 700
264 201 189 848
264 67 299 970
264 90 204 548
264 182 375 527
264 276 500 254
264 35 186 659
264 241 283 733
264 173 287 669
264 276 36 836
264 65 307 318
264 160 377 711
264 240 152 780
264 141 195 991
264 71 462 592
264 56 243 426
264 38 222 737
264 65 38 913
264 65 396 55
264 58 353 1
264 159 453 351
264 196 296 594
264 171 230 1
264 99 229 171
264 143 259 569
264 94 226 803
264 38 205 243
264 101 500 200
264 232 294 1
264 265 252 815
264 175 388 199
264 172 195 925
264 187 391 94
264 223 500 112
264 100 102 982
264 106 480 134
264 57 500 547
264 227 223 163
264 128 230 575
264 21 154 689
264 166 288 990
264 6 197 1000
264 164 460 434
264 175 500 268
264 189 193 312
264 230 391 750
264 17 241 103
264 44 425 455
264 133 72 652
264 7 353 392
264 23 118 228
264 38 222 720
264 10 430 380
264 6 224 284
264 42 358 36
264 100 327 547
264 248 30 688
264 294 15 711
264 280 184 425
264 84 438 47
264 106 500 261
264 1 199 1000
265 266 7 38
265 200 52 435
265 90 261 1000
265 51 366 1
265 86 279 354
265 242 171 598
265 224 276 943
265 75 276 731
265 252 248 368
265 120 500 215
265 13 1 548
265 200 232 690
265 50 319 334
265 292 1 737
265 85 175 1000
265 151 155 1000
265 26 423 1
265 281 500 284
265 108 116 561
265 88 500 209
265 31 282 1000
265 199 267 1
265 160 196 1000
265 117 500 139
265 244 59 294
265 92 486 550
265 52 208 593
265 217 29 774
265 83 191 405
265 23 1 568
265 183 311 253
265 140 446 1
265 237 191 125
265 161 109 1000
265 199 155 149
265 223 500 454
265 81 398 658
265 131 402 284
265 277 500 480
265 181 348 584
265 297 119 994
265 248 77 543
265 217 122 1000
265 3 357 55
265 127 403 316
265 144 174 993
265 261 127 189
265 65 3 838
265 57 367 625
265 226 500 271
265 204 107 1000
265 138 339 60
265 276 180 158
265 69 70 1000
265 264 296 955
265 182 500 254
265 255 169 947
265 188 298 315
265 88 199 938
265 258 1 732
265 233 295 748
265 163 66 540
265 139 335 1
265 30 354 163
265 95 388 199
265 197 226 287
265 295 421 672
265 62 71 580
265 72 232 1000
265 189 447 1
265 149 256 614
265 290 27 681
265 115 258 88
265 72 385 692
265 281 500 381
265 146 82 965
265 80 358 1
265 146 279 995
265 218 89 1000
265 8 71 786
265 107 373 1
265 13 452 451
265 233 497 459
265 112 326 133
265 188 257 577
265 158 163 1000
265 103 421 1
265 241 1 607
265 68 196 212
265 93 432 399
265 177 382 1
265 287 312 921
265 141 133 734
265 294 178 1000
265 136 227 273
265 246 468 376
265 120 175 411
265 38 329 798
265 165 433 28
265 16 48 1000
265 15 249 1
265 147 217 229
266 267 5 393
266 55 215 638
266 289 385 276
266 79 286 383
266 250 329 1
266 116 71 996
266 247 328 1
266 157 172 412
266 240 341 679
266 206 222 989
266 249 17 782
266 142 375 286
266 267 396 149
266 255 337 1
266 49 457 508
266 159 452 677
266 236 305 84
266 207 171 1000
266 157 90 1000
266 166 123 969
266 24 50 895
266 298 240 842
266 62 304 827
266 138 239 594
266 66 311 154
266 61 479 1
266 141 394 50
266 279 315 513
266 285 393 1
266 40 230 1000
266 272 162 373
266 270 356 1
266 23 40 826
266 36 139 967
266 82 83 666
266 158 398 691
266 97 473 515
266 233 168 1000
266 124 94 937
266 284 55 650
266 49 500 251
266 49 500 248
266 12 291 764
266 33 149 352
266 239 496 112
266 230 126 654
266 250 37 757
266 258 74 555
266 19 1 500
266 288 137 1000
266 2 151 1000
266 259 70 645
266 90 79 656
266 68 1 582
266 97 398 1
266 226 481 297
266 67 468 1
266 119 209 232
266 288 148 781
266 73 217 732
266 62 40 846
266 91 221 138
266 185 141 594
266 3 452 1
266 127 341 1
266 5 112 433
266 195 135 461
266 74 8 958
266 209 152 101
266 238 500 254
266 198 119 379
266 275 333 1
266 16 228 986
266 166 242 913
266 94 132 960
266 175 268 1000
266 122 461 115
266 123 65 917
266 274 497 309
266 3 184 1000
266 69 388 410
266 31 500 134
266 117 408 39
266 284 454 345
266 236 95 416
266 87 230 672
266 176 1 678
266 135 214 206
266 111 500 136
266 91 134 497
266 127 355 1
267 268 15 801
267 212 243 577
267 254 347 758
267 129 210 587
267 110 474 1
267 174 255 23
267 137 204 567
267 6 283 994
267 233 472 133
267 144 314 274
267 151 140 1000
267 76 282 834
267 250 46 395
267 132 148 935
267 122 15 439
267 108 500 129
267 228 186 1000
267 284 233 578
267 274 327 515
267 82 500 263
267 108 270 1000
267 220 190 673
267 35 32 628
267 90 457 144
267 56 476 320
267 199 91 1000
267 99 87 491
267 125 208 71
267 238 1 648
267 128 500 386
267 109 500 212
267 95 37 695
267 281 500 186
267 183 200 135
267 178 74 1000
267 165 23 775
267 271 216 1000
267 53 446 174
267 297 327 413
267 212 65 943
267 245 378 1
267 38 316 719
267 188 393 337
267 269 170 953
267 283 393 543
267 62 239 1000
267 105 25 1000
267 128 193 706
267 261 338 1
267 143 500 435
267 160 68 558
267 226 227 613
267 208 255 510
267 102 304 954
267 162 500 173
267 70 226 574
267 50 326 276
267 183 500 221
267 180 1 463
267 49 144 677
267 44 424 609
267 116 72 360
267 225 2 451
267 121 500 303
267 155 347 664
267 168 248 1
267 270 267 260
267 23 1 720
267 170 124 444
267 73 176 940
267 251 197 1000
267 12 343 807
267 263 70 510
267 227 500 287
267 223 70 363
267 141 319 62
267 273 371 1
267 35 337 206
267 57 335 9
267 71 240 944
267 88 500 309
267 171 331 1
267 5 500 316
267 274 133 396
267 268 334 284
267 249 500 186
267 90 168 100
267 43 1 694
267 216 181 676
267 173 500 271
267 166 279 1
268 269 10 311
268 97 500 271
268 101 486 222
268 259 23 459
268 81 292 21
268 182 108 780
268 122 354 1
268 142 48 616
268 89 263 1000
268 68 118 754
268 145 180 176
268 291 222 283
268 123 153 711
268 67 130 825
268 130 359 247
268 194 500 413
268 172 1 719
268 137 109 379
268 277 73 738
268 250 443 241
268 206 253 752
268 281 245 193
268 290 424 379
268 235 312 932
268 183 423 738
268 33 337 473
268 165 183 644
268 165 1 624
268 215 500 268
268 134 248 1000
268 28 356 39
268 76 158 1000
268 185 426 1
268 239 369 726
268 46 147 1000
268 237 117 971
268 110 347 1
268 293 414 387
268 91 166 680
268 224 224 652
268 19 224 766
268 237 411 329
268 259 274 352
268 19 271 859
268 295 281 294
268 51 116 951
268 218 144 613
268 101 99 566
268 244 256 570
268 283 446 511
268 62 294 152
268 134 265 533
268 53 193 231
268 198 500 372
268 105 181 533
268 207 1 652
268 106 9 897
268 150 487 525
268 120 228 609
268 37 335 1
268 3 290 320
268 143 211 385
268 265 1 932
268 112 231 217
268 127 191 872
268 55 364 453
268 298 500 262
268 26 220 570
268 173 1 709
268 166 152 790
268 94 384 540
268 214 166 108
268 157 398 1
268 195 23 399
268 77 232 300
268 281 134 899
268 210 425 90
268 22 417 128
268 127 272 101
268 31 500 263
268 97 219 421
268 196 219 652
268 177 170 327
268 157 410 542
268 45 77 691
268 128 148 1000
268 207 478 141
268 46 137 980
268 59 228 243
268 265 62 1000
268 193 500 60
268 206 254 685
268 130 242 366
268 77 110 607
268 246 263 416
268 149 159 422
268 298 194 1000
268 280 256 705
268 149 431 462
268 289 183 913
268 1 173 781
268 107 218 600
268 163 340 403
269 270 9 34
269 186 77 344
269 72 471 40
269 34 16 957
269 111 217 747
269 169 393 635
269 65 136 471
269 69 393 2
269 32 232 368
269 254 174 539
269 207 9 888
269 122 101 971
269 16 277 53
269 227 315 852
269 53 128 1000
269 216 500 244
269 64 500 385
269 185 116 370
269 203 489 153
269 20 119 296
269 92 63 973
269 242 430 188
269 81 408 729
269 26 254 830
269 241 393 324
269 69 500 179
269 132 487 150
269 10 500 95
269 41 359 759
269 113 94 604
269 87 283 882
269 40 495 378
269 294 391 1
269 21 1 640
269 278 367 584
269 175 1 679
269 4 1 764
269 279 311 102
269 214 1 746
269 199 374 709
269 12 500 548
269 170 222 691
269 118 500 220
269 49 1 628
269 255 356 332
269 32 265 1000
269 187 198 516
269 281 424 543
269 140 83 392
269 122 278 26
269 102 233 83
269 168 24 623
269 166 500 210
269 25 371 478
269 204 98 503
269 71 500 397
269 160 221 769
269 135 434 539
269 277 370 1
269 268 275 707
269 41 1 727
269 136 217 965
269 75 20 929
269 85 500 269
269 10 135 1000
269 264 160 1000
269 49 234 662
270 271 10 71
270 145 185 298
270 89 149 314
270 143 84 415
270 144 334 763
270 35 472 266
270 284 332 40
270 146 270 1
270 145 295 565
270 185 500 358
270 8 174 112
270 277 249 711
270 179 376 386
270 14 102 425
270 271 71 868
270 88 379 797
270 219 250 1000
270 183 409 58
270 210 232 945
270 247 500 285
270 76 449 180
270 131 78 761
270 15 154 477
270 273 406 550
270 258 140 744
270 38 464 590
270 251 399 51
270 216 500 281
270 16 162 769
270 9 73 861
270 129 63 826
270 61 327 31
270 275 362 416
270 299 339 757
270 64 417 425
270 103 266 659
270 181 395 1
270 110 353 1
270 77 308 178
270 267 491 212
270 7 159 137
270 174 162 835
270 134 469 496
270 6 204 642
270 228 500 275
270 191 412 727
270 220 104 436
270 7 199 239
270 16 373 1
270 162 429 305
270 109 357 1
270 131 1 616
270 8 261 533
270 229 279 302
270 137 54 913
270 263 1 886
270 46 21 797
270 75 500 482
270 125 13 677
270 163 1 778
270 67 397 235
270 12 348 170
270 260 80 644
270 100 363 833
270 24 305 923
270 186 254 947
270 114 214 61
270 31 202 208
270 132 180 306
270 201 170 568
270 62 294 181
270 224 500 461
270 108 199 198
270 262 217 1000
270 231 198 799
270 230 1 555
270 45 64 791
270 43 290 1
270 252 1 551
270 40 432 1
270 185 287 383
270 280 385 458
270 36 64 995
270 208 422 694
270 161 104 414
270 198 96 545
270 231 113 465
270 124 1 722
270 115 400 1
270 75 134 331
270 173 448 99
270 205 412 1
270 208 107 540
270 218 322 389
270 240 314 409
270 96 420 236
270 284 242 1
270 78 257 888
270 28 355 465
270 113 146 945
270 280 263 800
270 74 360 70
270 100 500 314
270 27 361 693
271 272 16 738
271 39 1 522
271 105 500 125
271 162 1 790
271 191 10 573
271 207 256 261
271 152 289 411
271 102 321 840
271 173 213 848
271 248 103 1000
271 58 115 881
271 122 230 1000
271 241 390 90
271 112 443 282
271 96 1 677
271 28 279 374
271 242 128 612
271 123 377 2
271 83 430 717
271 77 201 140
271 42 377 261
271 1 500 384
271 194 33 566
271 138 87 512
271 3 192 1000
271 287 205 831
271 204 500 271
271 114 141 966
271 218 225 1000
271 157 439 172
271 197 461 416
271 170 500 396
271 250 46 999
271 202 200 680
271 258 45 706
271 128 279 373
271 161 200 328
271 131 82 791
271 176 293 394
271 154 147 411
271 20 327 448
271 270 240 105
271 230 237 412
271 153 320 351
271 259 329 580
271 296 228 297
271 279 189 1000
271 44 166 203
271 225 219 1000
271 151 3 495
271 73 466 590
271 193 376 1
271 158 500 382
271 157 420 675
271 198 345 228
271 216 329 553
271 119 348 1
271 287 96 972
271 63 125 1000
271 235 339 62
271 240 125 695
271 216 457 1
271 257 87 429
271 115 1 687
271 289 380 187
271 32 216 99
271 170 260 742
271 61 396 317
271 109 286 690
271 58 388 537
271 67 370 1
271 54 469 458
271 32 364 1
271 5 109 741
271 93 109 576
271 217 1 605
271 128 434 703
271 210 59 363
271 38 166 726
271 150 500 293
271 93 117 1000
271 215 133 970
271 192 230 346
271 90 264 383
271 59 500 303
271 232 489 368
271 93 325 45
271 135 171 597
271 111 312 65
271 27 32 650
271 275 465 377
271 74 264 202
271 290 1 418
271 81 280 529
271 148 33 404
271 233 379 386
271 203 198 98
271 164 1 910
272 273 9 87
272 267 12 404
272 77 249 505
272 86 7 994
272 123 350 1
272 17 193 634
272 145 201 797
272 157 203 1000
272 123 146 941
272 71 1 762
272 133 122 1000
272 55 450 191
272 107 13 831
272 164 498 379
272 154 121 1000
272 174 410 1
272 271 179 809
272 44 1 845
272 181 77 867
272 19 400 162
272 213 384 1
272 177 332 202
272 167 239 390
272 270 337 681
272 149 460 484
272 24 17 706
272 122 450 203
272 218 416 375
272 42 164 230
272 280 33 870
272 168 488 1
272 82 422 470
272 206 116 1000
272 290 156 313
272 101 220 387
272 27 500 250
272 81 233 337
272 191 354 513
272 238 82 571
272 7 500 273
272 254 500 390
272 204 1 798
272 84 345 1
272 297 204 368
272 28 64 970
272 80 343 383
272 207 389 514
272 28 303 797
272 203 500 296
272 96 259 709
272 94 310 759
272 64 279 674
272 137 322 1
272 75 25 494
272 173 284 360
272 137 500 208
272 230 396 1
272 82 498 326
272 171 126 201
272 34 285 983
272 74 347 1
272 248 252 1000
272 40 43 325
272 285 263 107
272 270 500 336
272 245 1 755
272 241 86 628
272 112 202 603
272 299 500 321
272 86 203 992
272 273 324 200
272 201 368 1
272 138 264 1
272 278 29 769
272 168 365 509
272 209 77 317
272 16 29 564
272 75 280 133
272 146 207 485
272 102 1 622
272 109 388 24
272 165 348 288
272 206 313 121
272 254 310 1
272 217 10 745
272 179 365 303
272 274 198 881
272 243 78 1000
272 180 325 949
272 258 500 358
272 26 500 323
272 259 402 90
272 13 160 845
272 217 140 1000
272 84 405 1
272 0 500 225
272 80 17 423
272 195 67 704
272 0 131 979
272 137 169 1000
272 33 165 911
272 236 500 353
272 56 96 1000
272 35 68 900
272 268 132 779
272 273 37 979
273 274 6 525
273 25 152 603
273 295 28 514
273 50 500 357
273 114 1 738
273 17 119 491
273 158 163 684
273 59 450 1
273 114 87 989
273 109 110 270
273 56 250 636
273 173 13 507
273 44 393 764
273 79 331 444
273 100 346 700
273 268 362 1
273 278 198 220
273 285 209 682
273 62 1 547
273 147 1 733
273 171 1 765
273 294 428 334
273 287 393 665
273 248 304 119
273 161 27 568
273 235 426 191
273 242 307 1
273 136 269 444
273 22 294 587
273 226 74 673
273 262 193 554
273 243 287 1
273 244 380 232
273 184 20 610
273 270 93 225
273 217 10 675
273 72 342 876
273 7 441 664
273 203 256 677
273 150 500 329
273 39 21 877
273 9 234 975
273 15 500 438
273 29 224 1000
273 228 363 423
273 291 187 595
273 288 376 306
273 213 106 793
273 111 221 749
273 112 489 168
273 93 205 1000
273 220 211 276
273 244 500 397
273 79 263 781
273 265 412 186
273 16 143 586
273 166 200 281
273 189 316 1
273 267 366 629
273 196 1 778
273 193 234 972
273 196 393 325
273 257 162 258
273 296 430 603
273 65 309 247
273 143 13 457
273 117 414 87
273 282 120 1000
273 98 414 519
273 21 500 315
273 18 155 970
273 222 500 449
273 182 266 64
273 40 281 684
273 258 372 4
273 255 150 531
273 243 330 303
273 258 325 138
273 217 255 98
273 178 171 864
273 68 326 695
273 46 66 993
273 229 139 562
273 72 246 1000
273 173 16 937
273 250 294 905
273 123 136 475
273 269 389 594
273 251 349 1
273 57 226 509
273 127 85 695
273 41 500 488
273 89 417 532
273 102 160 850
273 265 469 1
273 105 500 558
273 239 331 1
273 97 138 778
273 232 391 682
273 209 315 171
273 42 429 115
273 188 395 11
273 6 345 1
273 146 117 789
273 128 375 71
273 194 346 33
273 92 1 976
273 243 379 839
273 104 443 285
274 275 12 819
274 294 500 387
274 171 403 346
274 147 500 368
274 113 236 826
274 207 499 375
274 211 447 285
274 22 409 453
274 34 500 478
274 13 1 554
274 40 282 494
274 246 382 399
274 51 143 1000
274 102 303 787
274 159 432 661
274 202 141 287
274 286 1 754
274 151 397 160
274 138 338 588
274 265 500 371
274 175 249 327
274 58 500 333
274 122 486 192
274 291 282 460
274 278 73 686
274 118 25 975
274 137 232 615
274 249 1 518
274 32 462 4
274 30 1 694
274 80 259 1000
274 294 1 517
274 276 238 844
274 196 397 684
274 244 1 716
274 61 200 746
274 45 232 161
274 242 264 809
274 118 12 443
274 265 235 839
274 91 474 158
274 123 500 297
274 107 270 1
274 85 208 538
274 56 31 827
274 119 500 197
274 208 353 8
274 291 338 417
274 109 404 253
274 249 500 355
274 132 391 629
274 77 1 721
274 171 385 606
274 197 19 768
274 60 500 233
274 81 264 245
274 140 55 400
274 64 459 1
274 141 401 355
274 141 162 448
274 40 235 254
274 57 1 766
274 255 1 944
274 272 286 694
274 96 226 1000
274 256 411 1
274 30 149 911
274 239 347 527
274 99 1 470
274 288 1 799
274 256 459 315
274 285 263 65
274 297 331 717
274 277 1 840
274 233 274 455
274 107 360 355
274 246 1 504
274 154 390 537
274 111 413 1
274 4 398 561
274 225 1 845
274 92 62 953
274 12 500 302
274 278 1 976
274 121 262 83
274 213 77 1000
274 149 5 486
274 290 380 634
275 276 11 588
275 52 497 463
275 61 22 473
275 273 76 632
275 272 214 688
275 116 174 1000
275 8 1 630
275 207 9 705
275 277 456 447
275 30 281 414
275 50 67 613
275 201 135 474
275 129 223 336
275 78 267 538
275 239 256 659
275 193 1 609
275 76 226 481
275 260 218 186
275 134 74 701
275 174 232 465
275 22 276 217
275 77 114 718
275 102 416 1
275 32 461 127
275 50 500 264
275 210 474 370
275 212 68 597
275 121 157 1000
275 259 410 754
275 34 343 1
275 144 255 842
275 254 121 1000
275 149 189 1000
275 243 470 262
275 161 94 239
275 278 367 354
275 74 81 578
275 233 177 504
275 283 229 129
275 21 269 668
275 167 297 82
275 124 399 513
275 145 385 331
275 128 354 775
275 57 201 757
275 155 87 479
275 187 373 1
275 146 358 535
275 204 290 1
275 158 120 262
275 51 244 721
275 29 224 573
275 46 500 255
275 211 251 1
275 120 371 672
275 106 124 912
275 177 433 346
275 159 242 1
275 30 247 1000
275 152 145 1000
275 258 496 90
275 155 129 777
275 166 348 343
275 242 226 793
275 63 55 815
275 288 404 168
275 235 174 327
275 78 500 387
275 48 375 537
275 66 248 391
275 273 324 178
275 48 395 1
275 175 381 429
275 255 242 990
275 182 476 629
275 104 269 482
275 106 244 58
275 188 244 954
275 184 1 805
275 216 369 1
275 259 347 769
275 155 481 501
275 31 164 795
275 61 442 305
275 101 53 838
275 219 477 27
275 144 397 1
275 14 500 424
275 261 103 1000
275 30 1 516
275 155 138 1000
275 280 13 768
275 222 200 376
275 167 138 952
275 106 194 683
275 13 500 128
275 245 500 211
275 63 96 908
275 204 500 84
275 106 27 634
275 104 269 380
276 277 10 989
276 293 1 706
276 16 455 386
276 192 207 546
276 49 12 738
276 275 340 544
276 295 500 414
276 95 470 520
276 200 291 737
276 65 500 408
276 137 85 400
276 291 435 197
276 67 41 409
276 202 1 854
276 293 1 767
276 93 382 510
276 138 317 866
276 138 229 834
276 8 1 792
276 269 500 269
276 184 53 299
276 85 1 730
276 142 159 331
276 217 289 1
276 18 1 774
276 101 445 627
276 253 111 762
276 199 163 77
276 286 92 435
276 95 296 477
276 285 425 655
276 251 42 641
276 250 123 344
276 23 194 279
276 8 468 1
276 35 500 390
276 195 1 598
276 110 8 674
276 108 124 630
276 233 276 174
276 130 253 630
276 44 282 805
276 182 500 72
276 220 392 798
276 200 215 1000
276 93 433 327
276 175 353 346
276 21 234 854
276 295 151 1000
276 7 161 145
276 1 96 282
276 41 261 857
276 272 113 933
276 45 216 987
276 138 206 844
276 12 168 900
276 218 500 324
276 29 487 441
276 103 25 671
276 97 238 16
276 216 326 776
276 116 184 581
276 170 1 825
276 63 1 722
276 262 432 567
276 237 368 86
276 93 170 235
276 257 320 1
276 34 1 828
276 56 224 194
276 108 296 126
276 0 397 1
276 110 1 689
276 22 397 412
276 173 90 922
276 248 159 1000
276 47 223 534
276 206 317 941
276 136 268 930
276 2 275 621
276 155 398 741
276 212 79 1000
276 251 376 218
276 178 309 729
276 163 319 710
276 185 168 145
276 287 161 154
276 23 242 1000
276 236 207 960
276 70 468 561
276 291 500 390
277 278 7 199
277 177 1 459
277 67 500 375
277 68 500 305
277 207 218 19
277 111 320 820
277 27 1 792
277 158 225 1000
277 180 259 1
277 208 500 262
277 180 394 619
277 114 146 225
277 170 450 388
277 60 261 1000
277 270 222 385
277 179 114 934
277 34 361 265
277 54 332 927
277 234 88 638
277 202 4 424
277 191 159 1000
277 291 222 78
277 6 76 973
277 262 462 1
277 26 48 539
277 28 430 1
277 44 402 1
277 228 459 590
277 33 383 516
277 206 203 115
277 197 451 75
277 154 500 65
277 138 36 413
277 52 393 491
277 213 381 461
277 244 248 147
277 213 406 381
277 91 419 468
277 224 256 72
277 103 1 642
277 70 229 326
277 274 500 283
277 78 422 650
277 145 215 364
277 286 419 182
277 239 500 526
277 255 399 12
277 49 499 337
277 11 500 415
277 20 71 842
277 111 117 415
277 296 143 1000
277 200 215 197
277 273 191 91
277 224 311 109
277 42 500 465
277 104 145 437
277 72 404 784
277 79 127 928
277 166 182 1000
277 144 187 215
277 77 214 1
277 105 142 887
277 20 269 512
277 117 407 460
277 124 443 194
277 236 227 178
277 178 500 458
277 75 1 736
277 115 1 681
277 156 157 1000
277 76 1 672
277 15 50 965
277 263 145 821
277 200 397 1
277 295 103 1000
277 144 342 400
277 142 97 675
277 199 434 324
277 265 431 719
277 17 346 829
277 108 458 516
277 288 486 570
277 293 268 904
277 158 363 25
277 189 375 100
277 152 155 381
277 220 321 367
277 257 110 641
277 162 178 536
277 172 85 947
277 161 500 113
277 60 338 569
277 5 305 950
277 5 218 18
277 12 238 722
277 286 352 797
277 236 64 481
277 288 1 700
277 234 469 250
277 33 123 1000
277 68 188 438
277 139 193 288
278 279 1 893
278 226 215 698
278 0 469 1
278 247 21 654
278 47 81 827
278 239 161 944
278 93 195 110
278 158 285 39
278 225 1 895
278 86 500 56
278 207 243 695
278 218 148 227
278 215 93 875
278 22 438 251
278 58 14 443
278 128 352 895
278 293 270 345
278 219 181 442
278 218 358 219
278 261 108 940
278 92 163 818
278 246 75 809
278 163 132 314
278 51 500 182
278 204 1 674
278 218 344 264
278 40 281 367
278 91 348 239
278 70 424 264
278 39 89 333
278 197 153 310
278 81 204 418
278 115 1 581
278 51 205 282
278 117 22 678
278 18 500 397
278 141 8 567
278 197 10 408
278 27 1 432
278 52 162 790
278 50 286 159
278 94 500 242
278 86 162 616
278 32 226 632
278 26 365 134
278 51 339 701
278 267 317 681
278 282 379 23
278 134 143 480
278 86 263 748
278 149 458 509
278 121 317 11
278 289 339 1
278 188 479 87
278 164 1 809
278 10 500 357
278 287 339 1
278 231 207 224
278 123 429 357
278 81 64 546
278 111 1 691
278 17 214 1000
278 284 121 806
278 298 314 126
278 247 500 512
278 268 391 300
278 148 415 138
278 229 435 16
278 121 392 46
278 90 364 1
278 189 319 805
278 134 254 238
278 132 1 984
278 11 194 667
278 54 43 967
278 103 500 293
278 141 68 503
278 214 138 806
278 239 203 5
278 18 283 168
278 80 334 252
278 92 470 331
278 211 297 313
278 254 1 814
278 34 408 346
278 145 1 661
278 288 500 358
278 26 277 137
278 289 155 903
278 96 471 1
278 298 500 429
278 110 102 583
278 23 111 244
278 168 189 639
278 289 214 876
278 180 123 913
278 260 1 442
278 242 107 513
278 157 1 917
278 160 154 1000
278 56 219 256
278 223 420 669
278 181 85 376
278 47 322 552
278 239 132 1000
278 110 109 709
278 99 407 1
278 244 1 709
278 277 280 207
278 59 293 806
278 9 207 965
278 157 334 297
278 135 1 890
278 80 58 865
278 116 183 1000
278 157 53 932
278 122 329 409
278 74 152 1000
279 280 2 95
279 102 271 692
279 140 1 772
279 255 45 435
279 273 219 12
279 39 33 593
279 242 497 71
279 179 206 678
279 171 137 599
279 295 452 99
279 134 1 764
279 156 420 730
279 143 227 421
279 68 500 171
279 274 133 1000
279 79 363 176
279 172 250 403
279 231 317 469
279 157 219 656
279 144 298 463
279 33 1 616
279 203 237 369
279 12 294 1
279 52 400 641
279 293 37 670
279 182 59 978
279 115 460 222
279 69 32 665
279 149 1 669
279 137 85 613
279 102 399 114
279 147 500 234
279 278 31 920
279 135 348 1
279 141 341 575
279 57 65 648
279 296 143 582
279 201 108 855
279 182 500 533
279 266 245 758
279 63 355 471
279 22 122 596
279 192 200 770
279 137 381 704
279 187 284 484
279 84 168 858
279 32 325 139
279 139 263 200
279 4 46 362
279 41 225 885
279 45 123 934
279 156 202 131
279 184 410 1
279 32 296 209
279 78 395 250
279 144 386 241
279 38 73 274
279 188 274 370
279 50 374 673
279 6 384 451
279 25 253 857
279 90 418 1
279 288 331 294
279 142 353 1
279 4 162 815
279 212 137 675
279 122 23 494
279 117 273 617
279 176 330 63
279 262 362 1
279 71 417 480
279 243 141 144
279 96 28 696
279 201 298 107
279 69 165 312
279 163 468 12
279 260 500 228
279 183 172 399
279 80 468 67
279 122 270 975
279 111 497 80
279 276 199 712
280 281 1 459
280 186 344 535
280 274 275 317
280 159 175 655
280 156 280 267
280 113 423 1
280 69 1 862
280 264 112 294
280 68 263 214
280 191 313 292
280 100 252 274
280 175 1 595
280 132 176 1000
280 147 1 470
280 6 290 623
280 124 1 871
280 113 380 550
280 130 1 726
280 248 19 977
280 86 57 1000
280 22 1 687
280 206 276 90
280 51 303 930
280 164 500 277
280 48 414 630
280 46 439 258
280 210 94 806
280 293 107 763
280 107 500 516
280 141 234 819
280 229 223 924
280 92 219 802
280 181 1 913
280 4 500 283
280 18 1 488
280 23 143 274
280 287 444 187
280 158 385 772
280 191 254 22
280 50 106 454
280 189 207 998
280 4 500 31
280 127 60 645
280 60 66 906
280 167 96 906
280 86 453 1
280 127 125 314
280 200 241 72
280 197 264 1
280 186 1 605
280 119 1 720
280 184 317 134
280 28 156 572
280 20 500 346
280 285 426 434
280 240 313 151
280 297 213 572
280 110 337 576
280 238 1 758
280 90 258 477
280 51 195 1000
280 120 473 562
280 2 203 340
280 208 500 110
280 200 363 856
280 271 398 751
280 198 337 235
280 205 500 498
280 204 1 566
280 135 355 1
280 189 204 349
280 102 203 1000
280 210 157 573
280 283 426 418
280 48 492 74
280 287 421 66
280 274 1 712
280 97 220 606
280 284 99 315
280 229 308 1
280 121 153 1000
280 97 203 380
280 259 7 814
280 78 145 649
280 269 356 309
280 196 245 1000
280 76 343 236
280 152 356 351
280 83 84 1000
280 141 367 261
280 91 386 794
280 242 163 567
281 282 2 330
281 12 171 943
281 155 288 862
281 214 1 877
281 252 252 300
281 234 321 312
281 283 319 670
281 35 11 939
281 268 60 889
281 286 209 584
281 45 437 20
281 249 217 1
281 28 500 232
281 8 443 50
281 269 1 656
281 282 260 467
281 59 138 802
281 147 412 545
281 205 154 324
281 255 360 395
281 149 500 298
281 223 300 80
281 71 375 226
281 111 444 629
281 125 373 559
281 93 232 573
281 99 180 970
281 4 500 525
281 259 435 306
281 233 475 483
281 222 244 712
281 57 198 672
281 56 341 763
281 61 190 579
281 172 408 706
281 131 332 1
281 159 500 226
281 260 341 532
281 71 212 364
281 211 344 1
281 173 239 97
281 203 140 691
281 2 46 485
281 266 248 660
281 288 163 795
281 11 90 1000
281 268 364 245
281 123 325 509
281 65 115 291
281 42 334 359
281 154 331 925
281 101 394 1
281 290 428 1
281 113 341 1
281 67 45 377
281 44 428 1
281 90 81 726
281 166 172 1000
281 189 145 329
281 81 213 959
281 288 500 483
281 94 300 465
281 144 266 875
281 299 399 515
281 128 500 484
281 248 170 812
281 32 249 391
281 93 383 1
281 62 240 152
281 72 359 203
281 167 116 414
281 155 1 623
281 27 297 518
281 269 380 1
281 131 416 425
281 226 58 621
281 101 1 762
281 80 65 859
281 245 192 1000
281 50 399 114
281 177 103 942
281 255 1 505
281 110 137 420
281 72 268 417
281 61 44 1000
281 22 191 427
281 274 161 696
281 234 145 1000
281 7 473 541
281 234 325 443
281 161 252 989
282 283 4 155
282 265 299 908
282 247 1 712
282 268 206 1000
282 219 177 614
282 12 419 1
282 166 1 841
282 272 328 615
282 55 476 173
282 156 377 520
282 123 398 278
282 92 99 385
282 285 217 742
282 5 69 533
282 215 312 673
282 205 388 1
282 143 401 138
282 27 335 895
282 67 429 393
282 162 136 262
282 277 77 945
282 89 191 268
282 28 210 828
282 118 469 520
282 79 278 1000
282 188 324 1
282 53 160 1000
282 254 500 478
282 27 309 1
282 224 318 607
282 156 131 198
282 199 163 1000
282 179 35 345
282 41 186 195
282 1 2 753
282 144 334 1
282 247 307 1
282 182 413 318
282 206 115 1000
282 283 126 742
282 73 150 428
282 247 48 548
282 19 296 735
282 29 258 553
282 114 500 340
282 54 449 42
282 220 95 526
282 86 161 1000
282 98 66 280
282 165 188 645
282 255 327 708
282 187 365 1
282 176 166 651
282 40 276 392
282 162 437 322
282 76 500 229
282 270 156 1000
282 157 357 359
282 297 500 330
282 86 314 676
282 87 80 440
282 81 288 520
282 172 420 708
282 44 130 1000
282 144 1 705
282 243 284 622
282 268 380 1
282 19 3 916
282 251 1 825
282 194 327 16
282 54 374 747
282 3 69 1000
282 277 500 332
282 208 219 763
282 233 24 824
282 235 89 750
282 81 500 139
282 176 101 1000
282 17 65 310
282 292 457 373
282 128 309 1
282 173 386 180
282 256 1 761
282 41 327 160
282 267 48 894
282 230 1 637
282 22 427 47
282 154 179 254
282 237 457 267
282 273 336 767
282 87 352 669
282 98 146 428
282 43 264 1
282 40 157 107
282 292 404 1
282 216 298 425
282 243 60 439
282 161 248 199
282 3 84 766
282 110 334 534
282 46 141 1000
282 247 1 462
282 277 151 683
282 255 140 602
282 98 269 1
282 285 1 692
282 201 488 170
282 176 359 500
282 37 453 200
282 229 127 854
282 158 60 995
282 149 195 92
282 284 367 415
282 171 12 748
282 123 322 1
282 264 227 647
282 31 156 721
282 195 254 75
282 288 126 684
282 91 251 691
283 284 10 920
283 205 248 850
283 213 128 760
283 247 165 1000
283 296 194 939
283 106 197 184
283 182 105 556
283 75 92 735
283 280 171 569
283 122 104 234
283 80 280 868
283 122 500 220
283 81 438 483
283 70 108 848
283 252 129 379
283 93 189 731
283 35 390 229
283 170 224 417
283 240 106 194
283 38 207 754
283 139 405 448
283 175 227 7
283 38 327 1
283 115 260 336
283 93 414 299
283 76 204 38
283 134 16 987
283 210 117 326
283 81 500 199
283 275 264 271
283 114 282 1
283 170 57 286
283 164 457 564
283 71 69 410
283 238 103 248
283 98 134 792
283 205 29 611
283 60 500 277
283 0 65 441
283 53 87 1000
283 56 285 162
283 22 315 2
283 192 240 935
283 123 125 514
283 151 42 996
283 106 1 672
283 89 1 805
283 133 209 904
283 150 253 643
283 29 372 792
283 212 276 575
283 172 1 665
283 155 500 464
283 207 281 1
283 17 214 77
283 232 406 1
283 114 237 410
283 183 105 1000
283 248 201 169
283 260 1 844
283 120 388 246
283 131 371 501
283 243 307 541
283 156 70 506
283 32 237 144
283 243 118 969
283 286 244 1000
283 192 35 385
283 284 1 597
283 66 157 487
283 290 193 802
283 54 185 754
283 298 180 828
283 259 410 623
283 110 317 1
283 93 179 1000
283 208 488 100
283 68 177 1000
283 14 250 363
283 193 468 401
283 285 1 648
283 47 311 1
283 200 358 390
283 108 500 416
283 101 248 1
283 262 1 563
283 299 284 1
283 77 500 236
283 48 115 875
283 107 325 934
283 76 1 717
283 136 268 393
283 223 500 195
283 38 421 537
283 247 94 519
283 201 500 526
283 214 130 209
283 145 112 827
283 7 337 1
283 299 325 701
283 111 103 1000
283 79 378 243
283 195 135 176
283 77 443 223
283 49 1 831
283 84 95 262
283 119 328 1
283 126 275 101
283 77 200 42
283 244 393 1
283 263 500 179
283 100 302 390
283 82 318 882
283 183 240 980
283 186 413 558
283 256 416 92
284 285 16 590
284 199 1 598
284 139 88 710
284 222 213 917
284 53 414 318
284 56 146 1000
284 15 409 147
284 293 196 863
284 111 72 1000
284 20 140 1000
284 50 1 727
284 24 363 492
284 217 468 94
284 29 1 834
284 290 35 425
284 84 413 320
284 109 277 1
284 140 372 366
284 41 103 464
284 157 206 222
284 137 500 303
284 169 1 801
284 79 139 395
284 248 38 820
284 132 307 274
284 219 43 672
284 229 116 213
284 198 105 1000
284 155 249 842
284 139 250 978
284 156 105 1000
284 145 224 146
284 130 110 592
284 9 280 587
284 109 1 618
284 47 500 276
284 160 284 517
284 134 203 643
284 52 208 545
284 219 126 513
284 291 328 841
284 283 301 49
284 89 220 829
284 194 270 675
284 288 206 299
284 165 1 924
284 1 78 551
284 244 351 1
284 49 390 618
284 202 486 1
284 160 194 109
284 126 280 586
284 94 499 251
284 178 332 774
284 60 283 754
284 220 159 647
284 28 34 469
284 108 328 1
284 63 359 765
284 7 227 844
284 72 38 739
284 173 1 497
284 50 296 470
284 32 152 1000
284 107 500 479
284 32 44 1000
284 232 186 449
284 281 269 136
284 24 111 1000
284 9 70 665
284 72 115 607
284 137 433 157
284 147 388 389
284 161 310 1
284 197 1 847
284 73 1 582
284 266 451 681
284 150 490 428
284 250 22 1000
284 262 233 187
284 99 123 1000
284 223 210 971
284 295 500 390
284 137 226 82
284 217 412 486
284 120 198 1000
284 292 93 801
284 129 187 725
284 70 310 121
284 283 500 163
284 292 256 610
284 66 243 643
284 200 293 324
284 126 169 1000
284 72 2 581
284 77 249 165
284 126 193 881
284 4 299 928
284 67 279 425
284 123 402 259
285 286 14 392
285 177 271 724
285 81 500 484
285 259 500 98
285 228 253 865
285 52 348 555
285 117 500 407
285 68 427 1
285 266 445 525
285 274 283 1000
285 104 439 1
285 258 339 316
285 154 183 75
285 45 99 384
285 232 355 274
285 108 185 248
285 107 248 868
285 74 148 278
285 44 1 776
285 18 71 583
285 196 72 526
285 91 228 328
285 109 398 471
285 94 191 749
285 45 210 310
285 41 179 382
285 284 500 447
285 224 389 5
285 235 367 1
285 253 129 213
285 214 273 692
285 249 1 755
285 199 251 423
285 28 474 523
285 100 322 1
285 0 393 1
285 137 500 526
285 242 430 724
285 53 334 1
285 247 180 578
285 57 259 1
285 199 172 593
285 54 1 753
285 116 270 129
285 250 500 275
285 144 86 862
285 188 239 428
285 106 391 331
285 214 187 649
285 153 205 634
285 245 484 403
285 198 191 200
285 250 443 203
285 207 119 875
285 271 364 47
285 12 113 1000
285 83 90 809
285 141 419 1
285 16 323 48
285 265 500 261
285 46 1 588
285 272 261 331
285 160 201 1000
285 166 263 309
285 126 111 962
285 59 235 775
285 197 249 957
285 220 402 387
285 86 238 920
285 110 39 327
285 33 500 377
285 12 171 395
285 156 140 1000
285 188 154 1000
285 296 275 428
285 211 157 1000
285 157 320 179
285 241 24 921
285 88 175 620
285 234 500 270
285 50 358 321
285 198 496 59
285 49 500 342
285 209 274 1
285 6 284 841
285 142 345 291
285 82 323 857
285 108 407 26
285 49 411 25
285 47 363 423
285 269 230 1000
285 237 120 244
285 42 199 408
285 159 428 244
285 238 460 209
285 164 500 181
285 85 269 304
285 130 239 117
285 260 308 1
285 290 288 457
285 1 352 765
285 111 110 372
285 54 195 213
285 136 316 569
285 177 423 677
286 287 2 742
286 158 347 181
286 176 229 661
286 291 329 896
286 121 500 130
286 19 331 282
286 36 273 185
286 64 500 355
286 58 34 995
286 158 43 470
286 116 287 39
286 201 500 349
286 166 441 602
286 96 282 951
286 96 121 297
286 92 86 478
286 110 340 278
286 37 12 788
286 141 146 643
286 266 324 596
286 61 179 322
286 160 123 578
286 119 151 103
286 81 144 152
286 246 499 123
286 43 237 301
286 292 272 989
286 100 177 1000
286 75 41 362
286 114 326 274
286 112 412 742
286 293 1 768
286 231 420 323
286 148 110 577
286 136 434 265
286 283 272 488
286 208 136 675
286 124 235 867
286 259 383 1
286 171 160 770
286 123 201 558
286 137 172 1000
286 18 1 666
286 180 339 816
286 234 38 915
286 29 117 548
286 222 250 165
286 81 313 266
286 3 323 278
286 23 346 24
286 277 1 846
286 253 1 654
286 19 500 269
286 244 390 478
286 171 12 787
286 83 265 465
286 79 2 680
286 177 227 287
286 273 388 244
286 124 150 578
286 263 194 569
286 285 386 1
286 213 1 880
286 53 235 463
286 184 142 1000
286 32 133 369
286 282 141 850
286 299 179 220
286 156 325 113
286 192 288 635
286 182 19 716
286 274 437 1
286 26 123 423
286 186 1 782
286 175 350 1
286 292 185 410
286 59 213 914
286 145 236 357
286 211 256 1000
286 161 271 590
286 89 403 619
286 288 345 689
286 227 297 1
286 279 242 1000
286 177 325 1
286 1 500 386
286 25 3 973
286 184 451 492
286 201 60 565
286 253 209 340
286 115 1 672
286 141 364 1
286 121 478 477
286 49 421 1
286 192 190 309
286 104 159 660
286 248 453 626
286 223 160 1000
286 55 129 543
287 288 10 954
287 204 421 668
287 214 394 203
287 138 348 568
287 97 343 104
287 141 134 1000
287 76 218 311
287 254 125 822
287 258 261 528
287 50 500 66
287 150 175 285
287 5 289 351
287 21 359 446
287 95 402 556
287 272 460 144
287 232 494 601
287 201 243 612
287 141 307 269
287 284 1 719
287 116 144 1000
287 263 251 456
287 98 500 133
287 118 288 429
287 58 249 702
287 79 495 321
287 70 406 242
287 282 191 29
287 7 49 414
287 147 12 513
287 36 426 1
287 237 354 1
287 147 190 144
287 246 271 575
287 69 1 500
287 129 100 411
287 226 69 585
287 281 314 848
287 274 1 933
287 210 500 297
287 277 384 293
287 135 500 335
287 55 419 574
287 244 100 650
287 131 413 1
287 64 149 192
287 129 337 154
287 244 324 1
287 13 475 130
287 155 393 1
287 202 383 441
287 20 285 16
287 9 240 39
287 216 177 860
287 151 277 487
287 249 334 11
287 199 281 139
287 72 1 739
287 207 500 224
287 260 1 805
287 244 176 1000
287 11 1 458
287 121 355 59
287 96 260 649
287 276 428 332
287 263 286 854
287 57 225 353
287 198 190 1000
287 207 1 656
287 221 500 382
287 56 67 456
287 9 370 216
287 250 87 928
287 184 379 272
287 174 1 608
287 257 20 781
287 120 1 788
287 88 222 738
287 294 321 532
287 89 99 426
287 292 435 418
287 51 452 237
287 129 364 321
287 260 500 170
287 271 414 150
287 134 135 773
287 17 243 1000
287 183 74 967
287 131 500 271
287 39 67 1000
287 259 95 324
287 115 216 976
287 140 288 862
287 297 400 200
287 192 307 1
288 289 10 948
288 147 356 1
288 81 236 149
288 19 226 1000
288 259 459 337
288 119 357 1
288 41 147 771
288 222 111 1000
288 16 194 281
288 279 492 482
288 289 176 301
288 138 104 870
288 151 282 116
288 295 500 475
288 153 256 477
288 90 468 179
288 211 147 893
288 193 427 735
288 252 1 772
288 105 275 65
288 34 14 872
288 162 362 1
288 209 245 654
288 46 50 1000
288 208 38 527
288 283 88 709
288 260 477 293
288 115 243 589
288 148 322 923
288 94 244 731
288 54 500 248
288 7 137 488
288 259 466 581
288 299 28 642
288 204 354 424
288 63 1 744
288 111 176 1000
288 152 392 1
288 242 500 300
288 266 216 475
288 213 1 732
288 176 500 287
288 144 1 749
288 241 68 1000
288 205 178 1000
288 261 40 800
288 29 199 350
288 125 1 754
288 244 323 1
288 229 130 282
288 0 231 913
288 99 1 873
288 139 209 638
288 193 1 637
288 196 5 646
288 244 210 656
288 188 257 805
288 137 164 1000
288 198 396 448
288 282 210 386
288 281 72 795
288 201 500 289
288 81 277 227
288 37 367 129
288 277 194 375
288 197 227 922
288 294 357 586
288 50 319 291
288 241 212 199
288 118 267 1000
288 154 172 175
288 147 117 488
288 27 351 35
288 43 188 1000
288 262 411 394
288 290 12 483
288 179 500 365
288 20 434 1
288 29 388 182
288 69 299 957
288 89 458 241
288 124 228 941
288 172 500 144
288 60 306 547
288 235 500 242
288 245 368 582
288 1 170 1000
288 154 178 439
288 297 39 333
288 4 1 685
288 100 189 222
289 290 14 137
289 259 89 1000
289 173 23 646
289 24 1 539
289 141 107 813
289 85 157 574
289 202 119 1000
289 135 168 1000
289 39 500 178
289 161 326 568
289 219 134 146
289 213 193 383
289 24 207 64
289 293 218 103
289 43 464 1
289 238 150 620
289 173 258 200
289 5 336 476
289 139 1 853
289 231 365 290
289 11 84 796
289 283 1 803
289 277 88 877
289 111 353 565
289 66 170 388
289 159 1 629
289 217 1 881
289 179 500 428
289 288 10 729
289 71 118 1000
289 208 397 599
289 43 1 505
289 136 143 518
289 257 355 265
289 164 182 729
289 82 386 333
289 6 227 825
289 101 306 721
289 103 63 588
289 269 311 143
289 292 81 305
289 114 275 387
289 87 98 588
289 282 291 735
289 206 1 509
289 96 370 407
289 122 500 518
289 160 252 640
289 209 167 740
289 260 482 282
289 117 1 613
289 184 500 515
289 269 150 1000
289 261 50 491
289 76 121 597
289 241 334 1
289 212 1 911
289 264 290 287
289 73 494 314
289 108 318 813
289 58 221 267
289 193 324 523
289 177 134 161
289 220 1 744
289 275 108 843
289 60 415 248
289 207 389 365
289 278 370 388
289 95 373 1
289 90 1 671
289 136 209 875
289 127 160 1000
289 140 244 726
289 200 319 356
289 73 313 1
289 74 500 341
289 82 215 269
289 189 486 493
289 87 18 844
289 142 168 780
289 262 297 725
289 52 355 796
289 242 1 525
289 235 460 117
289 265 382 1
289 201 448 436
289 54 281 446
289 69 1 434
289 111 500 301
289 118 387 1
289 176 421 1
290 291 13 705
290 137 443 1
290 187 261 729
290 80 433 200
290 286 500 230
290 247 480 529
290 139 132 757
290 221 1 730
290 247 500 63
290 228 109 204
290 62 35 1000
290 128 232 572
290 226 149 718
290 247 53 470
290 88 416 674
290 65 310 459
290 124 1 796
290 282 65 956
290 254 133 1000
290 3 382 100
290 100 92 779
290 226 444 1
290 251 34 337
290 61 67 582
290 57 466 212
290 285 176 888
290 152 177 126
290 186 149 555
290 39 128 1000
290 105 379 58
290 118 500 350
290 176 458 1
290 202 300 810
290 241 1 858
290 74 1 659
290 59 204 109
290 37 426 583
290 167 408 602
290 294 134 761
290 14 363 141
290 250 170 361
290 227 133 567
290 188 257 297
290 168 213 28
290 196 326 1
290 219 73 1000
290 10 1 564
290 217 56 768
290 241 500 271
290 229 69 771
290 119 221 342
290 64 470 1
290 75 91 957
290 208 409 766
290 69 1 527
290 257 102 818
290 17 108 532
290 251 105 805
290 299 37 979
290 160 138 881
290 123 500 244
290 177 312 631
290 19 414 23
290 80 239 1
290 24 1 867
290 121 144 1000
290 188 1 604
290 215 195 756
290 36 457 368
290 160 361 486
290 279 424 535
290 154 499 146
290 89 299 722
290 11 369 61
290 119 139 590
290 139 274 617
290 158 425 619
290 19 108 655
290 82 367 731
290 25 289 380
290 142 500 216
290 17 419 387
290 288 500 423
290 75 249 335
290 115 43 1000
290 150 223 1000
290 121 1 627
290 136 45 633
291 292 5 391
291 258 79 1000
291 191 176 400
291 233 211 34
291 231 280 393
291 270 118 1000
291 271 1 714
291 19 21 896
291 232 37 639
291 15 16 644
291 5 147 518
291 164 77 358
291 63 132 983
291 109 200 140
291 222 500 403
291 220 413 374
291 13 475 183
291 235 232 166
291 79 103 965
291 163 238 452
291 242 126 958
291 136 236 184
291 49 277 814
291 293 500 275
291 261 500 287
291 26 1 661
291 151 318 710
291 285 311 273
291 22 41 500
291 36 223 1000
291 146 310 1
291 61 323 319
291 142 199 1000
291 119 405 163
291 201 262 282
291 8 250 419
291 95 164 82
291 258 85 257
291 22 3 637
291 151 311 203
291 162 101 744
291 75 443 465
291 72 183 180
291 171 404 468
291 35 1 640
291 126 237 942
291 261 184 103
291 74 1 830
291 103 184 255
291 112 99 1000
291 169 190 1000
291 131 125 1000
291 142 165 106
291 71 103 756
291 296 174 799
291 61 118 531
291 214 415 511
291 215 393 1
291 290 367 478
291 119 500 405
291 152 500 448
291 114 1 717
291 80 500 399
291 178 272 619
291 105 410 356
291 58 369 205
291 208 1 615
291 279 61 472
291 98 354 90
291 135 156 725
291 48 500 384
291 260 59 850
291 110 113 520
291 19 94 698
291 186 279 560
291 19 422 531
291 5 331 654
291 6 174 955
291 112 419 47
291 140 1 760
291 109 407 1
291 184 500 28
291 287 460 593
291 125 334 1
291 178 350 737
291 176 475 424
291 204 323 1
291 20 465 18
291 207 227 411
291 115 184 517
291 229 308 563
292 293 14 813
292 203 181 276
292 293 230 1
292 182 398 674
292 86 233 1
292 283 270 100
292 162 283 159
292 87 500 262
292 298 256 801
292 255 215 376
292 25 281 99
292 165 1 769
292 256 300 1
292 13 77 515
292 63 245 1000
292 110 387 60
292 61 226 79
292 42 392 3
292 244 457 22
292 282 380 1
292 150 28 960
292 297 139 298
292 103 186 114
292 188 1 658
292 198 375 436
292 276 161 1000
292 233 65 652
292 253 275 490
292 262 500 540
292 51 222 525
292 83 329 14
292 148 500 360
292 130 74 445
292 275 11 879
292 276 160 353
292 168 247 407
292 262 444 291
292 33 59 425
292 204 120 889
292 56 196 1000
292 75 222 947
292 63 1 642
292 220 134 562
292 94 390 1
292 217 426 656
292 218 345 1
292 10 64 991
292 177 248 1000
292 22 1 827
292 261 64 426
292 257 248 914
292 294 337 469
292 276 28 680
292 134 1 901
292 244 278 81
292 222 500 340
292 71 500 421
292 85 218 28
292 205 457 89
292 289 276 695
292 33 207 478
292 196 453 632
292 71 343 484
292 135 500 304
292 167 26 663
292 184 122 727
292 191 142 611
292 22 196 1000
292 291 251 558
292 172 220 724
292 170 339 1
292 173 48 1000
292 51 191 155
292 192 420 153
292 33 20 466
292 205 388 225
292 232 63 1000
292 272 208 454
292 179 179 947
292 252 430 75
292 40 369 205
292 25 251 605
292 124 376 728
292 213 258 237
292 280 302 801
292 205 500 194
292 229 205 535
292 57 460 138
293 294 12 978
293 268 199 980
293 174 185 81
293 12 227 1000
293 69 179 341
293 250 171 717
293 223 122 676
293 271 139 255
293 28 110 651
293 80 219 370
293 72 500 148
293 252 270 614
293 50 478 538
293 258 1 757
293 20 103 618
293 7 4 780
293 201 194 695
293 20 496 476
293 68 1 922
293 244 350 890
293 298 139 640
293 202 69 616
293 262 335 347
293 17 49 581
293 179 425 373
293 203 487 309
293 294 344 229
293 240 311 212
293 253 341 1
293 114 1 827
293 49 338 558
293 68 205 129
293 284 461 200
293 271 70 901
293 148 423 1
293 100 264 944
293 42 45 334
293 142 340 766
293 22 500 270
293 199 60 577
293 247 473 275
293 278 14 484
293 192 374 1
293 253 319 1
293 26 34 661
293 189 413 1
293 86 328 658
293 130 486 130
293 136 342 276
293 260 180 825
293 63 35 475
293 105 212 440
293 118 421 510
293 121 4 837
293 123 89 527
293 184 500 267
293 147 500 71
293 205 467 574
293 178 1 639
293 158 217 459
293 120 159 593
293 103 500 214
293 0 430 27
293 251 324 103
293 192 422 1
293 76 434 260
293 24 500 322
293 275 500 423
293 281 332 632
293 204 283 576
293 30 415 172
293 59 459 8
293 235 36 1000
293 139 374 285
293 127 36 550
293 182 500 270
293 77 194 1000
293 109 500 314
293 117 500 201
293 33 127 343
293 192 500 231
293 289 429 288
293 147 222 885
293 283 72 452
293 14 30 678
293 79 201 336
293 155 120 906
293 180 346 118
293 296 500 285
293 15 120 166
293 62 484 497
293 196 485 566
293 20 275 510
293 278 161 947
293 35 68 460
293 102 400 1
293 15 288 1
293 260 300 921
293 236 317 842
293 14 324 369
293 160 109 686
293 124 100 444
293 82 79 548
293 276 326 331
293 226 1 580
293 168 206 887
293 209 291 1
293 241 363 60
293 265 43 421
293 67 250 1
293 230 1 752
293 245 198 58
293 108 108 666
293 95 37 991
293 57 500 138
293 278 193 876
294 295 8 445
294 16 500 290
294 98 18 644
294 181 297 991
294 223 1 629
294 60 432 474
294 181 18 727
294 151 52 463
294 264 1 482
294 173 149 1000
294 124 122 210
294 15 258 209
294 245 187 247
294 1 272 1
294 240 303 524
294 51 53 773
294 268 42 461
294 271 248 429
294 120 227 1000
294 287 487 378
294 127 255 160
294 237 190 63
294 9 190 583
294 291 468 228
294 101 500 275
294 251 180 343
294 113 243 712
294 57 142 1000
294 112 1 649
294 106 184 1000
294 134 500 255
294 48 321 779
294 246 81 516
294 42 364 441
294 46 260 842
294 191 463 673
294 242 465 298
294 208 232 404
294 178 55 1000
294 153 386 139
294 273 326 339
294 35 347 1
294 269 290 70
294 177 46 1000
294 109 275 831
294 10 119 987
294 256 500 394
294 148 426 535
294 161 363 1
294 206 458 427
294 20 352 665
294 210 500 465
294 200 1 745
294 40 340 743
294 217 1 763
294 65 398 522
294 96 287 654
294 3 1 612
294 275 110 268
294 172 371 671
294 295 1 559
294 23 359 1
294 190 500 309
294 106 275 825
294 280 428 324
294 207 323 1
294 298 194 816
294 136 324 691
294 140 1 847
294 86 165 818
294 228 46 598
294 42 213 400
294 224 454 368
294 245 249 281
294 282 272 1
294 19 248 552
294 156 151 1000
294 259 219 1000
294 179 309 653
294 112 120 977
294 161 414 1
294 158 215 1000
294 236 211 986
294 235 367 741
294 278 500 491
294 3 34 770
294 209 266 137
294 199 80 1000
294 104 224 202
294 160 292 1
294 27 221 355
294 23 1 724
294 158 353 814
294 136 388 72
294 76 421 69
294 68 183 875
294 49 1 675
294 157 418 387
294 84 82 635
294 287 112 1000
294 251 254 172
294 140 146 1000
294 202 346 574
294 65 500 481
294 298 47 486
294 170 1 701
294 239 126 750
294 61 430 5
294 282 1 688
294 3 374 147
294 60 443 685
294 242 328 1
294 129 287 162
294 145 209 1000
294 268 484 484
294 132 383 675
294 190 179 931
294 172 412 192
294 80 163 1000
295 296 10 110
295 246 254 803
295 203 489 537
295 125 262 600
295 78 484 267
295 153 388 1
295 70 380 151
295 102 199 913
295 94 1 720
295 91 393 241
295 71 259 404
295 116 253 128
295 27 352 759
295 228 500 342
295 275 20 933
295 96 141 499
295 179 19 732
295 90 78 838
295 165 453 152
295 125 348 733
295 163 180 729
295 106 500 305
295 43 352 1
295 22 184 161
295 187 1 774
295 103 1 646
295 135 388 392
295 151 201 360
295 67 152 743
295 289 500 264
295 33 222 581
295 163 345 344
295 177 500 338
295 88 494 50
295 48 257 105
295 201 225 1
295 257 98 446
295 191 215 621
295 273 114 459
295 20 269 494
295 296 376 1
295 181 385 1
295 22 412 592
295 84 377 1
295 15 365 1
295 7 500 178
295 22 186 883
295 267 309 557
295 258 429 476
295 139 422 453
295 37 211 691
295 247 409 193
295 278 152 409
295 280 158 724
295 251 103 786
295 96 241 616
295 196 87 659
295 104 240 578
295 189 500 479
295 283 500 346
295 213 311 1
295 111 106 1000
295 49 500 295
295 108 134 724
295 152 108 492
295 65 15 653
295 204 302 1
295 195 327 73
295 103 186 482
295 222 209 156
295 109 277 645
295 20 27 543
295 256 86 575
295 113 233 525
295 122 275 921
295 35 39 607
295 254 1 894
295 39 57 522
295 268 330 183
295 107 43 587
295 204 181 927
295 224 500 267
295 37 243 145
295 123 219 498
295 225 413 145
295 276 1 925
295 144 468 200
295 60 394 289
295 220 171 612
295 89 237 703
295 200 367 1
295 84 240 264
295 229 1 691
295 178 439 1
295 46 220 491
295 142 385 1
295 42 71 877
295 298 148 170
295 122 424 572
295 165 65 592
295 189 122 815
295 46 405 96
295 287 500 258
295 226 148 204
295 220 181 277
295 183 500 292
296 297 9 944
296 216 349 425
296 2 114 678
296 202 1 474
296 98 97 1000
296 159 404 515
296 236 199 496
296 38 211 496
296 28 408 349
296 268 267 415
296 263 499 190
296 59 164 76
296 7 500 287
296 239 266 751
296 105 359 1
296 292 201 581
296 278 149 909
296 130 269 496
296 97 39 358
296 85 345 907
296 44 101 553
296 4 54 501
296 67 253 24
296 48 268 1
296 157 157 672
296 293 412 471
296 299 287 52
296 103 262 912
296 242 235 1
296 260 27 499
296 216 106 1000
296 229 177 502
296 274 33 480
296 106 358 1
296 116 151 867
296 40 191 751
296 103 186 164
296 147 140 857
296 88 426 42
296 173 468 485
296 76 190 341
296 82 225 905
296 182 90 451
296 105 52 329
296 182 280 746
296 200 456 430
296 57 354 1
296 212 346 153
296 75 372 289
296 277 208 1000
296 223 254 1
296 175 197 956
296 185 332 1
296 76 233 173
296 90 109 849
296 90 285 834
296 26 342 1
296 72 439 523
296 38 268 177
296 103 301 286
296 174 109 348
296 11 391 1
296 2 388 1
296 100 354 1
296 1 209 327
296 187 216 317
296 97 213 269
296 285 328 656
296 190 431 1
296 31 246 1000
296 252 1 788
296 294 432 1
296 198 400 757
296 223 312 725
296 28 500 222
296 91 147 492
296 56 107 682
296 212 416 353
296 161 126 942
296 47 149 1000
296 27 344 520
296 129 213 284
296 8 1 848
296 155 495 419
296 60 1 725
296 10 248 760
296 207 42 833
296 110 1 640
296 116 1 707
296 276 405 523
296 192 307 153
296 61 59 1000
296 181 500 135
296 208 311 122
296 189 26 350
296 280 430 32
296 113 317 360
296 295 114 640
296 50 7 841
296 117 334 897
296 198 410 244
296 37 225 1
296 126 160 979
296 104 279 501
296 209 78 1000
296 20 80 615
296 267 313 585
296 106 391 792
296 211 1 469
296 6 353 865
296 165 181 237
296 139 218 76
296 131 440 714
296 68 115 872
296 133 206 7
296 145 500 135
296 110 228 143
296 101 423 1
296 277 440 135
296 203 231 26
297 298 1 155
297 291 378 296
297 152 290 733
297 89 192 136
297 202 1 796
297 139 68 415
297 161 199 966
297 1 454 173
297 16 327 165
297 172 279 901
297 64 1 724
297 1 250 1
297 195 197 1000
297 247 276 613
297 221 222 999
297 170 251 1
297 47 383 503
297 165 75 844
297 2 360 73
297 32 1 601
297 97 417 486
297 239 173 966
297 46 99 1000
297 262 500 470
297 8 500 565
297 102 500 378
297 193 269 521
297 35 1 530
297 240 347 566
297 29 500 428
297 188 313 85
297 45 434 712
297 230 485 126
297 19 422 535
297 180 1 491
297 235 338 342
297 264 493 411
297 124 148 157
297 125 377 494
297 101 117 1000
297 70 500 305
297 127 500 137
297 158 500 261
297 180 1 704
297 275 217 508
297 248 119 228
297 11 217 24
297 160 447 208
297 38 1 586
297 69 67 452
297 166 214 522
297 26 242 465
297 101 218 456
297 213 134 454
297 36 443 303
297 58 284 102
297 92 15 889
297 127 1 724
297 47 188 1000
297 289 480 549
297 166 205 204
297 45 340 560
297 249 326 1
297 107 409 663
297 160 242 661
297 126 446 693
297 20 244 215
297 114 270 474
297 278 205 860
297 91 230 600
297 243 430 251
297 39 85 984
297 87 500 327
297 46 272 566
297 53 189 342
297 128 457 453
297 255 427 81
297 31 372 347
297 65 325 1
297 31 283 1
297 225 183 1000
297 218 350 537
297 117 500 271
297 262 322 1
297 88 148 1000
297 274 500 377
297 246 414 381
297 83 340 511
297 1 286 10
297 241 468 643
297 38 57 754
297 287 240 1000
297 207 363 847
297 232 323 172
297 228 148 427
297 61 257 559
297 138 223 351
297 96 42 682
297 285 191 180
297 112 1 863
297 116 168 245
297 258 149 590
297 17 1 551
297 73 35 358
297 196 1 477
297 0 240 1000
297 138 243 961
297 166 92 422
297 242 416 303
298 299 7 961
298 251 181 746
298 279 242 341
298 206 356 15
298 188 238 51
298 20 218 55
298 210 118 505
298 42 75 917
298 101 257 984
298 256 134 276
298 233 167 174
298 227 198 456
298 152 300 706
298 147 92 1000
298 217 268 729
298 71 179 629
298 135 163 1000
298 219 311 674
298 295 392 1
298 111 75 982
298 124 326 249
298 178 305 970
298 60 396 418
298 2 283 953
298 94 372 1
298 119 156 788
298 125 138 153
298 122 476 552
298 33 478 409
298 246 274 822
298 284 262 412
298 234 500 238
298 78 348 466
298 53 380 1
298 125 1 522
298 20 500 404
298 197 163 707
298 27 500 365
298 144 1 672
298 88 422 568
298 213 382 447
298 6 1 472
298 53 114 623
298 203 1 628
298 166 138 999
298 78 244 888
298 48 1 612
298 114 1 691
298 124 30 407
298 284 361 730
298 201 426 1
298 185 500 528
298 170 372 5
298 240 357 389
298 4 155 601
298 121 192 163
298 166 500 244
298 187 397 648
298 219 76 631
298 167 1 668
298 152 65 696
298 76 191 923
298 71 134 968
298 16 500 323
298 27 284 586
298 231 136 1000
298 198 277 204
298 175 242 621
298 201 1 570
298 4 356 235
298 283 39 340
298 213 383 660
298 60 446 698
298 211 277 1
298 71 500 421
298 247 192 389
298 138 201 780
298 8 76 555
298 64 260 615
298 135 308 813
298 72 63 1000
298 258 14 937
298 62 500 254
298 281 120 175
298 134 322 1
298 125 181 1000
298 246 213 830
298 182 290 1
298 133 1 580
298 286 500 152
298 76 280 704
298 40 1 529
298 186 294 98
298 293 404 252
298 138 265 820
298 33 230 396
298 283 1 710
298 254 500 444
298 219 273 355
299 81 10 1000
299 166 288 1
299 193 440 388
299 105 457 659
299 283 255 1
299 58 266 855
299 190 419 338
299 207 299 497
299 191 365 236
299 108 402 189
299 271 333 670
299 264 500 307
299 271 486 589
299 167 93 851
299 231 426 1
299 17 164 1000
299 261 1 783
299 198 357 586
299 31 164 95
299 225 421 121
299 23 413 319
299 91 173 766
299 107 83 1000
299 59 500 125
299 212 128 666
299 13 41 966
299 109 218 597
299 122 116 1000
299 100 423 1
299 246 422 657
299 267 157 568
299 80 402 419
299 116 140 846
299 80 253 1000
299 186 393 1
299 110 131 1000
299 104 51 452
299 103 1 696
299 198 172 101
299 13 154 223
299 196 110 635
299 19 391 256
299 254 329 173
299 149 154 194
299 159 500 282
299 235 198 337
299 30 394 85
299 16 267 362
299 148 463 348
299 16 121 413
299 88 249 766
299 156 239 21
299 61 326 605
299 167 334 925
299 211 1 661
299 86 90 505
299 218 285 532
299 41 153 724
299 132 118 1000
299 166 337 486
299 123 194 1000
299 139 173 445
299 219 374 1
299 251 297 491
299 24 203 370
299 35 423 363
299 235 1 588
299 89 433 700
299 273 111 741
299 108 491 395
299 118 304 72
299 85 435 353
299 135 153 1000
299 217 1 696
299 298 444 601
299 144 296 941
299 189 352 229
299 88 1 799
299 182 302 317
299 247 407 445
299 231 390 817
299 208 481 312
299 36 353 714
299 168 170 469
299 18 311 1
299 236 135 623
299 126 294 497
299 108 26 710
299 142 374 201
299 15 348 48
299 167 248 260
299 72 239 739
299 34 213 1000
299 234 203 69
299 263 91 1000
299 86 134 393
299 61 500 460
299 146 37 522
299 144 491 18
299 287 500 391
299 275 390 466
299 174 266 954
299 98 317 296
299 207 382 497
299 225 350 41
299 41 65 865
299 189 333 472
299 106 500 340
299 240 464 496
299 76 252 78
299 220 41 1000
299 66 418 513
299 42 409 456
299 178 292 612
299 67 123 1000
299 203 58 463
299 47 1 544
299 163 201 378
299 42 1 755
